Source_Channel,Collab_Channel,Title,Date,URL
대월향,아구이뽀 A924,4명이서 했는데 진사람은 1명뿐인 합방,2020-09-12,https://www.youtube.com/watch?v=nCzmvPFUuUo
대월향,"푸린, 견자희 스튜디오, 공파리파, 쫀득TV, 아구이뽀 A924",어몽어스를 VR로 할 수가 있다고??,2020-11-03,https://www.youtube.com/watch?v=ITxvPpvY0j8
대월향,"아구이뽀 A924, 델로략국, 사모장, 양아지",어..?,2020-11-15,https://www.youtube.com/watch?v=OScsJp0Shn4
파이브,코마,유튜버 초대석 3화 코마,2020-12-21,https://www.youtube.com/watch?v=kCbKKHfgtrk
대월향,양아지,이 아이는 1초후..,2021-01-07,https://www.youtube.com/watch?v=hyl1uNS41IE
에렌디라,핑맨,우리.. 오랜만이네요..! (w.핑맨),2021-02-24,https://www.youtube.com/watch?v=C2t6SKwjQu8
대월향,코시,현실 물리로 당구 치는 VR챗 근황..[이세계투어],2021-03-06,https://www.youtube.com/watch?v=plnAJI-N4Qg
대월향,러끼,러끼님을 다크소울 월드에 던저놨더니 ㅋㅋ [이세계투어],2021-03-29,https://www.youtube.com/watch?v=KA8GNjxMW4o
에렌디라,똘킹,10011101011010099756430024018755584,2021-04-01,https://www.youtube.com/watch?v=KCYxeqzY570
대월향,러끼,공포겜을 힐링겜이라 속이고 몰카하기ㅋㅋ,2021-05-08,https://www.youtube.com/watch?v=5sRyeMVBUyc
대월향,금사향,요즘은 VR세계에서도 알바를 구합니다,2021-05-11,https://www.youtube.com/watch?v=vbCFxXpSF28
대월향,양아지,VR챗 상위호환게임 유명 스트리머에게 보여줬습니다 - 네오스VR,2021-05-21,https://www.youtube.com/watch?v=WxNlGyeowDg
파이브,우융,하픽 SMP에서 가장 어려운 도전 과제 깨기,2021-05-31,https://www.youtube.com/watch?v=aXgCVWTATUs
우융,코마,데자뷰 [코마 SMP 3화],2021-06-14,https://www.youtube.com/watch?v=LToxFA57MRw
에렌디라,"감블러, 꽃핀, 똘킹",깽판 치기 딱 좋은 날씨네! 폭탄머겅~,2021-06-22,https://www.youtube.com/watch?v=frmTNWcJITM
우융,코마,공백의 19일 [코마 SMP 4화],2021-06-23,https://www.youtube.com/watch?v=AgV_bFpxfKk
우융,코마,"""짖어"" [코마 SMP 5화]",2021-06-30,https://www.youtube.com/watch?v=Jt_mCrVdRBQ
에렌디라,"감블러, 탬탬버린, 똘킹, 양아지, 이춘향, 코렛트YouTube",드루와~ 다 드루와!,2021-07-15,https://www.youtube.com/watch?v=GWK4yHWarx0
에렌디라,똘킹,귀신들린 오르골 소리 들어보신 적 있나요?? 지금도 너무 소름끼쳐요;;,2021-07-23,https://www.youtube.com/watch?v=aSmX9fm_PHc
우융,파이브,ㅈ됨을 직감.,2021-09-03,https://www.youtube.com/watch?v=OOV1ObRsaEw
우융,코마,"라마, 날다.",2021-09-26,https://www.youtube.com/watch?v=SAOP4SC8hsw
에렌디라,똘킹,한호흡 챌린지 하다가 주글뻔 했습니다.. 여러분은 어디까지 가능하세요? ‎@ddolking,2021-10-16,https://www.youtube.com/watch?v=Pk2o6TcLlbo
에렌디라,똘킹,3년전 약속한 슈퍼버니맨 드디어 했습니다! 근데 이거 맞아..? @ddolking,2021-10-23,https://www.youtube.com/watch?v=suazzWgbJsA
에렌디라,똘킹,직접 들으니까 달라요! 현실합방 노래방~🎵 @ddolking,2021-10-29,https://www.youtube.com/watch?v=QGLvnL5ljgo
에렌디라,"똘킹, 양아지, 이춘향","오랜만에 다시 뭉쳤당💗 w 양아지, 이춘향, 똘킹",2021-11-05,https://www.youtube.com/watch?v=ZNGvrOrevO4
에렌디라,똘킹,다 내꺼야!,2021-11-20,https://www.youtube.com/watch?v=nNPHeQw4dlk
휘용 Hwiyong,"쫀득TV, Youtube고차비, 꽃핀",야생에서 블록 15만개로 유튜버 집 지어주기,2021-11-25,https://www.youtube.com/watch?v=j3LvZB13fI8
에렌디라,똘킹,아싸 꽁돈~ @ddolking,2021-12-08,https://www.youtube.com/watch?v=-5Io18EFXc0
코시,꽃핀,【코시X포요】 타상연화/쏘아올린 불꽃 (打上花火) 한국어 Cover,2022-01-08,https://www.youtube.com/watch?v=Up-YFjPF8js
에렌디라,꽃핀,회원님~ 한개만 더!!! w꽃핀,2022-01-30,https://www.youtube.com/watch?v=DJvKwL47WlU
MadLife TV,"Wolf, 이춘향",[LOL] 리버스 힐링 캠프 3부 : 협곡에 등장한 춘멘과 매송이,2022-02-12,https://www.youtube.com/watch?v=fksc8ZnNv5w
코시,강지,누구세요 ㅋㅋ,2022-02-13,https://www.youtube.com/watch?v=PebUCgVqALk
에렌디라,꽃핀,계란 주세요~ 계란🥚🍳 w꽃핀,2022-02-19,https://www.youtube.com/watch?v=I0gtog5pL6U
코시,강지,마듀 입문하는 강지한테 나쁜걸 알려줬다..,2022-02-22,https://www.youtube.com/watch?v=mti3a4XO_5o
에렌디라,똘킹,묻고 더블로 가! @ddolking,2022-02-26,https://www.youtube.com/watch?v=9t_0izGRBpc
에렌디라,"똘킹, 왈도쿤","먼저 갑니다~ 하늘나라로~  w왈도쿤,삐부,똘킹",2022-03-10,https://www.youtube.com/watch?v=EV-zqZjvFO8
코시,꽃핀,【코시】 내가 죽으려고 생각한 것은 / 僕が死のうと思ったのは amazarashi (Korean Cover),2022-03-18,https://www.youtube.com/watch?v=SdhBNLMh_jE
에렌디라,"똘킹, 왈도쿤","고인물만 남은 게임ㅠ w왈도쿤,삐부,똘킹",2022-03-19,https://www.youtube.com/watch?v=DEXqZGpYFZA
에렌디라,똘킹,경력직 신입 등장이오~,2022-03-24,https://www.youtube.com/watch?v=Qwfgi_M5I-Y
에렌디라,똘킹,도대체 뭘 그린거야ㅋㅋㅋㅋ,2022-03-28,https://www.youtube.com/watch?v=qpIs4wREE40
코마,우융,나무위키에 나와있는 대로 게임하기,2022-05-27,https://www.youtube.com/watch?v=hRdBBsdI8Qg
코마,"파이브, 우융",휴일에 할거 없는 이들의 약탈섭 찍먹,2022-06-01,https://www.youtube.com/watch?v=_zZMb36KGJE
코마,"파이브, 우융",새로운 시작,2022-06-13,https://www.youtube.com/watch?v=gjvR6v19IbI
코마,"파이브, 우융",고대도시 탐험기,2022-06-17,https://www.youtube.com/watch?v=rSDUGryKpnw
우융,파이브,오싹오싹 1.19,2022-06-17,https://www.youtube.com/watch?v=DJ5O8X83_nM
각별,공룡,다른 차원에서 공룡 죽이기,2022-06-30,https://www.youtube.com/watch?v=pn71cekr3BY
코마,"파이브, 우융",알레이 납치 작전,2022-07-01,https://www.youtube.com/watch?v=5APNGripqr8
코마,"파이브, 우융",야생에서 TNT런,2022-07-07,https://www.youtube.com/watch?v=lSOpl3_W8Tk
코마,"파이브, 우융",대혼돈의 집들이,2022-07-19,https://www.youtube.com/watch?v=GFwq-wmldWU
코마,"파이브, 우융",발전과제 올클리어,2022-07-26,https://www.youtube.com/watch?v=8XDLvloVCIs
코마,"파이브, 우융",마크무스메,2022-08-01,https://www.youtube.com/watch?v=RAJppneA0Ks
코마,"파이브, 우융",모든 물고기 수집하기,2022-08-08,https://www.youtube.com/watch?v=jnJaVrZX2c4
각별,공룡,공룡아 아이템 잠깐만 쓰고 잠뜰이한테 돌려줄게 ㅎㅎ,2022-08-10,https://www.youtube.com/watch?v=wxSkGMtfhFg
코마,"파이브, 우융",신문물 이용한 지하기지 만들기,2022-08-10,https://www.youtube.com/watch?v=AfEsa9AG6ZI
코마,"파이브, 우융",배고픔 앞에 장사 없다,2022-08-14,https://www.youtube.com/watch?v=rujqxUkS8_4
파이브,코마,코마집 특대화 시키기 {1.19 SMP 7화},2022-08-18,https://www.youtube.com/watch?v=tlaJ4C40bic
각별,코마,코마서버에 좋은거 만들어주기,2022-08-20,https://www.youtube.com/watch?v=RVQG78ty5S4
코마,"파이브, 우융",태극기 만들어서 게양하기,2022-08-20,https://www.youtube.com/watch?v=nZtGa84ERI8
코시,강지,목숨걸고(?) 폴가이즈,2022-08-20,https://www.youtube.com/watch?v=siILRXklRaI
코마,"파이브, 우융",법치주의 야생 서버,2022-08-27,https://www.youtube.com/watch?v=e9ADh3SkxVs
코마,"파이브, 우융",야생에서 배드워즈,2022-09-02,https://www.youtube.com/watch?v=qLmPjSA22lw
코마,"파이브, 우융",소원을 이뤄주는 분수,2022-09-09,https://www.youtube.com/watch?v=lRCq8vdWiLs
공룡,코마,코마야 나도 너 서버 놀러왔어,2022-09-16,https://www.youtube.com/watch?v=1yTBGrxa4Ho
공룡,코마,코마야 집들이 선물도 가지고 왔어,2022-09-23,https://www.youtube.com/watch?v=fhYjIM2_bXs
각별,코마,코마서버에 나쁜거 만들어주기,2022-09-23,https://www.youtube.com/watch?v=pgdNU0vOmW8
코마,"파이브, 우융",저 꽃은 사람을 찢어,2022-09-23,https://www.youtube.com/watch?v=RK2tGAZcJvs
코마,"파이브, 우융",뒤틀린 황천의 동물원,2022-09-30,https://www.youtube.com/watch?v=6xubuhaVdic
윤이샘,임나은,🔥 제로투 & 코카인을 췄던 바로 그 메이드복 합방 🔥,2022-10-02,https://www.youtube.com/watch?v=hhF1mJMyKfE
윤이샘,YouTube지누,지누님죄송합니다지누님죄송합니다지누님죄송합니다지누님죄송합니다지누님죄송합니다지누님죄송합니다지누님죄송합니다지누님죄송합니다,2022-10-06,https://www.youtube.com/watch?v=Bf5KxL3yxSg
코마,"파이브, 우융",하드코어 - 시작,2022-10-07,https://www.youtube.com/watch?v=t3K3iXz-NYY
각별,코마,코마서버 아카이누,2022-10-09,https://www.youtube.com/watch?v=1xI9HnueJL4
우융,"코마, 파이브",하드코어 범죄자 집단,2022-10-09,https://www.youtube.com/watch?v=EPRpqBYSpYg
코마,"파이브, 우융",하드코어 - 엔드,2022-10-14,https://www.youtube.com/watch?v=3TLIge2Qsfo
코마,"파이브, 우융",하드코어 - 부활,2022-10-21,https://www.youtube.com/watch?v=zsIFVVuYKCA
코마,"파이브, 우융",하드코어 - 절망,2022-10-28,https://www.youtube.com/watch?v=F9my2e8Eoo0
코마,"파이브, 우융",하드코어 - 여담,2022-11-06,https://www.youtube.com/watch?v=zHT68cA7nRo
에렌디라,꽃핀,둘이 합쳐 아이큐 300의 퍼즐게임 #1,2022-11-08,https://www.youtube.com/watch?v=A5XuA-eQF3k
파이브,플래그,동물원에 '새' 친구 데려오기 {1.19 SMP 9화},2022-11-10,https://www.youtube.com/watch?v=DiMoKb3ApWs
코마,"파이브, 우융",멋진 성문을 꿈꿨던 이야기,2022-11-11,https://www.youtube.com/watch?v=9Z6jiNec-yU
파이브,각별,뭐야 내 오션뷰 돌려줘요 {1.19 SMP 10화},2022-11-12,https://www.youtube.com/watch?v=2Ln1Qh06T1U
에렌디라,꽃핀,둘이 합쳐 아이큐 300의 퍼즐게임 #2,2022-11-15,https://www.youtube.com/watch?v=BUsURLIO7wE
코마,"파이브, 우융",멸망의 날 l 아포칼립스 EP.1,2022-11-23,https://www.youtube.com/watch?v=_pqICXdZN2Y
코마,"파이브, 우융",학벌주의 야생 서버,2022-12-16,https://www.youtube.com/watch?v=r8s-cOe5U7E
공룡,잠뜰 TV,진짜 안 팔리면 어떡하지,2023-01-10,https://www.youtube.com/watch?v=weMCfyNb7ZU
에렌디라,똘킹,내가 해봤는데 진짜 하나도 '안'무섭다니까요? w똘킹 - 파스모포비아#1,2023-02-12,https://www.youtube.com/watch?v=fnoAMGs-D2Y
에렌디라,똘킹,귀신한테 욕하면 안 되는 이유 w똘킹 - 파스모포비아#2,2023-03-19,https://www.youtube.com/watch?v=VD_24m_4JNg
우융,코마,이솝우화 듀오,2023-03-19,https://www.youtube.com/watch?v=137IaYtk3KA
플래그,우융,개 500 마리 데리고 전쟁 나가기 EP.4,2023-03-23,https://www.youtube.com/watch?v=7MTTMTzKJK8
공룡,각별,쓰레기들끼리 하는 서버 | EP.0,2023-04-23,https://www.youtube.com/watch?v=IGFrcc2WmGk
공룡,"코마, 각별",쓰레기촌에서 기지 건설하기 | EP.1,2023-04-30,https://www.youtube.com/watch?v=yVXduYLyT08
우융,"코마, 각별, 공룡",누가 나를 불렀는가,2023-05-01,https://www.youtube.com/watch?v=m_bBXd1SRjI
공룡,"코마, 각별",쓰레기로 만든 로켓 발사하기 | EP.2,2023-05-07,https://www.youtube.com/watch?v=0Su62VPQ2MY
플래그,공룡,공룡님 만나고 왔습니다,2023-05-09,https://www.youtube.com/watch?v=LcALDT5fyW8
공룡,"코마, 각별",쓰레기로 만든 비행선으로 기지 탐사 | EP.3,2023-05-14,https://www.youtube.com/watch?v=-eGt5zgrxeU
각별,잠뜰 TV,수사학의 별,2023-05-19,https://www.youtube.com/watch?v=pJ5WlmKHJG4
파이브,각별,헤헤 서버 최초 10강 삼지창,2023-05-19,https://www.youtube.com/watch?v=DTsJjolxR5E
공룡,"코마, 각별",쓰레기로 만든 최강의 덫 | EP.4,2023-05-21,https://www.youtube.com/watch?v=iPyrmBH4eCY
우융,코마,코마항공 추락사고,2023-05-28,https://www.youtube.com/watch?v=qDO0iIO5b0Y
공룡,"코마, 각별",쓰레기로 만든 무적의 로봇 출격 | EP.end,2023-05-28,https://www.youtube.com/watch?v=6VcMRzM7ltQ
파이브,공룡,헤헤 공룡님 기지 발견,2023-06-02,https://www.youtube.com/watch?v=qPVinqMHBEU
각별,코마,뒤끝쩌는 각별서버,2023-06-04,https://www.youtube.com/watch?v=bhamSM_VCx8
코마,"파이브, 우융",1.19 SMP 마지막 날,2023-06-09,https://www.youtube.com/watch?v=bCk2KwqNZ4o
우융,코마,셜커상점 건축,2023-07-02,https://www.youtube.com/watch?v=f5hOnLGwgwQ
윤이샘,설백,설백누나... 그런 취향이였어?♥ (⸝⸝⸝´ᵕ ก̀⸝⸝⸝) [에샘알 1편],2023-07-02,https://www.youtube.com/watch?v=fOT6w1IlYEU
우융,코마,99% 확률로 네더라이트 풀 세트를 맞춥니다.,2023-07-10,https://www.youtube.com/watch?v=jZpLEfd6k-w
파이브,코마,코마가 애를 낳으면 어떻게 될까?,2023-07-22,https://www.youtube.com/watch?v=yO1V4uomfY0
코마,"공룡, 파이브, 플래그, 우융",쫓고 쫓기는 서바이벌 생존게임,2023-08-09,https://www.youtube.com/watch?v=Y92NWM90d24
우융,코마,인간은 원래 꼬리가 있었다,2023-08-14,https://www.youtube.com/watch?v=hTvnaWQdI0I
플래그,파이브,'ㅇ' 을 말하면 죽습니다!,2023-09-28,https://www.youtube.com/watch?v=aPoXz-9TRR8
코마,"파이브, 플래그, 우융",돌아온 서바이벌 생존게임,2023-10-05,https://www.youtube.com/watch?v=vPHqwFafuVk
아야 AyaUke,허니츄러스 HoneyChurros,🎉7K!!! Thank You!!!!🎉 Marshall Maximizer!,2023-10-05,https://www.youtube.com/watch?v=UbnuoyBhBFA
아야 AyaUke,허니츄러스 HoneyChurros,랜덤 룰렛에 걸리는 대로 노래 불러보기!,2023-10-09,https://www.youtube.com/watch?v=galXevEnb_Q
플래그,코마,100마리 넘는 코마들과 숨막히는 추격전,2023-10-20,https://www.youtube.com/watch?v=xt5L-DfrMTQ
공룡,"코마, 각별",죽으면 템 다 잃어버리는 극한의 난이도 게임,2023-11-24,https://www.youtube.com/watch?v=zd8uymJvlaM
윤이샘,밍모,오버워치 스트리머 대회에서 개구리하던 그 녀석 🐸,2023-11-24,https://www.youtube.com/watch?v=t8qeTMDSoYc
이비온,꼬예유 & 한예찬의 게임저장소,불가능,2023-11-25,https://www.youtube.com/watch?v=_JSl2ANm2J0
아야 AyaUke,허니츄러스 HoneyChurros,【AyaUke】 INSANE - Black Gryph0n & Baasik,2023-11-28,https://www.youtube.com/watch?v=Gw7h70ZhUOQ
아야 AyaUke,허니츄러스 HoneyChurros,【AyaUke】 YOASOBI - 勇者,2023-12-01,https://www.youtube.com/watch?v=e1COJVwAniA
아야 AyaUke,허니츄러스 HoneyChurros,I'm dancing everywhere,2023-12-13,https://www.youtube.com/watch?v=blYu5dI_kAM
윤이샘,망개,후...하...후...하... 꽤나 열심히 숨 쉬고있는데...,2023-12-17,https://www.youtube.com/watch?v=hlD0bDUR6nY
코마,"잠뜰 TV, 공룡, 파이브, 플래그, 우융",광고비를 갖고 튀어라!,2023-12-17,https://www.youtube.com/watch?v=pVD9w4V3G5E
MadLife TV,캡틴잭,[LOL] 원조 자석맨과 오랜만에 복귀한 리그오브레전드,2023-12-18,https://www.youtube.com/watch?v=mH1NIrMlwuM
아야 AyaUke,허니츄러스 HoneyChurros,PADORU PADORU~☃❄,2023-12-18,https://www.youtube.com/watch?v=FoMLlq3lFaw
콩콩이다,"양띵 유튜브, 삼식, 서넹, 후추, 다주",😱주인분이 버린 60만크리스탈을 써봤더니.. 역대급 초대박 반전이 일어났습니다ㅋㅋㅋㅋ - [ 쿠키런 킹덤 ],2023-12-24,https://www.youtube.com/watch?v=DmgOxuxGk2M
콩콩이다,"양띵 유튜브, 삼식, 서넹, 후추, 다주",백혈병 걸리신 환자 주인분... 대리뽑기를 다시 신청하다!? 특별한 사연까지 가져오셨네요!!! - [ 쿠키런 킹덤 ],2023-12-25,https://www.youtube.com/watch?v=uT5OT6AdQjQ
초승달,"소니쇼게임방송, 짬타수아",QnA 영상 준비해봤습니다.,2023-12-31,https://www.youtube.com/watch?v=N00RLH3G5iw
콩콩이다,"양띵 유튜브, 삼식, 서넹, 후추, 다주",😒남자친구 계정좀 X망하게 해달라는 여자친구분;; 35만 크리스탈 갖다 버려달라고 하시네요..;;;- [ 쿠키런 킹덤 ],2024-01-02,https://www.youtube.com/watch?v=4O4aAV6B5kQ
콩콩이다,"양띵 유튜브, 삼식, 서넹, 후추, 다주",진짜 환자분께서.. 아픈걸 낫게해달래서 전설 XX개 뽑아서 주작치료 했습니다^^ㅋㅋㅋ - [ 쿠키런 킹덤 ],2024-01-03,https://www.youtube.com/watch?v=RuQiwzQd-e0
콩콩이다,"양띵 유튜브, 삼식, 서넹, 후추, 다주",현재 난리난 의적맛 쿠키 뽑기버그;; XXX맛 쿠키가 폭발적으로 뽑히는 버그가있다는데요???? - [ 쿠키런 킹덤 ],2024-01-05,https://www.youtube.com/watch?v=cMG90eyWSpE
망개,꽃핀,남친이 생기면 뿔이 뿌러지는 버튜버...,2024-01-06,https://www.youtube.com/watch?v=rfKwzBYDZqw
감블러,이춘향,이춘향은 거기 살아,2024-01-06,https://www.youtube.com/watch?v=LJesv3QuPuU
콩콩이다,"양띵 유튜브, 삼식, 서넹, 후추, 다주",역대급 버그 터졌다;;; 골드치즈 2연속 부활버그!? 0티어를 뛰어넘는 개사기가 되는건가???? - [ 쿠키런 킹덤 ],2024-01-06,https://www.youtube.com/watch?v=lY9WfGRt8H4
콩콩이다,"양띵 유튜브, 삼식, 서넹, 후추, 다주",현재 난리난 신규 마법사탕의 X친 성능;; '이것'만 만들면 나머진 필요없습니다ㄷㄷ;;;  - [ 쿠키런 킹덤 ],2024-01-07,https://www.youtube.com/watch?v=QmbHPMW5GK0
코마,"각별, 공룡",1년만에 개봉하는 타임캡슐,2024-01-10,https://www.youtube.com/watch?v=2WFKDLtuZzg
콩콩이다,"양띵 유튜브, 삼식, 서넹, 후추, 다주",😱의적맛 쿠키 확률논란에.. 45만 크리스탈 대리뽑기로 검증해봤습니다.. X친 결과물 등장;;;; - [ 쿠키런 킹덤 ],2024-01-10,https://www.youtube.com/watch?v=dx2Cub5XO9E
감블러,코렛트YouTube,ㅋㅋ어딜 코렛트 이녀석,2024-01-10,https://www.youtube.com/watch?v=wZkYkmUUb5I
각별,공룡,아이폰 15 프로 맥스 1TB를 사주신다구요 공룡님?!,2024-01-10,https://www.youtube.com/watch?v=f-v47BrDsno
공룡,코마,코마야 이건 타임캡슐이 아닌데?,2024-01-10,https://www.youtube.com/watch?v=cY3v5CgJ4Q4
콩콩이다,"양띵 유튜브, 삼식, 서넹, 후추, 다주",😲퓨어바닐라 말고 다른전설 필요없다구요??;; 진짜 X친 주인분이 등장했습니다;;;; - [ 쿠키런 킹덤 ],2024-01-11,https://www.youtube.com/watch?v=rq0i6GIA670
콩콩이다,"양띵 유튜브, 삼식, 서넹, 후추, 다주",✨신규쿠키만 9종이 유출됐다고!? 전설쿠키만 6개가 유출된 레전드 업데이트.. 리뷰갑니다;; - [ 쿠키런 킹덤 ],2024-01-13,https://www.youtube.com/watch?v=ZdJimrdetRI
콩콩이다,"양띵 유튜브, 삼식, 서넹, 후추, 다주",*역대급 축계등장* 전설 6연속으로 뽑는 레전드 주인분... 역대급 축계라는데... 실화인가요???? - [ 쿠키런 킹덤 ],2024-01-14,https://www.youtube.com/watch?v=67Ynl2IrlNU
초승달,"소니쇼게임방송, 짬타수아",삿포로 겨울여행 vlog,2024-01-16,https://www.youtube.com/watch?v=rQ-8Lex7U-k
MadLife TV,류제홍 RYUJEHONG,"[LOL] RULE THE RIFT, 연승전 챌린지",2024-01-17,https://www.youtube.com/watch?v=4qvmIZDMQJk
콩콩이다,"양띵 유튜브, 삼식, 서넹, 후추, 다주",*실제상황* 크리스탈대비 3배이득... 이게 맞나요? 전설XX개 뽑고 모두가놀란 레전드... - [ 쿠키런 킹덤 ],2024-01-17,https://www.youtube.com/watch?v=6NfJxa0-raw
콩콩이다,"양띵 유튜브, 삼식, 서넹, 후추, 다주",🌼세인트릴리 업데이트 대공개!! +쉐도우밀크 쿠키의 추가 등장까지!? 분석해봤습니다!! - [ 쿠키런 킹덤 ],2024-01-18,https://www.youtube.com/watch?v=DWmim9U5WwE
콩콩이다,"양띵 유튜브, 삼식, 서넹, 후추, 다주",🌼세인트릴리 보자마자 40만원 현질했습니다.. 마지막 에인션트 등장...뽑으러가즈아!!!!!! - [ 쿠키런 킹덤 ],2024-01-20,https://www.youtube.com/watch?v=BpKTqhvybQg
콩콩이다,"양띵 유튜브, 삼식, 서넹, 후추, 다주",✨초고퀄 신규전설스킨 2종 등장!! 세인트릴리 + 퓨어바닐라 전설스킨 싹다 뽑았습니다!!!! - [ 쿠키런 킹덤 ],2024-01-21,https://www.youtube.com/watch?v=7QemMsns0u4
아야 AyaUke,"허니츄러스 HoneyChurros, 담유이 DamYui, 디디디용 DDDDragon, 오화요 Ohwayo, 망내 MangNae",아야 AyaUke 데뷔합니다!!! 【HONEYZ DEBUT】,2024-01-21,https://www.youtube.com/watch?v=W_IGeK3M34E
플래그,공룡,공룡님을 1주일 키워보았다,2024-01-21,https://www.youtube.com/watch?v=oZvjpuTw_F4
콩콩이다,"양띵 유튜브, 삼식, 서넹, 후추, 다주",😱현재 난리난 세인트릴리의 성능... 미친딜량+미친힐량 이게 맞나요 님들?;;;; - [ 쿠키런 킹덤 ],2024-01-23,https://www.youtube.com/watch?v=Z1nkrIN6kNk
콩콩이다,"양띵 유튜브, 삼식, 서넹, 후추, 다주",잠들어버린 세인트릴리 쿠키를 구하라!? 봉인풀린 쉐도우밀크 쿠키까지... 세인트릴리 쿠키 스토리  - [ 쿠키런 킹덤 ],2024-01-26,https://www.youtube.com/watch?v=VlYE_IdWHdY
아야 AyaUke,Bang,Bling-Bang-Bang-Born Cover,2024-01-27,https://www.youtube.com/watch?v=z5GB3CUnVSQ
콩콩이다,"양띵 유튜브, 삼식, 서넹, 후추, 다주",*첫 세인트릴리 대리뽑기!!* 44만개로 세인트릴리 인생을 걸어버리신 주인분 등장 ㄷㄷ;; - [ 쿠키런 킹덤 ],2024-01-29,https://www.youtube.com/watch?v=q5OOUja1gzM
콩콩이다,"양띵 유튜브, 삼식, 서넹, 후추, 다주",😨무과금에 세인트릴리를 3마리나 뽑았다고!? 이 운빨이 진짜 말이되나요?????? - [ 쿠키런 킹덤 ],2024-02-03,https://www.youtube.com/watch?v=ApWCBroGRMc
망개,"실프, 임나은, 금사향",오빠 앞에서 트월킹 추는 여동생들...,2024-02-03,https://www.youtube.com/watch?v=mULsE_Q_Meg
콩콩이다,"양띵 유튜브, 삼식, 서넹, 후추, 다주",*핵운빨유저* 결국 무과금으로 X마리 뽑았습니다.. 세인트릴리 XX만개로 주작해버리기;;;; - [ 쿠키런 킹덤 ],2024-02-04,https://www.youtube.com/watch?v=PH8iDo0-Akw
콩콩이다,"양띵 유튜브, 삼식, 서넹, 후추, 다주",🤑핵과금유저 120만원 현질해서 세인트릴리만 XX마리 뽑으신 주인분 ㄷㄷ;; 과연 얼마나나올까? - [ 쿠키런 킹덤 ],2024-02-06,https://www.youtube.com/watch?v=hu56Nppf-RY
콩콩이다,"양띵 유튜브, 삼식, 서넹, 후추, 다주",⚔수은기사 뽑을라고 40만원 현질박았다!! 세인트릴리 멸망전까지.. 달려보자!!!!! - [ 쿠키런 킹덤 ],2024-02-09,https://www.youtube.com/watch?v=fMuqcuwxBSM
감블러,탬탬버린,나 탬탬버린 79개월 구독자인데,2024-02-11,https://www.youtube.com/watch?v=8KIffeyi-X4
콩콩이다,"양띵 유튜브, 삼식, 서넹, 후추, 다주",😭역대급 X레기 수은기사의 성능.. 출시하자마자 장례식 열었습니다... - [ 쿠키런 킹덤 ],2024-02-11,https://www.youtube.com/watch?v=Tuew2QFrwiU
콩콩이다,"양띵 유튜브, 삼식, 서넹, 후추, 다주",😨아직도 골드치즈+세인트릴리 쿠키가 없다구요?? 심각한 계정 접속해봤습니다 ㄷㄷ;; - [ 쿠키런 킹덤 ],2024-02-12,https://www.youtube.com/watch?v=16BQjGti2P4
감블러,이춘향,젠장 또 이춘향이야,2024-02-14,https://www.youtube.com/watch?v=K9HJ8860DGU
아야 AyaUke,"허니츄러스 HoneyChurros, 담유이 DamYui, 디디디용 DDDDragon, 오화요 Ohwayo, 망내 MangNae",【AyaUke】 IU - Love wins all,2024-02-17,https://www.youtube.com/watch?v=qVXqBymQJsA
콩콩이다,"양띵 유튜브, 삼식, 서넹, 후추, 다주",😱똥통계정좀 제발 살려달라고 XX만 크리스탈 가져오신 주인분... 도대체 무슨사연일까요?ㄷㄷ;; - [ 쿠키런 킹덤 ],2024-02-18,https://www.youtube.com/watch?v=TxveevjDzRU
망개,"감블러, 김뿡",망창났네,2024-02-22,https://www.youtube.com/watch?v=XJ-gOay33Rs
콩콩이다,"양띵 유튜브, 삼식, 서넹, 후추, 다주",무과금유저에게 핵운빨 레전드가 터졌습니다.. 전설만XX개에 세릴 골치 코랄까지...???? - [ 쿠키런 킹덤 ],2024-02-25,https://www.youtube.com/watch?v=39_FFm8qYl8
감블러,코렛트YouTube,한국 대표로 지구 지키기 #shorts,2024-02-27,https://www.youtube.com/watch?v=Tvx3PrQtLXg
콩콩이다,"양띵 유튜브, 삼식, 서넹, 후추, 다주",*실제상황* 진짜 계정을 버리고가신 주인분.. 35만 크리스탈 어떻게 해야할까요..???? - [ 쿠키런 킹덤 ],2024-02-27,https://www.youtube.com/watch?v=bPvcNTV5qVQ
중력유튜브,"너불, 핑맨",얼굴낙서 #화정,2024-02-29,https://www.youtube.com/watch?v=l3xjC5uw1CI
콩콩이다,"양띵 유튜브, 삼식, 서넹, 후추, 다주",*신규전설* 요정왕 쿠키 출시했다길래... 40만원 현질 또 박아봤습니다^^ 이번엔 제발 주세요😭 - [ 쿠키런 킹덤 ],2024-02-29,https://www.youtube.com/watch?v=C6zV8Jx8b0k
중력유튜브,"너불, 핑맨",순수한 형 #악어의놀이터 #루태,2024-03-01,https://www.youtube.com/watch?v=zdeKbtVPxTk
콩콩이다,"양띵 유튜브, 삼식, 서넹, 후추, 다주",*이제 탱커는 요정왕 쿠키 쓰면됩니다* 고인물 100%가 놀란 X친 탱커가 등장했습니다;; - [ 쿠키런 킹덤 ],2024-03-01,https://www.youtube.com/watch?v=HDnnAMUSWDM
콩콩이다,"양띵 유튜브, 삼식, 서넹, 후추, 다주",😱요정왕도 골드치즈도 없는 똥망계정;; 실화인가요? 급하게 살려보겠습니다ㅋㅋㅋㅋ - [ 쿠키런 킹덤 ],2024-03-02,https://www.youtube.com/watch?v=7cg-8mDI7Jc
중력유튜브,"너불, 핑맨",청룡의 주인,2024-03-02,https://www.youtube.com/watch?v=KFxhSBw0WdA
중력유튜브,"강지, 너불, 핑맨",호랑이 #악어의놀이터 #침착맨 #강지,2024-03-02,https://www.youtube.com/watch?v=bzfuvilwsUk
중력유튜브,"너불, 핑맨, 러너",뉴비 조롱 #악어의놀이터 #러너,2024-03-03,https://www.youtube.com/watch?v=_Bkif_tBZy0
중력유튜브,"너불, 핑맨",여자는 못 푸는 문제,2024-03-04,https://www.youtube.com/watch?v=A9sR5feV3_U
중력유튜브,"너불, 핑맨",클럽,2024-03-05,https://www.youtube.com/watch?v=UdeXmTBEaNI
중력유튜브,"너불, 핑맨",생선구이 티어,2024-03-05,https://www.youtube.com/watch?v=xhZsXF9Yj-g
콩콩이다,"양띵 유튜브, 삼식, 서넹, 후추, 다주","*자기계정을 꼭 망쳐달라는 주인분!?* 요정왕,세릴은 절대 뽑지말라구요..??대체왜.... - [ 쿠키런 킹덤 ]",2024-03-06,https://www.youtube.com/watch?v=D3-ZfIBk4cE
만득유튜브,핑맨,만득 팬카페가 안 만들어지면 핑맨 팬카페다.,2024-03-06,https://www.youtube.com/watch?v=6Pzks4qdz0I
쁘허,태경 TV,나는.. 해커다! 【쁘허】,2024-03-07,https://www.youtube.com/watch?v=R_Arj0Vc1Os
중력유튜브,"너불, 핑맨",여자들의 기싸움,2024-03-08,https://www.youtube.com/watch?v=_uIgUs7dFoE
중력유튜브,"너불, 핑맨",흥정 #악어의놀이터 #악어 #멋사,2024-03-08,https://www.youtube.com/watch?v=Mvs6CahIiP4
중력유튜브,"너불, 핑맨",첫 부왕,2024-03-09,https://www.youtube.com/watch?v=xeTnT9PiRio
콩콩이다,"양띵 유튜브, 삼식, 서넹, 후추, 다주",🔥1년만에 복귀해서 49만 크리스탈을 뽑았더니.. *전설만 XX개* 뽑아버렸습니다..🔥  - [ 쿠키런 킹덤 ],2024-03-09,https://www.youtube.com/watch?v=54OzBEdh1Ig
콩콩이다,"양띵 유튜브, 삼식, 서넹, 후추, 다주",😱역대급 X망 저주를받은 계정에 41만 크리스탈을 사용했더니 충격적인 결과가 나왔습니다... - [ 쿠키런 킹덤 ],2024-03-12,https://www.youtube.com/watch?v=ukR1xk0S_04
망개,"실프, 금사향",띵타이쿤 옆집 관음범...,2024-03-12,https://www.youtube.com/watch?v=SflKaj4XAmM
중력유튜브,"너불, 핑맨, 후추",애완남 #악어의놀이터 #칸나 #후추,2024-03-12,https://www.youtube.com/watch?v=xrDZADsmn4o
콩콩이다,"양띵 유튜브, 삼식, 서넹, 후추, 다주",😆😆버터롤맛 쿠키 업데이트!? 또다시 20만원 현질 또 박았습니다 이번엔 제발!! - [ 쿠키런 킹덤 ],2024-03-14,https://www.youtube.com/watch?v=xGeW9048Chw
중력유튜브,"너불, 핑맨",물자두,2024-03-14,https://www.youtube.com/watch?v=os6xrgk8A74
콩콩이다,"양띵 유튜브, 삼식, 서넹, 후추, 다주",🔥버터롤맛 업데이트에 쿠키런 킹덤 유저들이 화가난이유..🔥 - [ 쿠키런 킹덤 ],2024-03-15,https://www.youtube.com/watch?v=VpfrXi9FDxg
콩콩이다,"양띵 유튜브, 삼식, 서넹, 후추, 다주",😱0티어 전설이 마구마구 나오는 계정 발견.. 48만개로 도대체 몇개를 뽑아버린거야.;;;; - [ 쿠키런 킹덤 ],2024-03-16,https://www.youtube.com/watch?v=TKUbKpZ5DFg
콩콩이다,"양띵 유튜브, 삼식, 서넹, 후추, 다주","💎100만개로 요정왕,골치,세릴 싹다 털어봤습니다ㅋㅋ 전설만 XX개 뽑아버렸음;; - [ 쿠키런 킹덤 ]",2024-03-17,https://www.youtube.com/watch?v=M37nZusK6gc
중력유튜브,"너불, 핑맨",서비스 #악어의놀이터 #유니,2024-03-18,https://www.youtube.com/watch?v=D-pCoX_3sNQ
중력유튜브,"너불, 핑맨",태교,2024-03-18,https://www.youtube.com/watch?v=ZOJo4TyEqh8
중력유튜브,"너불, 핑맨",치장 아이템 #악어의놀이터 #핑맨,2024-03-21,https://www.youtube.com/watch?v=salK1ACY508
쁘허,태경 TV,뽀뽀에 반응이 없어?? 【쁘허】,2024-03-21,https://www.youtube.com/watch?v=bjWCi8g6rC0
쁘허,태경 TV,자는 남친 얼굴 보기♥ 【쁘허】,2024-03-26,https://www.youtube.com/watch?v=Y94iAANxZWg
쁘허,태경 TV,다른 여자에게 고백을 하러 간다고?!! 【쁘허】,2024-03-28,https://www.youtube.com/watch?v=zSPWQOzc8c4
콩콩이다,"양띵 유튜브, 삼식, 서넹, 후추, 다주",🔥현재 역대급 이뻐서 난리난 신규에픽 생토노레맛 쿠키.. 뽑으려고 XX만원 현질했습니다ㅋㅋ🔥 - [ 쿠키런 킹덤 ],2024-03-29,https://www.youtube.com/watch?v=A1mxcIFBjL8
중력유튜브,"너불, 핑맨, 러너",동네북 러너 #악어의놀이터 #러너,2024-03-29,https://www.youtube.com/watch?v=pdWLePudJDE
중력유튜브,"견자희 스튜디오, 너불, 핑맨",연애,2024-03-29,https://www.youtube.com/watch?v=b2-K0RBlqA0
콩콩이다,"양띵 유튜브, 삼식, 서넹, 후추, 다주",😭친구를 사귈수있는 광장이 생겼다고? 바로 친구 사귀러 들어갔습니다(?) - [ 쿠키런 킹덤 ],2024-03-30,https://www.youtube.com/watch?v=BIWLsd66RvE
감블러,탬탬버린,탬탬버린 괴롭히기 @애니메이션,2024-03-31,https://www.youtube.com/watch?v=J4SJYiTHBIw
중력유튜브,"너불, 핑맨, 후추",암살자 유니 #악어의놀이터 #유니 #후추,2024-03-31,https://www.youtube.com/watch?v=rb0E_xZZ2R4
콩콩이다,"양띵 유튜브, 삼식, 서넹, 후추, 다주",😧현재 난리난 쿠킹덤의 만우절 이벤트ㅋㅋ 역대급 만우절 이벤트 리뷰해봤습니다ㅋㅋㅋ - [ 쿠키런 킹덤 ],2024-04-01,https://www.youtube.com/watch?v=kcKO00zd9pQ
감블러,탬탬버린,탬탬버린의 1호...(더보기) @애니메이션,2024-04-01,https://www.youtube.com/watch?v=CfnG_N_TU4U
중력유튜브,"너불, 핑맨",바디프로필,2024-04-02,https://www.youtube.com/watch?v=nIAk2PdyVDY
쁘허,태경 TV,잘.. 지냈어?? 【쁘허】,2024-04-02,https://www.youtube.com/watch?v=zjzcNI4gD9M
감블러,순당무,순당무도 괴롭히기 @애니메이션,2024-04-04,https://www.youtube.com/watch?v=r2UcwePRSAw
얍얍,"이춘향, 강소연 Youtube, 러너",악!!!!!!!!!!!!!!!!!!!!!!!!!!!!!!!!!!!!!!!!!!!!!!,2024-04-04,https://www.youtube.com/watch?v=dddhEBbRUu4
중력유튜브,"너불, 핑맨",태교 #마카오톡 #태동,2024-04-04,https://www.youtube.com/watch?v=Y4-90M9bNIU
쁘허,태경 TV,나약한 자에게 관심 없다!! 【쁘허】,2024-04-04,https://www.youtube.com/watch?v=vICp9yueSPs
중력유튜브,"너불, 핑맨",김치우동 #마카오톡 #성파이,2024-04-05,https://www.youtube.com/watch?v=sRgFeN9je2Y
콩콩이다,"양띵 유튜브, 삼식, 서넹, 후추, 다주",*실제상황* 광장에서 운영자 만세를 외치고 쿠키를 뽑았더니.. 놀라운일이 벌어졌습니다...  - [ 쿠키런 킹덤 ],2024-04-05,https://www.youtube.com/watch?v=Bw7KOF8NqE8
망개,실프,김실프 가면 부수기 ㄷㄷ,2024-04-06,https://www.youtube.com/watch?v=Dmz80POihSU
얍얍,"이춘향, 인간젤리, 러너",3대 겐지 부활,2024-04-07,https://www.youtube.com/watch?v=g5LmJ7USelI
중력유튜브,"너불, 핑맨",무녀,2024-04-07,https://www.youtube.com/watch?v=Yo3__Hyz__8
콩콩이다,"양띵 유튜브, 삼식, 서넹, 후추, 다주",🔥크리스탈 38만개로 전설XX개 뽑아버린 X친 주작방법🔥 이것만 보고 따라해보세요... - [ 쿠키런 킹덤 ],2024-04-07,https://www.youtube.com/watch?v=gJVYDkuR_s4
윤이샘,설백,제 남동생이 방송을 시작하자마자 설백님한테 전화를 걸었습니다... 그런데 설흑님이 받네요?,2024-04-08,https://www.youtube.com/watch?v=7jw3Drig63I
얍얍,"플레임[이호종], 인간젤리",To.얍얍,2024-04-09,https://www.youtube.com/watch?v=Dn-72DfwGjU
중력유튜브,"너불, 핑맨",악몽의 기사,2024-04-09,https://www.youtube.com/watch?v=DL7wDOQ2xVo
콩콩이다,"양띵 유튜브, 삼식, 서넹, 후추, 다주",😧신규쿠키 성게맛쿠키 등장! 그런데.. '달리기 훈련소'가 있다고..?? 이거..쿠키런이냐?? - [ 쿠키런 킹덤 ],2024-04-10,https://www.youtube.com/watch?v=5IAZ2Xwr7xk
중력유튜브,"너불, 핑맨",로켓단 #포켓꾸,2024-04-11,https://www.youtube.com/watch?v=yIZ9lXSQR1k
중력유튜브,"견자희 스튜디오, 너불, 핑맨",딸 결혼식,2024-04-11,https://www.youtube.com/watch?v=EyOIx3i-JSE
콩콩이다,"양띵 유튜브, 삼식, 서넹, 후추, 다주",😭출시하자마자 떡락한 딸기크레페 마법사탕.. 장례식하러 왔습니다ㅋㅋㅋㅋ - [ 쿠키런 킹덤 ],2024-04-12,https://www.youtube.com/watch?v=8SQ4y37dE48
중력유튜브,"너불, 핑맨",늪지대,2024-04-13,https://www.youtube.com/watch?v=RLBY8lQLDVI
중력유튜브,"견자희 스튜디오, 너불, 핑맨",삼각관계 #견자희 #강만식 #성파이,2024-04-13,https://www.youtube.com/watch?v=wuMoCi1cq2A
초승달,짬타수아,몸보신이라 쓰고 암살이라고 읽는다 (with.짬타수아),2024-04-15,https://www.youtube.com/watch?v=YrAo-TuTfMw
램램,나나양,"3겁쟁이 개꿀잼 공포게임ㅋㅋㅋㅋㅋㅋ (w. 나나양, 휘용)",2024-04-16,https://www.youtube.com/watch?v=1XBcGLxPEec
감블러,김뿡,일단 김뿡 입혀봐,2024-04-17,https://www.youtube.com/watch?v=dEqbx7QZDts
중력유튜브,"너불, 금사향, 핑맨",금사향,2024-04-17,https://www.youtube.com/watch?v=RSpO_aNafLU
중력유튜브,"너불, 핑맨",셋이서 하자 #shorts,2024-04-18,https://www.youtube.com/watch?v=UV7FRvoHDh0
얍얍,"망개, 서넹, 빅헤드, 치킨쿤, 인간젤리, 러너",러너리그 EP1. 두더지 브이로그,2024-04-21,https://www.youtube.com/watch?v=eTVW68qG1g0
망개,새옴,지켜봐줘 꼭 캐리할게...!,2024-04-22,https://www.youtube.com/watch?v=4s2fb45cNP0
콩콩이다,"양띵 유튜브, 삼식, 서넹, 후추, 다주",⚡NEW 뇌신무장 쿠키 + 다크카카오 떡상!? 케이크타워 2종추가까지! 업데이트 리뷰!!!!  - [ 쿠키런 킹덤 ],2024-04-23,https://www.youtube.com/watch?v=QqV6e2MoyO4
중력유튜브,"너불, 핑맨",엉덩이가큰여자,2024-04-23,https://www.youtube.com/watch?v=uonIJW9_i1o
중력유튜브,"너불, 핑맨",못말리는 아가씨 #shorts,2024-04-23,https://www.youtube.com/watch?v=7meApafM_mY
콩콩이다,"양띵 유튜브, 삼식, 서넹, 후추, 다주",NEW 뇌신무장 쿠키 때문에 현질 30만원 박았습니다... 오늘은 제발 핵주작 가즈아!!!!  - [ 쿠키런 킹덤 ],2024-04-25,https://www.youtube.com/watch?v=ukjbTtLxMfA
초승달,짬타수아,스팀 평가 극찬을 받은 공포게임(with.짬타수아),2024-04-25,https://www.youtube.com/watch?v=lJExYZCbYRg
얍얍,"망개, 서넹, 빅헤드, 치킨쿤, 인간젤리, 러너",러너리그 EP2.진짜 창의적으로 딜로스를 내네?,2024-04-26,https://www.youtube.com/watch?v=gz_T32otoiU
램램,나나양,처음부터 끝까지 기어다니는 공포게임ㅋㅋㅋㅋㅋㅋㅋㅋ,2024-04-27,https://www.youtube.com/watch?v=vSW4Pj3v50Y
감블러,탬탬버린,탬탬버린을 조심해,2024-04-27,https://www.youtube.com/watch?v=ObMHlhgtzcM
중력유튜브,"너불, 핑맨",가끔 드는 의문 #우유,2024-04-28,https://www.youtube.com/watch?v=n47BtJOUEac
중력유튜브,"너불, 핑맨",감옥,2024-04-28,https://www.youtube.com/watch?v=4c6yco5gQ9c
콩콩이다,"양띵 유튜브, 나부, 삼식, 서넹, 후추, 다주",최초의 비스트 등급 쿠키 등장예고.. + 추가 에픽쿠키들 까지!? 살펴보겠습니다.. - [ 쿠키런 킹덤 ],2024-04-28,https://www.youtube.com/watch?v=FKlZyuuhra4
감블러,포피셜,포피셜) 근자바드,2024-05-01,https://www.youtube.com/watch?v=jmgpk7pgSM4
램램,"김뿡, 악녀, 김뚜띠","대환장멤버들과 리썰컴퍼니 신버전ㅋㅋㅋ (w. 김뚜띠,김뿡,악녀,연초봄)",2024-05-01,https://www.youtube.com/watch?v=XO5T6emjrTQ
중력유튜브,"너불, 핑맨",늪지대 내전,2024-05-02,https://www.youtube.com/watch?v=BPXvWS8G9Lw
중력유튜브,"너불, 핑맨, 러너",러난감 #악어의놀이터 #러너,2024-05-05,https://www.youtube.com/watch?v=ug53xf1Ch0c
중력유튜브,"너불, 핑맨",늪지대 #멋사 #너불,2024-05-06,https://www.youtube.com/watch?v=7_jVN2VeTvc
중력유튜브,"너불, 핑맨",천마,2024-05-08,https://www.youtube.com/watch?v=T9F5_I3-Vsc
감블러,김뚜띠,뒤에 김뚜띠 날아간다,2024-05-08,https://www.youtube.com/watch?v=MCZNk-AIKgM
중력유튜브,"너불, 핑맨",아내 NTR 하기,2024-05-09,https://www.youtube.com/watch?v=_bbRkIfTiP8
중력유튜브,"너불, 핑맨",프러포즈,2024-05-11,https://www.youtube.com/watch?v=NavbchwF_Xg
램램,"김뿡, 악녀, 김뚜띠",행복방 수준ㅋㅋ (리썰컴퍼니 신버전),2024-05-11,https://www.youtube.com/watch?v=eiKr00dILrA
중력유튜브,"너불, 핑맨",저세상 디자인,2024-05-13,https://www.youtube.com/watch?v=FdHnlnf_84Q
중력유튜브,"너불, 핑맨",결혼식에서 멋사에게 NTR당해버렸습니다...,2024-05-14,https://www.youtube.com/watch?v=opTw6khHRcg
콩콩이다,"양띵 유튜브, 삼식, 서넹, 후추, 다주",악놀 시즌1 약탈자 아카츠키 였던 제가 꼰대가 되어 돌아왔습니다... - [ 악어의 놀이터2 1화 ],2024-05-18,https://www.youtube.com/watch?v=Z9BJjZ-D_l0
얍얍,"푸린, 빅헤드, 인간젤리",기생수한테 점령 당하셨나요? ㅣ 메이플스토리월드,2024-05-19,https://www.youtube.com/watch?v=rRchM0o259U
중력유튜브,"너불, 핑맨",악어의 놀이터 히든 직업 '사신' 운영자 시점,2024-05-19,https://www.youtube.com/watch?v=8pvO31SWwXg
콩콩이다,"양띵 유튜브, 삼식, 서넹, 후추, 다주",비명을 마구지르는 초보들과 엔더월드에 갔습니다... - [ 악어의 놀이터2 2화 ],2024-05-25,https://www.youtube.com/watch?v=Cg3NNJuCH_M
MadLife TV,나부,[LOL] 원딜에게 가려면 나부터 뚫어라 / 나미 서포터,2024-05-25,https://www.youtube.com/watch?v=OfJ9l9Q9lbU
중력유튜브,"너불, 핑맨",악어의 놀이터 히든 직업 '사령술사' 운영자 시점,2024-05-28,https://www.youtube.com/watch?v=F9rWisioC6o
얍얍,"플레임[이호종], 따효니DDaHyoNi, 인간젤리, 러너",맨날 지는 남자  ㅣ 디아블로 이모탈,2024-05-29,https://www.youtube.com/watch?v=vlH6AfaNsF4
중력유튜브,"너불, 핑맨",악어의 놀이터2 운영자 시점 하이라이트 1탄!,2024-05-31,https://www.youtube.com/watch?v=HVQc9ETS1k8
램램,나나양,백룸 초고수 두 명의 신작 백룸 공포게임 합방 (W. 나나양),2024-05-31,https://www.youtube.com/watch?v=CnqD7x-_OEE
콩콩이다,"양띵 유튜브, 삼식, 서넹, 후추, 다주",농사 한번 하려면 5800번의 클릭을 해야한다는 X친소리가 진짜라고??? - [ 악어의 놀이터2 3화 ],2024-06-01,https://www.youtube.com/watch?v=HyDv06UlacY
중력유튜브,"너불, 핑맨",악어의 놀이터 히든 직업 '팔라딘' 운영자 시점,2024-06-03,https://www.youtube.com/watch?v=nVXOsyq815U
중력유튜브,"너불, 핑맨",악어의 놀이터2 운영자 시점 하이라이트 2탄!,2024-06-06,https://www.youtube.com/watch?v=bVrn7yxMnkg
초승달,따효니DDaHyoNi,6년만에 만난 친구 몰래 컨텐츠 방송에 깜짝 나타나기 (w.따효니),2024-06-08,https://www.youtube.com/watch?v=gbnawms5grk
램램,"나나양, 악녀","귀신 때려잡으면서 공포게임 하는 공겜 고인물 합방ㅋㅋㅋㅋㅋ(나나양,악녀,휘용)",2024-06-12,https://www.youtube.com/watch?v=1H5HcZbXMtU
초승달,짬타수아,진짜 제발 꺼져,2024-06-13,https://www.youtube.com/watch?v=ZXRJPfyg6QI
중력유튜브,"너불, 핑맨",악어의 놀이터2 운영자 시점 하이라이트 3탄!,2024-06-14,https://www.youtube.com/watch?v=HuY97XJ4yu8
램램,나나양,올해 가장 정신 나간 병맛 사슴 게임 합방ㅋㅋ개웃김ㅋㅋㅋ[Oh Deer],2024-06-15,https://www.youtube.com/watch?v=g3dNYK4Ycj4
중력유튜브,"너불, 핑맨",악어의 놀이터 히든 직업 '건왕' 운영자 시점,2024-06-15,https://www.youtube.com/watch?v=5NGexcKI5fs
얍얍,"따효니DDaHyoNi, 인간젤리, 강소연 Youtube",시켜줘. 강소연 명예소방관 ㅣ E4,2024-06-18,https://www.youtube.com/watch?v=fOcLu3z-eJc
중력유튜브,"너불, 핑맨",악어의 놀이터 히든 직업 '드래곤 슬레이어' 운영자 시점,2024-06-18,https://www.youtube.com/watch?v=Bg6bD9byxcM
초승달,짬타수아,이 새ㄲ는 걍 깰 생각이 없음,2024-06-19,https://www.youtube.com/watch?v=loNKlYfTza4
망개,"얍얍, 러너",얍얍님의 첫인상... [ 러너리그 1 ],2024-06-19,https://www.youtube.com/watch?v=SzTijDkTTR0
콩콩이다,"양띵 유튜브, 삼식, 서넹, 후추, 다주",🏞️ 쿠키런 모험의탑 미리보기!! 모든쿠키 싹다 뽑아봤습니다 ㄹㅇ 개이쁨;; - [ 쿠키런 모험의탑 ],2024-06-20,https://www.youtube.com/watch?v=d6QT2t6ewB8
램램,YouTube지누,지누와 마크 다이아 500만개 캐기^^ [마인크래프트],2024-06-20,https://www.youtube.com/watch?v=gz6OXUstEaE
램램,"나나양, 악녀, 댕균",평균 연령 30대들의 '초등학생 상식퀴즈' 대결,2024-06-22,https://www.youtube.com/watch?v=cFjhL335r1g
윤이샘,허니츄러스 HoneyChurros,"애교 메이드가 되어버린 허니츄러스님, 초카와이ㅣㅣㅣㅣ wwwww",2024-06-22,https://www.youtube.com/watch?v=eyQgS3Og7Gg
중력유튜브,"너불, 핑맨",악어의 놀이터 히든 직업 '주 작' 운영자 시점,2024-06-22,https://www.youtube.com/watch?v=TR1Yl7gJPYA
우융,플래그,AI 플래그 - See you again,2024-06-23,https://www.youtube.com/watch?v=cmMq9sNkE0g
얍얍,"따효니DDaHyoNi, 인간젤리, 강소연 Youtube",강소연 우리가 재밌게 놀아준다고 ㅣ E4 Oh Deer,2024-06-23,https://www.youtube.com/watch?v=etblRu6e-bM
중력유튜브,"너불, 핑맨",악어의 놀이터2 운영자 시점 하이라이트 4탄!,2024-06-23,https://www.youtube.com/watch?v=InvWFAtiicQ
얍얍,"따효니DDaHyoNi, 인간젤리, 강소연 Youtube",못난 성태지만 그래도 사랑한다  ㅣ 스쿼드 버스터즈,2024-06-24,https://www.youtube.com/watch?v=HNBYF1eX240
램램,김뚜띠,《5시간순삭》뚜띠랑 쇠사슬로 묶인 채 목숨 걸고 데이트 한 날ㅋㅋㅋㅋ [체인드 투게더],2024-06-25,https://www.youtube.com/watch?v=0ZBqxMu1kok
얍얍,"따효니DDaHyoNi, 인간젤리",젤게임에 참여하시겠습니까? ㅣ젤게임 : 시부야부사변 EP1,2024-06-26,https://www.youtube.com/watch?v=jpNZQUi22uk
콩콩이다,"양띵 유튜브, 삼식, 서넹, 후추, 다주",쿠키런 모험의탑 드디어 오픈!!! 30만원 현질 바로 박았습니다ㅋㅋ 개사기 가즈아ㅏㅏ - [ 쿠키런 모험의탑 ],2024-06-27,https://www.youtube.com/watch?v=QS2WbyNYxbw
망개,러너,아 누가 대회 하다가 울어요 ㅋㅋ ~ ㅠㅠ [ 러너리그 ],2024-06-28,https://www.youtube.com/watch?v=HUwIatLK3TE
콩콩이다,"양띵 유튜브, 삼식, 서넹, 후추, 다주",😧유저 98%가 모르는 공짜로 12000원짜리 패키지 얻는방법!? 당장 꿀빨러가야됨 ㄹㅇ - [ 쿠키런 모험의탑 ],2024-06-28,https://www.youtube.com/watch?v=2DDkUC1zKb4
램램,"나나양, 악녀",편의점 차렸는데 알바생 둘 다 폐급임;;,2024-06-28,https://www.youtube.com/watch?v=NUaYhZ2haKo
중력유튜브,"너불, 핑맨",악어의 놀이터2 운영자 시점 하이라이트 5탄!,2024-06-29,https://www.youtube.com/watch?v=boj8fei-et0
얍얍,"따효니DDaHyoNi, 인간젤리, 강소연 Youtube",내가 아르민이 될게 ㅣ E4 91즈 PANICORE,2024-06-29,https://www.youtube.com/watch?v=_2OdZwCcygk
콩콩이다,"양띵 유튜브, 삼식, 서넹, 후추, 다주","현시점 무조건 키워야할 쿠키 TOP4, 다가올 메타까지 알려드립니다 - [ 쿠키런 모험의탑 ]",2024-07-01,https://www.youtube.com/watch?v=K0tQ9Gru7O8
램램,"나나양, 악녀",3금쪽이와 함께하는 공포게임. 물론 난 아님 [패니코어/PANICORE],2024-07-03,https://www.youtube.com/watch?v=yYVXALoIH-s
콩콩이다,"양띵 유튜브, 삼식, 서넹, 후추, 다주",쿠키런 모험의탑에 심각한 버그 악용사태가 발생했습니다...  - [ 쿠키런 모험의탑 ],2024-07-03,https://www.youtube.com/watch?v=u6DgCz9nxeU
콩콩이다,"양띵 유튜브, 삼식, 서넹, 후추, 다주",😂모험의탑 레이드 랭킹 37등 했습니다.. 랭커 레이드 보상 최초공개....... - [ 쿠키런 모험의탑 ],2024-07-04,https://www.youtube.com/watch?v=Qdk9ric8RG8
콩콩이다,"양띵 유튜브, 삼식, 서넹, 후추, 다주",현시점! 크림소다맛 VS 호밀맛 쿠키 어느쿠키가 성능이 더 좋을까???? - [ 쿠키런 모험의탑 ],2024-07-05,https://www.youtube.com/watch?v=ErB1d4TxD5E
콩콩이다,"양띵 유튜브, 삼식, 서넹, 후추, 다주",😭XX맛 쿠키 뽑으려고 현질 30만원 추가로 했습니다... 제발 잘뜨게해주세요..ㅠㅠㅠ - [ 쿠키런 모험의탑 ],2024-07-07,https://www.youtube.com/watch?v=ZXYHCN_OUtM
콩콩이다,"양띵 유튜브, 삼식, 서넹, 후추, 다주",오랜만에 GTA5 인생모드를 해봤는데.. 상황이 심각하네요.... - [ GTA5 인생모드 ],2024-07-08,https://www.youtube.com/watch?v=Kq595DT-RT0
얍얍,"따효니DDaHyoNi, 인간젤리, 강소연 Youtube",음성조절 ㅣ 91즈  PANICORE :외전,2024-07-08,https://www.youtube.com/watch?v=Rc4TUo3eXeQ
램램,"김뚜띠, 이춘향",램램 뚜띠 춘향 합체ㅋㅋㅋㅋㅋ개웃김ㅋㅋㅋ [점프 가이즈],2024-07-08,https://www.youtube.com/watch?v=g9cU6MrEjRo
감블러,이춘향,만약 이춘향이 친누나라면,2024-07-10,https://www.youtube.com/watch?v=X6Y2phfoZMc
콩콩이다,"양띵 유튜브, 삼식, 서넹, 후추, 다주",😭운영자피셜 호밀맛 장례식.. 그리고 다크초코가 0티어로 떠올랐습니다;; 업데이트 리뷰 가즈아 - [ 쿠키런 모험의탑 ],2024-07-11,https://www.youtube.com/watch?v=MtRUheiDxXs
램램,"김뚜띠, 이춘향",마크 '10년 고인물'의 버튼찾는 방법 [뚜램춘 마크 버튼찾기],2024-07-11,https://www.youtube.com/watch?v=SH6DAhAD7L8
얍얍,"따효니DDaHyoNi, 강소연 Youtube",0.08초의 기적ㅣ 쿠키런: 모험의 탑,2024-07-11,https://www.youtube.com/watch?v=V6tRdPfu418
콩콩이다,"양띵 유튜브, 삼식, 서넹, 후추, 다주",다크초코 뽑으려고 35만원 또 질러버렸습니다.. 역대급 레전드 뽑기 갑니다ㅋㅋㅋㅋ - [ 쿠키런 모험의탑 ],2024-07-12,https://www.youtube.com/watch?v=9DuZ4xX5Jrk
콩콩이다,"양띵 유튜브, 삼식, 서넹, 후추, 다주",🍋레몬제스트 쿠키 출시전 알아두면 좋을 꿀팁 정보 대방출합니다ㅋㅋㅋ - [ 쿠키런 모험의탑 ],2024-07-13,https://www.youtube.com/watch?v=KXECc9OIzWk
콩콩이다,"양띵 유튜브, 삼식, 서넹, 후추, 다주",다시보는 콩콩이다의 인생모드 모음집 1편  - [ GTA5 인생모드 ],2024-07-14,https://www.youtube.com/watch?v=PM-JPFXWTkY
콩콩이다,"양띵 유튜브, 삼식, 서넹, 후추, 다주",🤑핵과금 랭커유저가 대리뽑기를.. 행성파괴급 다크초코 완성했습니다;;;; - [ 쿠키런 모험의탑 ],2024-07-15,https://www.youtube.com/watch?v=dT2bpwAqfvM
콩콩이다,"양띵 유튜브, 삼식, 서넹, 후추, 다주",다시보는 콩콩이다의 인생모드 모음집 2편  - [ GTA5 인생모드 ],2024-07-16,https://www.youtube.com/watch?v=zHVKUH4weUs
콩콩이다,"양띵 유튜브, 삼식, 서넹, 후추, 다주",🍋신규쿠키 2종 추가! + 신규레이드보스 업데이트까지!? 레몬제스트 업데이트 상세분석 갑니다! - [ 쿠키런 모험의탑 ],2024-07-16,https://www.youtube.com/watch?v=QThRbNi98Hs
램램,"나나양, 김뚜띠",폭탄 해체 방법=뚜띠뚜뚜띠띠뚜뚜띠띠뚜뚜뚜 [폭탄 해체 게임],2024-07-17,https://www.youtube.com/watch?v=OfMVFOkNGTM
담유이 DamYui,허니츄러스 HoneyChurros,세 여자의 은밀한 데이트 a.k.a 평양냉면 첫경험,2024-07-18,https://www.youtube.com/watch?v=0decCYdGNvs
얍얍,"따효니DDaHyoNi, 인간젤리",91즈와 소우릎의 사슬전쟁 ㅣ🌩️91 VS 88 체인투게더켠왕 EP1,2024-07-18,https://www.youtube.com/watch?v=6OzGLsnl8YY
콩콩이다,"양띵 유튜브, 삼식, 서넹, 후추, 다주",🍋신규 레몬제스트맛 쿠키 뽑으려고 현질 50만원 박았습니다 풀매수 가보자!!!!! - [ 쿠키런 모험의탑 ],2024-07-18,https://www.youtube.com/watch?v=MHtz46h0ja4
코마,"파이브, 플래그, 우융",그들의 숨막히는 마인크래프트 추격전,2024-07-19,https://www.youtube.com/watch?v=9BPqIFTQ0U8
램램,악녀,악녀가 같이 하자고 가져온 역대급 백룸 공포게임;;,2024-07-19,https://www.youtube.com/watch?v=DKHGRydu988
콩콩이다,"양띵 유튜브, 삼식, 서넹, 후추, 다주","레몬제스트맛 쿠키 , 키워도 될까? 이 영상에 모든 정보를 담았습니다.  - [ 쿠키런 모험의탑 ]",2024-07-19,https://www.youtube.com/watch?v=hC_eDhRZwnw
콩콩이다,"양띵 유튜브, 삼식, 서넹, 후추, 다주",98%유저들은 모르는 무과금 레이드꿀팁!? 이것만 알아도 110% 이득 봅니다 ㄹㅇ - [ 쿠키런 모험의탑 ],2024-07-20,https://www.youtube.com/watch?v=gtvtVM3ybeA
감블러,이춘향,이춘향 그냥 넘어가 줘..,2024-07-20,https://www.youtube.com/watch?v=fIDRnWkFV74
콩콩이다,"양띵 유튜브, 삼식, 서넹, 후추, 다주",*역대급 축캐발견* 레몬제스트 대리뽑기 하는데 연속으로 막튀어나오네요... 순식간에 X성달성;; - [ 쿠키런 모험의탑 ],2024-07-21,https://www.youtube.com/watch?v=mdue7R_hLWs
콩콩이다,"양띵 유튜브, 삼식, 서넹, 후추, 다주",다시보는 콩콩이다의 인생모드 모음집 3편  - [ GTA5 인생모드 ],2024-07-22,https://www.youtube.com/watch?v=xl0m9ciyRss
얍얍,"따효니DDaHyoNi, 인간젤리",소...솔직히 형들이 안전불감증이라고 생각해요... ㅣ🌩️91 VS 88 체인투게더켠왕 EP2,2024-07-22,https://www.youtube.com/watch?v=kS2rXHEXvWY
콩콩이다,"양띵 유튜브, 삼식, 서넹, 후추, 다주, 모아",🔥레이드티켓 101장 모아서 싹다 돌았더니.. 슈퍼에픽+유니크가 몇개 나왔을까??? - [ 쿠키런 모험의탑 ],2024-07-24,https://www.youtube.com/watch?v=2QhvliG4Uxk
램램,나나양,가슴이 웅장해지는 두 마법소녀(?)의 대결ㅋㅋㅋㅋ 앙앙앙앙앙앙!!!!!,2024-07-24,https://www.youtube.com/watch?v=odklab1Shwc
콩콩이다,"양띵 유튜브, 삼식, 서넹, 후추, 다주",현재 난리난 레이드 1위 찍어버린 다크초코 쿠키.. 밸런스 파괴를 진짜해버렸습니다;; - [ 쿠키런 모험의탑 ],2024-07-25,https://www.youtube.com/watch?v=k20hX01jwbk
콩콩이다,"양띵 유튜브, 삼식, 서넹, 후추, 다주","🤪핵과금 유저분이 크리스탈 200,000개치 대리뽑기를 신청하셨습니다;; ㅁㅊ - [ 쿠키런 모험의탑 ]",2024-07-26,https://www.youtube.com/watch?v=oBPqS979z-w
콩콩이다,"양띵 유튜브, 삼식, 서넹, 후추, 다주",다시보는 콩콩이다의 인생모드 모음집 4편  - [ GTA5 인생모드 ],2024-07-27,https://www.youtube.com/watch?v=sXRawBAbMRY
램램,"설백, 꽃핀",방송의 신 휘용ㅋㅋㅋ개웃김ㅠㅠㅠㅋㅋㅋㅋㅋㅋ [마리오 파티 슈퍼 스타즈],2024-07-27,https://www.youtube.com/watch?v=nwLtK78zKIA
감블러,김뿡,뭘 물고있는거야 김뿡,2024-07-28,https://www.youtube.com/watch?v=nrmgYsEQIJU
콩콩이다,"양띵 유튜브, 삼식, 서넹, 후추, 다주",*충격* 꽈배기맛 쿠키 장인 유저분 등장;; 전무+슈퍼에픽 풀셋까지 X친 스펙의 계정 들어가봤습니다;;  - [ 쿠키런 모험의탑 ],2024-07-29,https://www.youtube.com/watch?v=v_v2wpQyc8M
램램,나나양,절대 화내지 않기 절대 화내지 않기 절대 화내지 않기 절대 화내지 않기 절대 화내지 않기,2024-07-30,https://www.youtube.com/watch?v=XXG8AHeV7nM
콩콩이다,"양띵 유튜브, 삼식, 서넹, 후추, 다주",핵과금유저 대리뽑기 하는데.. 황금티켓+락스타맛 쿠키가 쏟아집니다... 픽업뽑기 버그걸림??? - [ 쿠키런 모험의탑 ],2024-07-31,https://www.youtube.com/watch?v=JVNlcWGYiI4
감블러,실프,글로벌 오빠 실프,2024-07-31,https://www.youtube.com/watch?v=GtcOdNXM8QA
중력유튜브,"너불, 핑맨",레오네 국가대표가 되다.,2024-08-01,https://www.youtube.com/watch?v=wzxDl_8q_-I
램램,"김뚜띠, 이춘향",진심 개웃겼던 뚜램춘 크아ㅋㅋㅋㅋㅋㅋㅋㅋㅋㅋㅋ,2024-08-01,https://www.youtube.com/watch?v=zlXwNR_WVQw
콩콩이다,"양띵 유튜브, 삼식, 서넹, 후추, 다주","스팅두리안맛 쿠키, 과연 키워야할까? 전 일단 쓰레기통에 넣었습니다 - [ 쿠키런 모험의탑 ]",2024-08-03,https://www.youtube.com/watch?v=8vUbGswimxU
얍얍,"감블러, 김뿡, 플레임[이호종], 인간젤리","형, 롤 재밌지 ? ㅣ 얍얍 X 플레임 소울리스즈👻",2024-08-04,https://www.youtube.com/watch?v=AT73qOrfOKQ
콩콩이다,"양띵 유튜브, 삼식, 서넹, 후추, 다주",😮신규쿠키 콜라비맛 쿠키 체험해봤습니다.. X사기 확정이네요;;;; - [ 쿠키런 모험의탑 ],2024-08-04,https://www.youtube.com/watch?v=DBU2ukkEtCo
쁘허,태경 TV,꽁꽁 얼어붙은 한강 위로 남친이 걸어다닙니다 【쁘허】,2024-08-05,https://www.youtube.com/watch?v=MUqT4T753PA
램램,"김똘복, 꽃핀",너무 웃겨서 눈물까지 난 도둑질 공포 게임 합방ㅠㅠㅠㅋㅋㅋㅋㅋㅋㅋㅋ,2024-08-05,https://www.youtube.com/watch?v=3mh22ryIO_c
콩콩이다,"양띵 유튜브, 삼식, 서넹, 후추, 다주, 모아","""콜라비 업데이트 이후 꿀팁 TOP3"" 업뎃후 정보만 모아왔습니다  - [ 쿠키런 모험의탑 ]",2024-08-07,https://www.youtube.com/watch?v=8OlBZ2t46z8
콩콩이다,"양띵 유튜브, 삼식, 서넹, 후추, 다주",😈신규쿠키 콜라비맛 쿠키 뽑으려고 35만원 현질 갈겼습니다... 이번엔 이득 볼수 있나요..???? - [ 쿠키런 모험의탑 ],2024-08-08,https://www.youtube.com/watch?v=mKqeecYj9wc
램램,나나양,친구 2명과 노가다(막노동) 하러 갔습니다,2024-08-09,https://www.youtube.com/watch?v=W5ozX5nHQ4c
우왁굳,견자희 스튜디오,구슬 속에 들어간 겨울 오두막집 - 마인크래프트 꿈집,2024-08-09,https://www.youtube.com/watch?v=dN5We9TlGwI
콩콩이다,"양띵 유튜브, 삼식, 서넹, 후추, 다주","*충격* 콜라비맛 쿠키가 역대급 떡상을, 락스타맛 쿠키가 떡락을 해버렸습니... - [ 쿠키런 모험의탑 ]",2024-08-09,https://www.youtube.com/watch?v=EO_PIsXcYLo
콩콩이다,"양띵 유튜브, 삼식, 서넹, 후추, 다주",국가권력급 콜라비맛 쿠키가 탄생했습니다.. 성능테스트 해볼게요^^ - [ 쿠키런 모험의탑 ],2024-08-11,https://www.youtube.com/watch?v=oMKLo0oboPY
램램,나나양,휘용님 나나양 버릴까요?? [피코파크 합방],2024-08-11,https://www.youtube.com/watch?v=pP27l4iPjyM
콩콩이다,"양띵 유튜브, 삼식, 서넹, 후추, 다주",😈콜라비맛 쿠키 설탕셋 랭킹1등 등장;; 실제 계정에 들어가봤습니다 ㄷㄷ;; - [ 쿠키런 모험의탑 ],2024-08-13,https://www.youtube.com/watch?v=9_o2RuswKNc
콩콩이다,"양띵 유튜브, 삼식, 서넹, 후추, 다주",🔥NEW 챔피언스 레이드 출시!! 신규장비+레이드 조합 추천까지 알아봤습니다! - [ 쿠키런 모험의탑 ],2024-08-14,https://www.youtube.com/watch?v=CF-EvxzpqYM
램램,"YouTube지누, 김뿡, 탬탬버린, 김똘복, 악녀, 임나은",진심 초갓겜 농민 봉기 게임 9명 합방 (개꿀잼),2024-08-14,https://www.youtube.com/watch?v=inp3Taix1hM
램램,나나양,진심 협동 1도 안되는 3명의 마크 협동 탈출맵,2024-08-15,https://www.youtube.com/watch?v=x68xUX2muK4
램램,"YouTube지누, 김뿡, 탬탬버린, 김똘복, 악녀, 임나은, 너불, 서넹, 빅헤드, 이춘향",이번엔 대규모로 농민 봉기했습니다(14인 합방),2024-08-20,https://www.youtube.com/watch?v=o9rxGD6AnVQ
중력유튜브,"너불, 핑맨",RPG 특,2024-08-21,https://www.youtube.com/watch?v=_FkWgRyi0s4
망개,"설백, 꽃핀",언니들과 도쿄 VLOG 🤍 ( w. 설백 꽃핀 ),2024-08-22,https://www.youtube.com/watch?v=YE1-prphAyU
램램,나나양,"휘용, 나나양, 램램 욕하는 영상 [마인크래프트]",2024-08-22,https://www.youtube.com/watch?v=tnNEWbCJV3Q
콩콩이다,"양띵 유튜브, 삼식, 서넹, 후추, 다주",롱빈터 첫날부터 바로 사기꾼에게 당해 총 맞았습니다... - [ 롱빈터 1화 ],2024-08-23,https://www.youtube.com/watch?v=In7yEFAoZvI
감블러,김뿡,김뿡 쥐어짜기,2024-08-24,https://www.youtube.com/watch?v=_GyNJiMT5m4
각별,"코마, 공룡",공룡서버 ㄷㄷ,2024-08-25,https://www.youtube.com/watch?v=Ex3NuLHag7M
공룡,"잠뜰 TV, 코마, 각별",마크로 공포 콘텐츠를 만들어 봤습니다,2024-08-25,https://www.youtube.com/watch?v=2fIGqZWf1sI
램램,"나나양, 악녀",슈퍼마켓 차렸는데 알바생 3명 다 폐급임;;,2024-08-27,https://www.youtube.com/watch?v=nq-L0eIcUzg
감블러,치킨쿤,젠장 치킨쿤 살려줘,2024-08-28,https://www.youtube.com/watch?v=xVd9MckmGPE
램램,"김뚜띠, 이춘향",서로 의지 1도 안되는 뚜램춘 공포게임,2024-08-31,https://www.youtube.com/watch?v=t_ocHBzHnLw
공룡,"잠뜰 TV, 코마, 각별",👁‍🗨그림자 EP.1 | 어둠 속의 괴물,2024-09-01,https://www.youtube.com/watch?v=Ew5PzzoDxLA
코마,"잠뜰 TV, 각별, 공룡",EP.1 그림자로 뒤덮인 세상,2024-09-01,https://www.youtube.com/watch?v=qozkmwwBsGs
각별,"코마, 공룡",그림자로 뒤덮인 공룡서버 ㄷㄷㄷ,2024-09-01,https://www.youtube.com/watch?v=Ar6x2yfD0d8
램램,"김뚜띠, 이춘향",마크 경력 합쳐서 최소 '30년'의 버튼찾기 [뚜램춘 버튼찾기],2024-09-03,https://www.youtube.com/watch?v=fuY73a0l40I
램램,나나양,(개웃김)역대급 가면벗기기 게임 '피코파크 2' 출시ㅋㅋㅋㅋ [휘나램 합방],2024-09-04,https://www.youtube.com/watch?v=KYbaIlcMVC4
공룡,"잠뜰 TV, 코마, 각별",👁‍🗨그림자 EP.2 | 추격전,2024-09-08,https://www.youtube.com/watch?v=g7M8nSpuhyc
각별,"코마, 공룡",그림자가 몰려오는 공룡서버 ㄷㄷㄷㄷ,2024-09-08,https://www.youtube.com/watch?v=B8SkaVOvPaw
코마,"잠뜰 TV, 각별, 공룡",EP.2 한밤중의 습격,2024-09-08,https://www.youtube.com/watch?v=tMVP3ERGN5o
러너,"금사향, 양아지",맵 풀 최초 공개와 팀 경매! - [오버워치2 러너리그2],2024-09-10,https://www.youtube.com/watch?v=SVDB9_jgXVw
램램,YouTube지누,지누핑(폐급 사장)과 램램핑(알바)의 햄버거 가게,2024-09-11,https://www.youtube.com/watch?v=dXocCkLVGgE
러너,"금사향, 양아지",5꽉의 연속!! 언더독의 반란... - [오버워치2 러너리그2 결승전],2024-09-13,https://www.youtube.com/watch?v=SIvhL5QL5fc
얍얍,따효니DDaHyoNi,멘헤라들만 남은 솔랭엔 듀오가 필요해,2024-09-13,https://www.youtube.com/watch?v=Ib2Me1y_6V8
각별,"코마, 공룡",실업률 0% 달성한 공룡서버 ㄷㄷㄷㄷㄷ,2024-09-15,https://www.youtube.com/watch?v=fCnntJ_vS9g
코마,"잠뜰 TV, 각별, 공룡",EP.3 빛을 품은 사원,2024-09-15,https://www.youtube.com/watch?v=KeLTwHXvqME
공룡,"잠뜰 TV, 코마, 각별",👁‍🗨그림자 EP.3 | 양초,2024-09-15,https://www.youtube.com/watch?v=G8vTZwMN_l8
얍얍,따효니DDaHyoNi,이번 한 번만이야,2024-09-16,https://www.youtube.com/watch?v=Xyt6UXco2Ac
중력유튜브,"너불, 핑맨",악어의 놀이터2 운영자 시점 하이라이트 6탄!,2024-09-20,https://www.youtube.com/watch?v=JThPBuPjWsc
램램,"나나양, 악녀",술집 차렸는데 알바생 둘 다 폐급인 듯;;;,2024-09-20,https://www.youtube.com/watch?v=l-oNTF6OTTo
공룡,"잠뜰 TV, 코마, 각별",👁‍🗨그림자 EP.4 | 도플갱어,2024-09-22,https://www.youtube.com/watch?v=2SttNP1k7aY
얍얍,"이춘향, 플레임[이호종], 강소연 Youtube",2024년 올해 퓰리처상ㅣ 강잔디배 ıl𝐏𝐈𝐂𝐎 𝐏𝐀𝐑𝐊𝟐ıllı 합방,2024-09-22,https://www.youtube.com/watch?v=-_5YDXh6gl8
각별,"코마, 공룡",흑막이 등장한 공룡서버 ㄷㄷㄷㄷㄷㄷ,2024-09-22,https://www.youtube.com/watch?v=lAaqdkaJZpg
코마,"잠뜰 TV, 각별, 공룡",EP.4 가로막힌 희망의 빛,2024-09-22,https://www.youtube.com/watch?v=lh-dwVAOFPI
램램,나나양,"밤 12시, 절대 들어가면 안되는 산에 들어가서 생긴 일.. [마인크래프트]",2024-09-23,https://www.youtube.com/watch?v=3Oj65_M7B6c
램램,"설백, 꽃핀",벌칙 내기 걸었더니 표독 수치 MAX찍은 레전드 러시안룰렛 합방,2024-09-27,https://www.youtube.com/watch?v=G7cZXYgm2Q8
램램,"김뚜띠, 이춘향",이젠 너무 쉽다ㅎㅎ [뚜램춘 마크 버튼찾기],2024-09-29,https://www.youtube.com/watch?v=9M90qo-8sAU
각별,"코마, 공룡",세상을 구하기 위해 떠나는 공룡서버 ㄷㄷㄷㄷㄷㄷㄷ,2024-09-29,https://www.youtube.com/watch?v=6sFi_F3DJX4
공룡,"잠뜰 TV, 코마, 각별",👁‍🗨그림자 EP.5 | 빛,2024-09-29,https://www.youtube.com/watch?v=Xrr6KgWZiTQ
코마,"잠뜰 TV, 각별, 공룡",EP.5 밝은 아침을 향하여,2024-09-29,https://www.youtube.com/watch?v=raUDPrXMOD4
얍얍,따효니DDaHyoNi,얍얍 하츄핑 맞추기 (3세~6세미만 시청 불가),2024-09-30,https://www.youtube.com/watch?v=zbJ5AAEDuPs
램램,"김뚜띠, 이춘향",1시간 내내 서로 못 믿는 뚜램춘 러시안룰렛,2024-10-04,https://www.youtube.com/watch?v=qIZjBxdbjVs
러너,강소연 Youtube,??? : 우리 탑 사람 아닌데? -[러너X강소연 롤 듀오],2024-10-05,https://www.youtube.com/watch?v=94updQy6f5I
얍얍,푸린,치지직 아기축구단 ㅣ FC25 SOOPERCUP,2024-10-07,https://www.youtube.com/watch?v=YeUgRZPO_wI
계화,러끼,건전한 썸네일에 환락의 도박판 (w. 러끼),2024-10-08,https://www.youtube.com/watch?v=aiMZSYmkyjI
얍얍,따효니DDaHyoNi,태양과 바다 그리고... ㅣ 🏳️인챈트 무인도 출발: 얍투부버전 EP.1,2024-10-10,https://www.youtube.com/watch?v=b8RAed4IHcE
금사향,빅헤드,빅헤드 우마이 ㅋㅋ,2024-10-10,https://www.youtube.com/watch?v=uYuj7_8Q0rw
램램,나나양,평균 연령 31살들의 노는 방법ㅋㅋㅋㅋㅋㅋㅋㅋ,2024-10-11,https://www.youtube.com/watch?v=SmWTQF-mX3U
핑맨,"악어 유튜브, 너불, 중력유튜브, 멋사유튜브",이세돌 입덕 했습니다.,2024-10-13,https://www.youtube.com/watch?v=U09JwPa-I8M
파크모,플래그,내가 언제 플래그를 세웠냐고 도대체가!!! #shorts,2024-10-14,https://www.youtube.com/watch?v=-4lV1qlBT-Q
얍얍,따효니DDaHyoNi,이별 여행 ㅣ 🏳️인챈트 무인도 1일 차: 얍투부버전 EP.2,2024-10-15,https://www.youtube.com/watch?v=bOQZvaok7S8
램램,"나나양, Youtube고차비",휘용님 무서워서 같이 게임 못하겠어요ㅠㅠㅠㅠ [슈퍼마리오 파티 잼버리],2024-10-17,https://www.youtube.com/watch?v=3UPYHhIagDE
핑맨,"악어 유튜브, 너불, 중력유튜브, 멋사유튜브",알파메일 되는 방법,2024-10-19,https://www.youtube.com/watch?v=8c-IhqPzHm4
러너,"탬탬버린, 동수칸TV, 다주, 철면수심, 따효니DDaHyoNi, 강소연 Youtube",효니야 이거 밸런스 맞아? 응 맞아~ - [롤 룩따대전],2024-10-19,https://www.youtube.com/watch?v=lOQxi2B6LPk
망내 MangNae,허니츄러스 HoneyChurros,망내&허니츄러스 브이로그 찍고왔습니다!!,2024-10-20,https://www.youtube.com/watch?v=F7ZAcfY8CFk
램램,나나양,(개웃김) 폐급 2명이 경찰특공대가 되면 생기는 일 [도어 키커스],2024-10-20,https://www.youtube.com/watch?v=R1VcIYIuIWA
핑맨,"악어 유튜브, 너불, 중력유튜브, 멋사유튜브",고세구 때문에 빡친 핑맨,2024-10-22,https://www.youtube.com/watch?v=ERrS-lEjlOg
램램,"푸린, 나나양, Youtube고차비",'공포게임 고수 3명'과 '쫄보 1명'의 학교 공겜 합방,2024-10-24,https://www.youtube.com/watch?v=w9Ek8JDoK3I
핑맨,"악어 유튜브, 너불, 중력유튜브, 멋사유튜브",스트리머 300명 접속한 GTA5 인생모드,2024-10-25,https://www.youtube.com/watch?v=VfJ63gz5sxw
얍얍,"괴물쥐 유튜브, 동수칸TV, 피닉스박",EP.1 '우린 함께 있을 때 무서울게 많은 X신이었다'   ㅣ 룩얍칸 X 쥐굽봉 좀보이드,2024-10-30,https://www.youtube.com/watch?v=8zM_ORYIw8M
램램,"수탉, 꽃핀, 머독, 빅헤드, 짬타수아, 끠끼",단 한 명만 살아남는 감옥에 갇혔습니다 (종겜동 내친소 10인 합방),2024-10-31,https://www.youtube.com/watch?v=C27CghOkm5E
콩콩이다,"양띵 유튜브, 삼식, 서넹, 후추, 다주","스트리머 300명이 참여한 GTA5 인생모드, 경찰로 시작합니다 - [ GTA5 인생모드 요양타운 1화 ]",2024-10-31,https://www.youtube.com/watch?v=M_os1L7TtFU
핑맨,"악어 유튜브, 너불, 중력유튜브, 멋사유튜브",시청자 2만명이 감탄한 핑맨 랩 라이브,2024-11-02,https://www.youtube.com/watch?v=0HzUYsnNDlQ
램램,YouTube지누,로동소년 램램과 지누,2024-11-03,https://www.youtube.com/watch?v=OWVwmxAevNM
콩콩이다,"양띵 유튜브, 삼식, 서넹, 후추, 다주",범죄자를 체포했더니 유명 인플루언서 였습니다.... - [ GTA5 인생모드 요양타운 2화 ],2024-11-04,https://www.youtube.com/watch?v=2BzeFLicQ5g
얍얍,"괴물쥐 유튜브, 동수칸TV, 피닉스박",EP.2 폐급의 기준  ㅣ 룩얍칸 X 쥐굽봉 좀보이드,2024-11-05,https://www.youtube.com/watch?v=1WUXRKjHKNI
램램,"YouTube지누, 탬탬버린, 김똘복",지누랑 탬탬이랑 똘복이랑 조트 합방ㅋㅋㅋㅋㅋ,2024-11-06,https://www.youtube.com/watch?v=CZ63aWXUaEA
램램,탬탬버린,개무서운 탬탬버린 귀신,2024-11-06,https://www.youtube.com/watch?v=h232oBFraUk
핑맨,"악어 유튜브, 너불, 중력유튜브, 멋사유튜브",교통사고 당해서 입원 했습니다.,2024-11-08,https://www.youtube.com/watch?v=p2vxNCPiwbw
계화,러끼,성우님과 더빙을 같이 하라구요???,2024-11-09,https://www.youtube.com/watch?v=MR_rO5MwZqY
램램,"푸린, 설백, 꽃핀","올해 가장 크게 웃었던 백룸 컴퍼니 공포 게임 합방ㅋㅋㅋㅋ(꽃핀,설백,푸린)",2024-11-09,https://www.youtube.com/watch?v=zNYfNt8Fkyo
핑맨,"악어 유튜브, 너불, 중력유튜브, 멋사유튜브",스텔라이브 입덕,2024-11-11,https://www.youtube.com/watch?v=GrgX6WU3oFY
콩콩이다,"양띵 유튜브, 삼식, 서넹, 후추, 다주",서럽게 우는 여자를 달래주는 상남자의 방법 - [ GTA5 인생모드 요양타운 3화 ],2024-11-13,https://www.youtube.com/watch?v=rciYRjKbJOE
망개,"임나은, 윤이샘",[주루마블] 언니들을 따라 큰 결심을 한 나...,2024-11-14,https://www.youtube.com/watch?v=xqTKga4-9Nk
콩콩이다,"양띵 유튜브, 삼식, 서넹, 후추, 다주",경찰의 공권력으로 여자분 번호를 쉽게 따버렸습니다.  - [ GTA5 인생모드 요양타운 4화 ],2024-11-20,https://www.youtube.com/watch?v=JQUHhzXLKn0
얍얍,러너,[#러너대회]  4강전  DAY1 HIGHLIGHT  박나나팀 ㅣ RE-IGNITION ㅣ TOP 얍얍.ver,2024-11-22,https://www.youtube.com/watch?v=623wU_CfREY
러너,"삼식, 따효니DDaHyoNi",해적단 출항하겠습니다 - [리그 오브 레전드 러너대회 시즌1],2024-11-22,https://www.youtube.com/watch?v=lMbp8rrDVZA
망내 MangNae,허니츄러스 HoneyChurros,평범한 시골 소녀였던 내가 버튜버로 데뷔해 구독자 40만명의 SSS급 버튜버와 같은 그룹에서 빨간약을 공개?!,2024-11-23,https://www.youtube.com/watch?v=Ng8NbuC8pcg
램램,YouTube지누,지누야 숨참아^^,2024-11-24,https://www.youtube.com/watch?v=OxS3BIyWVGw
핑맨,"악어 유튜브, 너불, 중력유튜브, 멋사유튜브",애니 OST 월드컵,2024-11-24,https://www.youtube.com/watch?v=4fGn-GZK3Qg
콩콩이다,"양띵 유튜브, 삼식, 서넹, 후추, 다주",경찰 후배가 눈물을 흘리며 찾아왔네요... - [ GTA5 인생모드 요양타운 5화 ],2024-11-25,https://www.youtube.com/watch?v=ewlhrzq85aw
망개,"윤이샘, 꽃핀",내가 막내 맞지?,2024-11-27,https://www.youtube.com/watch?v=rIJqnhujFqs
핑맨,"악어 유튜브, 너불, 중력유튜브, 멋사유튜브",표독해진 고세구 ㅋㅋㅋ,2024-11-27,https://www.youtube.com/watch?v=pDnvnKhgSOA
핑맨,"악어 유튜브, 너불, 중력유튜브, 멋사유튜브",봉누도 : 범죄도시,2024-12-02,https://www.youtube.com/watch?v=WwdadEheBo4
중력유튜브,"너불, 핑맨",논란. [GTA5 요양타운],2024-12-03,https://www.youtube.com/watch?v=XcuFm7f45_E
램램,"YouTube지누, 나나양",너 개못하잖아,2024-12-04,https://www.youtube.com/watch?v=meUUoFVySW0
중력유튜브,"너불, 핑맨",라그나로크 : 히든 시나리오 OOOO 등장?!,2024-12-07,https://www.youtube.com/watch?v=-617SJUGbcs
뇨롱이_YouTube,러너,첫날부터 러아강에게 납치 당해쒀요ㅠㅠㅠ【봉누도 뇨첸 1화】,2024-12-08,https://www.youtube.com/watch?v=k83bhKLD810
얍얍,"괴물쥐 유튜브, 동수칸TV, 피닉스박",EP.3 폐급 원정대ㅣ 룩얍칸 X 쥐굽봉 좀보이드,2024-12-08,https://www.youtube.com/watch?v=YtJHk7ANGQ8
핑맨,"악어 유튜브, 너불, 중력유튜브, 멋사유튜브",봉누도 : 경찰 납치 [강둘기 래퍼핑 첫 만남],2024-12-09,https://www.youtube.com/watch?v=0oy1Ve9V6qg
램램,"푸린, YouTube지누, 아구이뽀 A924, 꽃핀",어몽어스 같은 마피아 게임 8인 합방 [데스노트 킬러위딘],2024-12-09,https://www.youtube.com/watch?v=KzaCkNzJG4I
콩콩이다,"양띵 유튜브, 삼식, 서넹, 후추, 다주","경찰,EMS의 4:4 소개팅을 나왔습니다...  - [ GTA5 인생모드 요양타운 6화 ]",2024-12-11,https://www.youtube.com/watch?v=AGm3jf7U82I
계화,"백곰파, 장마군",선배님도 솔직히 원하잖아요 [스타레일],2024-12-12,https://www.youtube.com/watch?v=MZ5KP7ZfX08
뇨롱이_YouTube,"텐코 시부키 TENKO SHIBUKI, 마레플로스",불법 밀입국 파티 구하는 중국인ㅋㅋㅋ 【봉누도 뇨첸 2화】,2024-12-13,https://www.youtube.com/watch?v=onuX8z2W1dc
콩콩이다,"양띵 유튜브, 삼식, 서넹, 후추, 다주",남자경찰의 용기있는 사랑과 질색팔색을 하는 여자 경찰 - [ GTA5 인생모드 요양타운 7화 ],2024-12-13,https://www.youtube.com/watch?v=zWNdyigR6Yg
디디디용 DDDDragon,공룡,[봉누도 2화] 결국 세상으로 퍼져나가고 마는 그 공룡의 모습...,2024-12-14,https://www.youtube.com/watch?v=QYXAn8jmtsc
중력유튜브,"너불, 핑맨",라그나로크 : 시작이 있으면 끝도 있는 법,2024-12-14,https://www.youtube.com/watch?v=l6U84ZzKSro
콩콩이다,"양띵 유튜브, 삼식, 서넹, 후추, 다주",결국 놀이공원 데이트를 하게 되었습니다ㅎㅎㅋㅋ - [ GTA5 인생모드 요양타운 8화 ],2024-12-15,https://www.youtube.com/watch?v=xXKifd0-gtI
중력유튜브,"너불, 핑맨",새로운 우결 시작..?,2024-12-15,https://www.youtube.com/watch?v=osAxKBqC9iU
얍얍,"괴물쥐 유튜브, 동수칸TV, 피닉스박",EP.4  Creep ㅣ 룩얍칸 X 쥐굽봉 좀보이드,2024-12-15,https://www.youtube.com/watch?v=CfosYoTE2Dk
뇨롱이_YouTube,실프,중국인 괴롭히는 봉누도 경찰 고발합니다 【봉누도 뇨첸 3화】,2024-12-15,https://www.youtube.com/watch?v=6zAyq9ygrbA
핑맨,"악어 유튜브, 너불, 중력유튜브, 멋사유튜브",봉누도 : 병원장 vs 래퍼핑,2024-12-15,https://www.youtube.com/watch?v=05yUwI0ijQY
콩콩이다,"양띵 유튜브, 삼식, 서넹, 후추, 다주",경찰서에 길을 잃은 아이가 찾아왔습니다..  - [ GTA5 인생모드 요양타운 9화 ],2024-12-17,https://www.youtube.com/watch?v=xCRVdJffEiI
뇨롱이_YouTube,강소연 Youtube,강둘기 나랑 같이 갱 만들래...? 【봉누도 뇨첸 4화】,2024-12-17,https://www.youtube.com/watch?v=tCnVNWjzryI
핑맨,"악어 유튜브, 너불, 중력유튜브, 멋사유튜브",봉누도 : 인질극,2024-12-18,https://www.youtube.com/watch?v=Z4s3NKZ77c8
램램,꽃핀,진심 협동 1도 안되는 3명의 협동게임 합방,2024-12-18,https://www.youtube.com/watch?v=TVN_EgkDpHs
꽃핀,설백,설백아.. 나 귀가 안들려..,2024-12-19,https://www.youtube.com/watch?v=xnyqjsvs5Pk
담유이 DamYui,코렛트YouTube,코렛트님 이거 팀킬이에요,2024-12-19,https://www.youtube.com/watch?v=g8Lfls3YUDE
악녀,"YouTube지누, 임나은",지누랑임나은이랑 굶지말고살아남기/플레이스쿼드[광고],2024-12-19,https://www.youtube.com/watch?v=J1rr2EVGHOg
얍얍,"인간젤리, 댕균",슈퍼 지구를 위하여 ! ㅣ HELLDIVERS 2 합방,2024-12-19,https://www.youtube.com/watch?v=j3tqfYIQDs4
뇨롱이_YouTube,"장마군, 강소연 Youtube","강둘기와 함께하는 인도 여행, 소에게 소원 빌기 체험! 【봉누도 뇨첸 5화】",2024-12-20,https://www.youtube.com/watch?v=GZQPmZERD2o
핑맨,"악어 유튜브, 너불, 중력유튜브, 멋사유튜브",봉누도 : 간호사 30명한테 쫓기는 남자,2024-12-21,https://www.youtube.com/watch?v=zgTLLnwvOO8
뇨롱이_YouTube,"마레플로스, 사모장","무차별 폭행, 외노자라 당한 충격적인 사건!!!!!!! 【봉누도 뇨첸 6화】",2024-12-23,https://www.youtube.com/watch?v=Iq7AWFuwWDk
램램,"나나양, Youtube고차비",친구들과 기차 타고 일본 전국 여행,2024-12-24,https://www.youtube.com/watch?v=6TmPihZK6UE
오화요 Ohwayo,"탬탬버린, 채현찌, 명예훈장, 따효니DDaHyoNi",[봉누도 콘서트] 오화요 - You Are My Everything / 스트리머 반응,2024-12-26,https://www.youtube.com/watch?v=mIiBuQvMjCw
콩콩이다,"양띵 유튜브, 삼식, 서넹, 후추, 다주",로블록스에서 학살을 했습니다.. - [ 로블록스 릴레이 챌린지 ],2024-12-27,https://www.youtube.com/watch?v=bnyPOKd-4rU
콩콩이다,"양띵 유튜브, 삼식, 서넹, 후추, 다주",요즘 로블록스 근황 실화야?,2024-12-27,https://www.youtube.com/watch?v=KPnfzGgBO4k
뇨롱이_YouTube,"플레임[이호종], 초승달",운명의 라이벌 등장! 중국 외노자 뇨첸 vs 갱 단원 마석두! 【봉누도 뇨첸 7화】,2024-12-27,https://www.youtube.com/watch?v=1smh6NYUiao
램램,"나나양, 악녀","사장만 폐급인 햄버거 가게 (w.나나양,악녀,휘용)",2024-12-29,https://www.youtube.com/watch?v=xbES4xphpT4
뇨롱이_YouTube,"장마군, 강소연 Youtube","싸움 vs 돈, 혼돈의 CIA 보스 결정전!!!! 【봉누도 뇨첸 8화】",2024-12-30,https://www.youtube.com/watch?v=ll1R9yKYTbE
핑맨,"악어 유튜브, 너불, 중력유튜브, 멋사유튜브",시청자 27만명 찍은 봉누도 역대급 전쟁,2024-12-30,https://www.youtube.com/watch?v=t1_2aWitjS4
얍얍,따효니DDaHyoNi,[2025] 신년특집 얍얍 91즈 모음집.zip,2025-01-01,https://www.youtube.com/watch?v=4DFZ10tBQ44
핑맨,"악어 유튜브, 너불, 중력유튜브, 멋사유튜브",봉누도 : 극장판,2025-01-03,https://www.youtube.com/watch?v=g9fdhi_Km5E
뇨롱이_YouTube,따효니DDaHyoNi,너무 착한 한국 정치인 현상백! CIA에 아지트 준다고?! 【봉누도 뇨첸 9화】,2025-01-03,https://www.youtube.com/watch?v=pRVIh4heKEc
콩콩이다,"양띵 유튜브, 삼식, 서넹, 후추, 다주",새차를 30분만에 개박살내는 레전드 운전사를 만났습니다;; - [ GTA5 인생모드 요양타운 10화 ],2025-01-04,https://www.youtube.com/watch?v=hNaVIrqduw4
콩콩이다,"양띵 유튜브, 삼식, 서넹, 후추, 다주",찐따가 수영장 클럽 파티에 가서 노는방법...😭 - [ GTA5 인생모드 요양타운 11화 ],2025-01-06,https://www.youtube.com/watch?v=bdHQPs6IjKc
핑맨,"악어 유튜브, 너불, 중력유튜브, 멋사유튜브",스텔라이브 메이드 카페,2025-01-08,https://www.youtube.com/watch?v=nEKonVaqVPM
얍얍,PAKA,[2025] 수상할 정도로 스트리머 얍얍을 사랑한 팬덤 얍줌마 모음집.zip,2025-01-08,https://www.youtube.com/watch?v=N_QiHyJsUMU
콩콩이다,"양띵 유튜브, 삼식, 서넹, 후추, 다주",드디어 원하던 람보르기니를 뽑았습니다 - [ GTA5 인생모드 요양타운 12화 ],2025-01-08,https://www.youtube.com/watch?v=rVIirYL0CIM
뇨롱이_YouTube,"장마군, 강소연 Youtube","하얼빈에서 온 상큼한 메이드, 뇨첸이야 헤이~ 【봉누도 뇨첸 10화】",2025-01-09,https://www.youtube.com/watch?v=codFeZtn0xQ
핑맨,"악어 유튜브, 너불, 중력유튜브, 멋사유튜브",봉누도 : 마지막 전쟁,2025-01-10,https://www.youtube.com/watch?v=NLoIGR-Vzfg
망내 MangNae,허니츄러스 HoneyChurros,망내 구독자 2만 기념 브이로그!!! 선물?을 받았어요..,2025-01-11,https://www.youtube.com/watch?v=eV8i-IUuM0M
핑맨,"악어 유튜브, 너불, 중력유튜브, 멋사유튜브",핑맨 버츄얼 아이돌 레보스 논란,2025-01-12,https://www.youtube.com/watch?v=TVoAi-SHoBY
램램,"나나양, 악녀",합방할 때마다 레전드 찍는 휘용ㅋㅋㅋ웃겨서 눈물남ㅠㅠㅠㅠㅋㅋㅋㅋ,2025-01-14,https://www.youtube.com/watch?v=6MCtOSCfZCs
핑맨,"악어 유튜브, 너불, 중력유튜브, 멋사유튜브",봉누도 하이라이트 명장면 월드컵,2025-01-14,https://www.youtube.com/watch?v=fUiE85Ug1XA
담유이 DamYui,강지,강지님 저 폐급 아니에요...,2025-01-14,https://www.youtube.com/watch?v=DwOCTKkCBYI
뇨롱이_YouTube,따효니DDaHyoNi,'봉누도의 봄' 숨은 공신! 유일하게 현상백의 진심을 알아챈 사람 【봉누도 뇨첸 11화】,2025-01-15,https://www.youtube.com/watch?v=PpsRdsPhZzw
핑맨,"악어 유튜브, 너불, 중력유튜브, 멋사유튜브",버츄얼 아이돌 레보스 핑맨 첫 만남,2025-01-16,https://www.youtube.com/watch?v=YZECXIWac7o
램램,"강지, 악녀",9인 합방인데 나 빼고 다 여자..?,2025-01-18,https://www.youtube.com/watch?v=MnXZAXIJbh8
핑맨,"악어 유튜브, 너불, 중력유튜브, 멋사유튜브",여자친구 생겼습니다,2025-01-19,https://www.youtube.com/watch?v=EBh7Ic8svQ8
Youtube고차비,"램램, 나나양",1vs3에서 3을 담당하고 있습니다.,2025-01-19,https://www.youtube.com/watch?v=J_YX1igEU28
핑맨,"악어 유튜브, 너불, 중력유튜브, 멋사유튜브",예쁜 여자랑 사귀는 방법,2025-01-21,https://www.youtube.com/watch?v=BlPk8HRzdm8
램램,"김뚜띠, 이춘향",마크 경력 합쳐서 최소 '30년'의 점프맵 [뚜램춘 점프맵],2025-01-22,https://www.youtube.com/watch?v=3Y8t8NsXWoE
후추,양띵 유튜브,사내연애를 꿈꾸는 오피스물 [블랙 하트],2025-01-22,https://www.youtube.com/watch?v=fBD81qfadXw
핑맨,"악어 유튜브, 너불, 중력유튜브, 멋사유튜브",레보스 vs 핑맨 랩 배틀,2025-01-23,https://www.youtube.com/watch?v=1AsPzgzAbDk
러너,"따효니DDaHyoNi, 인간젤리, 얍얍",게이밍 슈트 입었습니다.. -[젤게임 : 겟 투 워크],2025-01-23,https://www.youtube.com/watch?v=_MMUsmlGeyY
후추,양띵 유튜브,누나들이 마구마구 울면서 고백한다 [봉누도 기면진],2025-01-24,https://www.youtube.com/watch?v=vcAI6DXgQkA
램램,"김뚜띠, 이춘향",진심 개웃겼던 뚜램춘 카트ㅋㅋㅋㅋㅋㅋㅋㅋㅋㅋㅋ,2025-01-24,https://www.youtube.com/watch?v=_94gmin0CQA
뇨롱이_YouTube,"마레플로스, 장마군, 강소연 Youtube","봉누도 남북전쟁, CIA 뇨첸의 마지막이야기!!! 【봉누도 뇨첸 12화 完】",2025-01-24,https://www.youtube.com/watch?v=a057OBGJDKs
핑맨,"악어 유튜브, 너불, 중력유튜브, 멋사유튜브",스텔라이브 노래 월드컵 궁극기,2025-01-24,https://www.youtube.com/watch?v=HQmVaUdch_I
후추,"양띵 유튜브, 강지, 임나은","""나야, 기면진"" [봉누도 기면진 - 1편]",2025-01-28,https://www.youtube.com/watch?v=Tj3VDPRoEhY
핑맨,"악어 유튜브, 너불, 중력유튜브, 멋사유튜브",버츄얼 아이돌 레보스 핑맨 논란 해명합니다,2025-01-31,https://www.youtube.com/watch?v=3U8nIy7GXao
얍얍,"플레임[이호종], 따효니DDaHyoNi",9시까지 모이자메,2025-01-31,https://www.youtube.com/watch?v=h0ffUskv9IM
후추,"양띵 유튜브, 강지, 텐코 시부키 TENKO SHIBUKI","루루카, 너 내꺼 해라 [봉누도 기면진 - 2편]",2025-01-31,https://www.youtube.com/watch?v=GuIVzlYtSCQ
뇨롱이_YouTube,"마레플로스, 장마군",한방에 팔로우 10000명 모은 전설의 리썰컴퍼니 합방ㅋㅋㅋ,2025-02-01,https://www.youtube.com/watch?v=rtJ0TpgRNVs
후추,"양띵 유튜브, 강지",봉누도 최악의 커플 [봉누도 기면진 - 3편],2025-02-02,https://www.youtube.com/watch?v=0mONxRD1mko
망내 MangNae,허니츄러스 HoneyChurros,여러분 죄송합니다.. 근데 블루라벨 그정돈가 ㅇㅅㅇ,2025-02-02,https://www.youtube.com/watch?v=vX4fvVlLRNY
핑맨,"악어 유튜브, 너불, 중력유튜브, 멋사유튜브",게임에서 만난 여자친구,2025-02-03,https://www.youtube.com/watch?v=waQ_wyu8FMY
램램,악녀,악녀야 너도 깨지고 싶지 않으면 잘 하자 ^^,2025-02-03,https://www.youtube.com/watch?v=VJ-TA-ytmBY
웁TV,"금사향, 위도 W2RDØ",진짜 돌을 줘봤다,2025-02-03,https://www.youtube.com/watch?v=QUT6HcdiueY
금사향,YouTube지누,지누님 해명 부탁드립니다!,2025-02-04,https://www.youtube.com/watch?v=lES5zH9gZyE
Youtube고차비,"램램, 푸린, 나나양",동료 버려? 동료 버려?! 동료 버려?!?,2025-02-05,https://www.youtube.com/watch?v=BpjCZQEihC0
핑맨,"악어 유튜브, 너불, 중력유튜브, 멋사유튜브",레식,2025-02-05,https://www.youtube.com/watch?v=wt9SlIPMYW8
후추,"양띵 유튜브, 강지, 임나은, 채현찌",1.단 도망을 가 [봉누도 기면진 - 4편],2025-02-05,https://www.youtube.com/watch?v=VGF27dR8r_Y
금사향,YouTube지누,지누 관심 주는중~,2025-02-07,https://www.youtube.com/watch?v=1tGDDHJ4Z_w
램램,꽃핀,꽃핀이랑 마크 감옥에서 탈출하기,2025-02-07,https://www.youtube.com/watch?v=G8XYGWYdXeQ
망내 MangNae,허니츄러스 HoneyChurros,허츄 언니 '멕이기' 해봤습니다!,2025-02-08,https://www.youtube.com/watch?v=MJrUrpZFgP4
뇨롱이_YouTube,"마레플로스, Hyang Ah Chi 향아치, 장마군",향아치님께 창덕궁 초대 받았습니다ㄷㄷㄷ,2025-02-09,https://www.youtube.com/watch?v=R2dzLR95jrs
핑맨,"악어 유튜브, 너불, 중력유튜브, 멋사유튜브",스텔라이브 vs 스텔라이브 사장,2025-02-09,https://www.youtube.com/watch?v=UzojL89lE7U
후추,"양띵 유튜브, 강지, 아라하시 타비 ARAHASHI TABI, 임나은, 너불, 따효니DDaHyoNi",무전유죄 [봉누도 기면진 - 5편],2025-02-09,https://www.youtube.com/watch?v=MulWbIc1IPM
웁TV,나나양,어..갑자기?,2025-02-10,https://www.youtube.com/watch?v=SXPDDGR8HSg
얍얍,"강지, 삼식, 플레임[이호종], 따효니DDaHyoNi, 인간젤리",따효니의 자존심을 채우려고 모두 내전에 모였지만 아무도 게임을 시작하지 않았다,2025-02-10,https://www.youtube.com/watch?v=N0BpvbiBuBc
핑맨,"악어 유튜브, 너불, 중력유튜브, 멋사유튜브",시청자 10만명이 놀란 핑맨 랩 라이브 반응,2025-02-12,https://www.youtube.com/watch?v=vy2Ga4pe9u4
후추,"양띵 유튜브, 강지, 임나은, 너불, 연비니, 멋사유튜브, LookSam",꿈을 꾸었습니다. 아주 행복한 꿈을 [봉누도 기면진 - 완],2025-02-12,https://www.youtube.com/watch?v=YTAqdnaBGco
핑맨,"악어 유튜브, 너불, 중력유튜브, 멋사유튜브",래퍼핑 강둘기 = 미친놈들,2025-02-16,https://www.youtube.com/watch?v=oHZSTZnZSHM
후추,양띵 유튜브,어딘가 모자란 마피아 게임,2025-02-17,https://www.youtube.com/watch?v=1j9BFmNXlCk
핑맨,"악어 유튜브, 너불, 중력유튜브, 멋사유튜브",왁타버스 핑맨이 나왔다고..?!,2025-02-18,https://www.youtube.com/watch?v=VDnNLD8U6e8
후추,"양띵 유튜브, 삐부찡, 만득유튜브, 멋사유튜브, 서넹, 다주, 이춘향, 아론 페이지",익숙한 향기가 나는 초대형 신입래퍼,2025-02-20,https://www.youtube.com/watch?v=CYOeYDff4Qk
웁TV,나나양,야 너 재능있다,2025-02-20,https://www.youtube.com/watch?v=zRx7gJVIOCA
후추,"양띵 유튜브, 다주",소고기와 젤리,2025-02-22,https://www.youtube.com/watch?v=HziqB_drf1E
핑맨,"악어 유튜브, 하나코 나나 HANAKO NANA, 너불, 중력유튜브, 멋사유튜브",하나코 나나 x 핑맨 - 불법듀엣,2025-02-22,https://www.youtube.com/watch?v=iFG1mZldLb0
뇨롱이_YouTube,"후추, 장마군, 강소연 Youtube, 캡틴잭",38시간 동안 다이아 7000개를 캔 마크 뉴비 【다이아게임 / 뇨롱로드】,2025-02-23,https://www.youtube.com/watch?v=anICKiO-2Dc
램램,"나나양, 김뚜띠","간호사 눈나한테서 도망치는 공포게임 (w. 김뚜띠, 나나양)",2025-02-23,https://www.youtube.com/watch?v=g2VeMixeLiY
디디디용 DDDDragon,허니츄러스 HoneyChurros,허니츄러스를 욕하게 한 장본인,2025-02-25,https://www.youtube.com/watch?v=U0qVnPSQK1s
핑맨,"악어 유튜브, 너불, 중력유튜브, 멋사유튜브",13년차 방송인 핑맨 논란,2025-02-25,https://www.youtube.com/watch?v=lnOSehQWV_4
핑맨,"악어 유튜브, 너불, 중력유튜브, 멋사유튜브",버츄얼 아이돌 소신발언 하겠습니다.,2025-02-26,https://www.youtube.com/watch?v=n5vBX7mFblw
후추,양띵 유튜브,후튜브 초비상,2025-02-26,https://www.youtube.com/watch?v=rDxzQE_iyOI
웁TV,"금사향, 위도 W2RDØ",아 너가 그 유명한 영애님이야? ㅋㅋㅋ,2025-02-26,https://www.youtube.com/watch?v=HCAvxsVmjpU
담유이 DamYui,아빠킹,역스윕으로 이기고 아빠킹님이 인정해주셨습니다...,2025-02-27,https://www.youtube.com/watch?v=vQ0wHxh9wKs
램램,"나나양, 김뚜띠",이번엔 뚜램나 버튼찾기 [마인크래프트],2025-02-28,https://www.youtube.com/watch?v=SzYzbr9AvH8
핑맨,"악어 유튜브, 너불, 중력유튜브, 멋사유튜브",핑맨 버츄얼 최초 공개,2025-03-01,https://www.youtube.com/watch?v=ogaXAUt4lgQ
핑맨,"악어 유튜브, 너불, 중력유튜브, 멋사유튜브",일진 해명합니다,2025-03-03,https://www.youtube.com/watch?v=ISyxfIHsJ_Q
핑맨,"악어 유튜브, 너불, 중력유튜브, 멋사유튜브",브이믹스,2025-03-04,https://www.youtube.com/watch?v=HPwETcHNJHE
디디디용 DDDDragon,YouTube지누,지누님.. 일부러 그런 건 아니에요..,2025-03-05,https://www.youtube.com/watch?v=oV-1inmI2jo
금사향,나부,하나부터 열까지 다 웁님을 위한 잔소리,2025-03-06,https://www.youtube.com/watch?v=o9BJU7EdOgc
후추,"양띵 유튜브, 채현찌, 디디디용 DDDDragon, 콩콩이다",배그대회 상금 도둑,2025-03-08,https://www.youtube.com/watch?v=jjgBpVyqzTc
핑맨,"악어 유튜브, 너불, 중력유튜브, 멋사유튜브",청백가요대전 비몽x핑맨 노래 반응,2025-03-08,https://www.youtube.com/watch?v=l47o2GGFcAg
디디디용 DDDDragon,YouTube지누,테일즈런너로 지누님 도발하기,2025-03-08,https://www.youtube.com/watch?v=K3cC73fwmAw
핑맨,"악어 유튜브, 너불, 중력유튜브, 멋사유튜브",스트리머 왕따 이슈,2025-03-10,https://www.youtube.com/watch?v=zlKE2YY61Gc
이로나묭 치카 【Ch. Mao Chika】,"너불, 빅헤드","마크 엔더 드래곤 뉴비 둘, 빅헤드 너불 ""해 줘""",2025-03-10,https://www.youtube.com/watch?v=5XMQSoRTNKs
핑맨,"악어 유튜브, 너불, 중력유튜브, 멋사유튜브",핑맨이 보고싶은 고세구,2025-03-12,https://www.youtube.com/watch?v=cuWerZAeCJA
램램,"김뚜띠, 이춘향",믿고 보는 뚜램춘 마크 점프맵 [마인크래프트],2025-03-12,https://www.youtube.com/watch?v=W7Lwipd_Pa4
후추,양띵 유튜브,집이 쓰레기장이네?,2025-03-15,https://www.youtube.com/watch?v=QnrMNZBx4gU
뇨롱이_YouTube,"마레플로스, 장마군, 강소연 Youtube",환장하는 4개국 외국인 해적단 CIA 출항! 【씨오브 시브즈】,2025-03-15,https://www.youtube.com/watch?v=W1xD-b2121I
핑맨,"악어 유튜브, 너불, 중력유튜브, 멋사유튜브",여자 버츄얼 노래 월드컵,2025-03-15,https://www.youtube.com/watch?v=75uWu8Lnzso
금사향,윤이샘,윤이샘 으흐흐...,2025-03-15,https://www.youtube.com/watch?v=1aXauZFUIF4
램램,"나나양, 김뚜띠, 이춘향","스팀에서 할 수 있는 660원 4인 야추 게임 (w. 김뚜띠, 나나양, 이춘향)",2025-03-16,https://www.youtube.com/watch?v=nUmuEEEcU7Q
꽃핀,푸린,이뽀랑 푸린이한테 요리 해주기로 했습니다,2025-03-19,https://www.youtube.com/watch?v=MFY_DkJIjqs
램램,"YouTube지누, 너불, 채현찌",덕몽어스+꼬리잡기 느낌의 스팀 신작 게임 '귀귀살전' 8인 합방,2025-03-21,https://www.youtube.com/watch?v=rI6fuN1ZtPE
뇨롱이_YouTube,"마레플로스, 장마군, 강소연 Youtube",CIA가 왜 공포게임 동아리가 된거냐고!!!!! 【페니코어】,2025-03-22,https://www.youtube.com/watch?v=S0HDYbaJi3U
후추,"양띵 유튜브, 서넹, 강소연 Youtube, 초승달",인챈트 퇴출 위기의 김후추,2025-03-22,https://www.youtube.com/watch?v=1wsDZoFXDmw
Youtube고차비,"강지, 아구이뽀 A924",이뽀 덕분에 천만 원 벌고 갑니다😋,2025-03-23,https://www.youtube.com/watch?v=cL9arhmLCoE
핑맨,"악어 유튜브, 너불, 중력유튜브, 멋사유튜브",시청자 2만명이 감탄한 노래 라이브 : 브이믹스 본선,2025-03-23,https://www.youtube.com/watch?v=J4HEgmehdo8
후추,양띵 유튜브,아니 이거 왜 재밌냐?,2025-03-23,https://www.youtube.com/watch?v=tGkeNY5uYqM
램램,"YouTube지누, 나나양, 탬탬버린, 악녀, 이춘향",모든 판이 레전드였던 10인 개꿀잼 꼬리잡기 합방ㅋㅋㅋㅋㅋㅋ,2025-03-24,https://www.youtube.com/watch?v=o-GGYWu22J0
금사향,위도 W2RDØ,위도 망치 깡깡깡!!!,2025-03-26,https://www.youtube.com/watch?v=FZermyX-Syk
핑맨,"악어 유튜브, 너불, 중력유튜브, 멋사유튜브",고세구 소신발언 하겠습니다.,2025-03-27,https://www.youtube.com/watch?v=GieVu3Jbz5k
Youtube고차비,위도 W2RDØ,사람이 어떻게 887 ㅋㅋㅋㅋㅋㅋㅋ ☺️,2025-03-28,https://www.youtube.com/watch?v=WoeQKVrXjW4
이로나묭 치카 【Ch. Mao Chika】,"설백, 연비니","모카 치카 연비니 설백 쫄보 둘, 강심장 둘 ""REPO""",2025-03-28,https://www.youtube.com/watch?v=8KqOjr8xbcg
후추,"양띵 유튜브, 플레임[이호종]",내가 만든 카레 먹방 그리고 멤버쉽,2025-03-29,https://www.youtube.com/watch?v=YdG-BUdZXyI
뇨롱이_YouTube,"마레플로스, 장마군","과거로 돌아간 CIA, 우린 왜 여기서도 합이 안맞아?ㅋㅋㅋ",2025-03-31,https://www.youtube.com/watch?v=Top_YY8EQGc
핑맨,"악어 유튜브, 너불, 중력유튜브, 멋사유튜브",생방송 시청자 1위 찍은 버츄얼 노래 대회 브이믹스,2025-03-31,https://www.youtube.com/watch?v=CSSj2pgRgyA
후추,양띵 유튜브,속이 답답해지는 영상,2025-04-02,https://www.youtube.com/watch?v=FZbhD7onueY
후추,양띵 유튜브,진짜 오래간만에 택배깡,2025-04-05,https://www.youtube.com/watch?v=7wIn8zckQFI
램램,"푸린, 설백, 꽃핀","공포게임 고인물 1명과 허접 3명이 함께한 리포 (꽃핀,설백,푸린)",2025-04-05,https://www.youtube.com/watch?v=7Z1mHNUG9NQ
핑맨,"악어 유튜브, 너불, 중력유튜브, 멋사유튜브",얼굴 공개된 버츄얼 빨간약 논란,2025-04-05,https://www.youtube.com/watch?v=DCjEzbFJPQo
망개,금사향,숲에서 사귄 친구 소개 시켜주기,2025-04-06,https://www.youtube.com/watch?v=woaLGNGFP0U
디디디용 DDDDragon,장마군,장마군은 놔두라고!!!!!!,2025-04-07,https://www.youtube.com/watch?v=wz99OIJg07Q
중력유튜브,"너불, 핑맨",전쟁중 예고편,2025-04-07,https://www.youtube.com/watch?v=hTN5_aIYtLA
핑맨,"악어 유튜브, 너불, 중력유튜브, 멋사유튜브",헤어진 여자친구 만났습니다,2025-04-08,https://www.youtube.com/watch?v=Sk3PXfwPkmQ
후추,양띵 유튜브,딸.평.회 (그런거 아닙니다),2025-04-09,https://www.youtube.com/watch?v=VXRT9Nvxk20
Bang,T1 Faker,"페이커의 1,000번째 경기와 스매쉬의 1번째 경기 | 1R T1 vs KT│2025 LCK 하이라이트",2025-04-10,https://www.youtube.com/watch?v=fRriz6Z847E
후추,"양띵 유튜브, 뇨롱이_YouTube, 마레플로스, 다주, 백곰파, 장마군, 강소연 Youtube","로블록스에서 ""님 엄마 타노스"" 소리를 듣다",2025-04-12,https://www.youtube.com/watch?v=Jv31dne3oPc
Youtube고차비,나나양,나나양이 보내준 게임 켠왕선언!!!! 😎,2025-04-12,https://www.youtube.com/watch?v=x4UiHxK_HTY
Hyang Ah Chi 향아치,유콘,민화 속 동물들은 어떻게 그릴까?｜동양화 배우기 2,2025-04-16,https://www.youtube.com/watch?v=9NFrdhZJ_iU
후추,"양띵 유튜브, 플레임[이호종]",화초생이 뭔데,2025-04-16,https://www.youtube.com/watch?v=KMLSM3sOynk
윤가놈,샘웨,에픽세븐 설치기사 샘웨님이 찾아오셨습니다【에픽세븐】,2025-04-17,https://www.youtube.com/watch?v=EJY_6hYlXa8
윤가놈,샘웨,날렸다고 하지 말아주세요 #shorts,2025-04-17,https://www.youtube.com/watch?v=jVAzIvoZ148
램램,나나양,9999kg 돌 옮겨야 하는데 같이 옮기는 사람이 나나양임;;,2025-04-17,https://www.youtube.com/watch?v=LgAvP3ufIK8
담유이 DamYui,오화요 Ohwayo,괜찮겠어? 난 멈출 줄 모르는 오화요인데...,2025-04-19,https://www.youtube.com/watch?v=kNR2xT8ApIA
후추,양띵 유튜브,1000억 들인 게임의 맛은 어떨까?,2025-04-19,https://www.youtube.com/watch?v=vXuvrz4_fvM
임나은,"강지, 탬탬버린",꺄르륵 듀오가 합심해서 긁었더니 ㅋㅋㅋㅋ,2025-04-19,https://www.youtube.com/watch?v=flMaAmn5OFc
핑맨,"악어 유튜브, 너불, 중력유튜브, 멋사유튜브",과즙세연 핑맨 해명합니다,2025-04-20,https://www.youtube.com/watch?v=OV1AKibkN_8
램램,"나나양, 악녀","백룸 청소 업체 차렸는데 알바생 2명이 또 폐급임...ㅎㅎ (나나양, 악녀)",2025-04-21,https://www.youtube.com/watch?v=w1FGcTXMphA
뇨롱이_YouTube,마레플로스,시청자 4000명이 몰려온 전설의 공포게임 【파피플레이타임1】,2025-04-21,https://www.youtube.com/watch?v=K0VOVqwve9E
램램,나나양,"손님, 직원 둘 다 이상한 대환장 클럽 운영하기ㅋㅋㅋㅋㅋㅋㅋㅋㅋ",2025-04-23,https://www.youtube.com/watch?v=G8Aaom-zfnw
후추,양띵 유튜브,면도기 고르기 (쓸모없는 거 쇼핑하기),2025-04-23,https://www.youtube.com/watch?v=_sfXzvAOqRc
디디디용 DDDDragon,공룡,공룡의 첫 마크서버 체험기,2025-04-24,https://www.youtube.com/watch?v=8HCPKecHYx4
장마군,"러끼, 왈도쿤",이탈리안 브레인롯 밈에 정신 못차리는 스트리머들,2025-04-25,https://www.youtube.com/watch?v=i59ZRE4oPfg
코마,파이브,시청자 100명 속에 잠입하기 (재도전),2025-04-25,https://www.youtube.com/watch?v=UnwOmYjb5gM
후추,양띵 유튜브,그의 고상한 취향,2025-04-26,https://www.youtube.com/watch?v=gEs04ID9OrI
뇨롱이_YouTube,"마레플로스, 장마군, 강소연 Youtube",소연찡... wwe 맞지? ufc 아니지?,2025-04-28,https://www.youtube.com/watch?v=AtbFGUGv2Gk
램램,"나나양, 악녀","스팀 리뷰 154,882개가 극찬인 올해 최고의 인기 게임 친구들과 해봤습니다ㅋㅋㅋㅋㅋ [스케줄 1/Schedule I]",2025-04-28,https://www.youtube.com/watch?v=QQAk1_jQM64
핑맨,"악어 유튜브, 아구이뽀 A924, 너불, 중력유튜브, 멋사유튜브",핑맨 아구이뽀 단 둘이 만났습니다,2025-04-30,https://www.youtube.com/watch?v=jRt4RRFnDrw
후추,양띵 유튜브,의식의 흐름 토크쇼,2025-04-30,https://www.youtube.com/watch?v=aGZcr0KpoxI
미녕이데려오깨,마젯 Mazet,성교육 1타강사,2025-04-30,https://www.youtube.com/watch?v=XUpuJTjHD5g
램램,나나양,"모든 장면이 웃긴 ""램램 나나양 레전드 클립 월드컵""ㅋㅋㅋㅋㅋㅋㅋㅋㅋㅋ",2025-05-01,https://www.youtube.com/watch?v=upm0uDSE66g
램램,나나양,나나양이 나끼리가 된 이유 #램램 #나나양,2025-05-02,https://www.youtube.com/watch?v=c1874dntArE
끠끼,"수탉, 머독",해외에서 핫한 1위 게임 해봤는데 개귀여움ㅋㅋㅋㅋㅋㅋㅋㅋㅋ,2025-05-03,https://www.youtube.com/watch?v=nQBCQHJJixk
후추,양띵 유튜브,죄송합니다,2025-05-03,https://www.youtube.com/watch?v=X_RMBptmdlU
장마군,"백곰파, 왈도쿤",샌드박스 사장님 합법적으로 패는 법,2025-05-04,https://www.youtube.com/watch?v=QSrs451KVpc
후추,양띵 유튜브,옷에 미친 toRl,2025-05-07,https://www.youtube.com/watch?v=MHcPn6zdiJE
델로략국,왈도쿤,새로운 장난감을 찾은 왈도쿤ㅋㅋㅋ,2025-05-07,https://www.youtube.com/watch?v=AgYsa1BjZGA
Bang,T1 Faker,"페이커의 펜타킬, 케리아의 5,000어시 좋다 좋아! | 2R T1 vs DRX│2025 LCK 하이라이트",2025-05-08,https://www.youtube.com/watch?v=h-9m0lkzh8Q
램램,악녀,운명공동체 된 김에 악녀 괴롭히기ㅋㅋㅋㅋㅋㅋㅋ,2025-05-08,https://www.youtube.com/watch?v=79XQ_DygxVo
끠끼,"수탉, 머독",아니 진짜 오해예요ㅠㅠ;;;;;;;;;,2025-05-09,https://www.youtube.com/watch?v=hsz4kljpP6M
장마군,"악동 김블루, 채현찌, 백곰파",배그 선생님들도 빵터진 장마군 외국어,2025-05-09,https://www.youtube.com/watch?v=FJ4g1PveNDM
후추,양띵 유튜브,의식의 흐름 토크쇼 2,2025-05-10,https://www.youtube.com/watch?v=hJFSyl0wjd8
이춘향,"강지, 유즈하 리코 YUZUHA RIKO, 백곰파",곰파님 왜 내 얼굴 보고 웃으시지?,2025-05-10,https://www.youtube.com/watch?v=InecsCGB3Dg
핑맨,"악어 유튜브, 너불, 중력유튜브, 멋사유튜브",엑스레이 핵 사용 논란,2025-05-11,https://www.youtube.com/watch?v=SPbc26dj4K0
장마군,"뇨롱이_YouTube, 마레플로스, 강소연 Youtube",강소연 중성화,2025-05-12,https://www.youtube.com/watch?v=opdSP2D-mXo
이춘향,"탬탬버린, 하나코 나나 HANAKO NANA, 악녀, 노돌리, 명예훈장",헉....!,2025-05-12,https://www.youtube.com/watch?v=Y0PkdhQAesQ
핑맨,"악어 유튜브, 너불, 중력유튜브, 멋사유튜브",스트리머 200명 접속한 마크 서버 몰래카메라,2025-05-14,https://www.youtube.com/watch?v=YzD8_NZ6b7A
후추,양띵 유튜브,세상에서 가장 재밌는 결혼식 [후추's 핫클립],2025-05-14,https://www.youtube.com/watch?v=UFU8X34hVno
장마군,"뇨롱이_YouTube, 델로략국, 러끼, 마레플로스, Hyang Ah Chi 향아치, 여까네 유튜브, 왈도쿤, 이오몽, 앵보, 강소연 Youtube",내 주위 사람들의 첫 인상과 현 인상,2025-05-15,https://www.youtube.com/watch?v=2R6Qi09opeo
이춘향,"강지, 텐코 시부키 TENKO SHIBUKI, 백곰파",부키야! 곰파님이 불편한가 봐!,2025-05-15,https://www.youtube.com/watch?v=qmyx7DJGH9I
델로략국,여까네 유튜브,적당히 하라고 김여까!!!!!!!!!!!,2025-05-16,https://www.youtube.com/watch?v=T2FjyVZSIsU
후추,양띵 유튜브,후추가 생각하는 요즘 인방 #후추 #양띵 #윈앰프 #세이클럽 #아프리카tv #트위치  #치지직,2025-05-16,https://www.youtube.com/watch?v=gStGId3aT_A
후추,양띵 유튜브,아재 입맛,2025-05-17,https://www.youtube.com/watch?v=hmkRjL9ud40
끠끼,"수탉, 머독",수탉님 사람 아니죠???????????,2025-05-17,https://www.youtube.com/watch?v=vNnZnRttLlI
델로략국,앵보,앵보야!! 걱정마라 이건 '공장'이라는거다!!! [다이아서버],2025-05-19,https://www.youtube.com/watch?v=j1-jYAzBNGA
후추,"양띵 유튜브, 윤이샘, 이오몽, 세노, 위도 W2RDØ, 부쿠키",자기야 우리 사이를 떳떳히 고백해!!!,2025-05-21,https://www.youtube.com/watch?v=RcDt7aVY7aM
임나은,김똘복,픽셀 대표 미친넘의 똘끼 수준...💢,2025-05-21,https://www.youtube.com/watch?v=q8-dZdF0KfA
삐부찡,임나은,교토식 화법,2025-05-22,https://www.youtube.com/watch?v=q-aJ7cZSdnc
이춘향,"강지, 시라유키 히나 SHIRAYUKI HINA, 유즈하 리코 YUZUHA RIKO, 하나코 나나 HANAKO NANA, 아구이뽀 A924, 금사향, 삼식, 백곰파",축가 단가를 맞추겠다는 요즘 핫한 도시락의 주인공,2025-05-22,https://www.youtube.com/watch?v=2idCgz_-7xQ
뇨롱이_YouTube,백곰파,치지직에서 난리난 '도시락 사건' 으흐흐,2025-05-23,https://www.youtube.com/watch?v=zc93-Vu0UQE
후추,"양띵 유튜브, 허니츄러스 HoneyChurros, 담유이 DamYui, 핑맨, 치킨쿤, 따효니DDaHyoNi, 강소연 Youtube",멜론 아저씨 (a.k.a 물소),2025-05-24,https://www.youtube.com/watch?v=8yg9jjmP6J0
이춘향,"램램, 설백",설치즈가 퍼지면 디코 마이크가 음소거 된다는 이야기가 있다,2025-05-24,https://www.youtube.com/watch?v=fgRaxW0ZJ_k
장마군,"연비니, 러끼, 이무지",말 안듣는 버튜버 한번에 말듣게 하기,2025-05-24,https://www.youtube.com/watch?v=LCtFzieriHc
램램,"나나양, 악녀",똥차를 슈퍼카로 개조하는 게임ㅋㅋㅋㅋㅋㅋ (근데 좀비 세상임;;),2025-05-25,https://www.youtube.com/watch?v=kd4TWLhHSM4
끠끼,머독,나만 이런적 있는건 아니겠지?,2025-05-25,https://www.youtube.com/watch?v=3aKBIPm375I
삐부찡,백곰파,하트가 있는 장어도시락.......,2025-05-25,https://www.youtube.com/watch?v=og4ic--0-0w
중력유튜브,"너불, 핑맨",억빠맨과 인정맨,2025-05-26,https://www.youtube.com/watch?v=EnT-5FE5u88
이춘향,"연비니, 이로나묭 치카 【Ch. Mao Chika】",어???? 아????? 나 아닌데????? (이득),2025-05-26,https://www.youtube.com/watch?v=MoR5xlm6tzA
핑맨,"악어 유튜브, 너불, 중력유튜브, 멋사유튜브",스텔라이브 매운맛 🔞,2025-05-27,https://www.youtube.com/watch?v=wIDhtElJ3C8
김뚜띠,행돌,최악의 듀오,2025-05-27,https://www.youtube.com/watch?v=ROPgLivn9RA
후추,"양띵 유튜브, 채현찌, 핑맨, 삼식, 이로나묭 치카 【Ch. Mao Chika】","늪지대 오락관 (w. 핑맨, 삼식, 달콤레나, 채현찌, 이로나묭 치카)",2025-05-28,https://www.youtube.com/watch?v=IN87_JkG-i8
이춘향,"김뚜띠, 행돌",모든 말을 믿지 못하는 사람,2025-05-29,https://www.youtube.com/watch?v=gc3bzrxFBSA
후추,"양띵 유튜브, 동수칸TV",복종하는 남자 [도M추 | 콩밥특별시 EP. 01],2025-05-30,https://www.youtube.com/watch?v=oSXcbaleAkg
삐부찡,"김뿡, 나나양, 악녀, 채현찌",신입이 들어왔으면 놀려줘야지ㅋㅋ,2025-05-31,https://www.youtube.com/watch?v=tdyTv6gjuOM
핑맨,"악어 유튜브, 너불, 중력유튜브, 멋사유튜브",핑맨 레보스 드디어 만났습니다,2025-06-01,https://www.youtube.com/watch?v=Y_LS6PLgTgY
Hyang Ah Chi 향아치,"마레플로스, 유콘",대감짱 나니가스키?,2025-06-01,https://www.youtube.com/watch?v=umZ4_x4KdEc
철면수심,옥냥이 RoofTopCAT,매력적인 다라이에 투표해주세요,2025-06-01,https://www.youtube.com/watch?v=16MQ8tPymyA
이춘향,김뚜띠,하;; 나 없으면 안 된다니까;;,2025-06-03,https://www.youtube.com/watch?v=a5YTz4Nezwg
핑맨,"악어 유튜브, 너불, 중력유튜브, 멋사유튜브",콩밥특별시 : 래퍼핑,2025-06-04,https://www.youtube.com/watch?v=OLqExY4LDaI
삐부찡,일루전 ILLUSION,게임이 안풀려서 우는 누나💦,2025-06-05,https://www.youtube.com/watch?v=ul9sm2dgZWQ
이춘향,"강지, 김뿡",내 목숨도 귀여웠네...,2025-06-06,https://www.youtube.com/watch?v=aqC6e5SE_qE
후추,"양띵 유튜브, 동수칸TV, 사모장",신호등 트리오 [도M추 | 콩밥특별시 EP. 02],2025-06-06,https://www.youtube.com/watch?v=K4s5uBmaqQ8
김뚜띠,나나양,앗 죄송,2025-06-06,https://www.youtube.com/watch?v=SMr49L_vVb4
삐부찡,"서넹, 얍얍, 러너, 일루전 ILLUSION",대회 중 재경기가 일어났던 사건💀,2025-06-07,https://www.youtube.com/watch?v=1xyF3cIYVM0
핑맨,"악어 유튜브, 너불, 중력유튜브, 멋사유튜브",콩밥특별시 : 빅딕,2025-06-08,https://www.youtube.com/watch?v=2vqQtbDV-Jw
이춘향,나나양,나에게 집착하는 사람 [콩밥특별시],2025-06-08,https://www.youtube.com/watch?v=LEmm5JqrFks
김뚜띠,나나양,누나,2025-06-09,https://www.youtube.com/watch?v=udnBwcQ7SZQ
핑맨,"악어 유튜브, 너불, 중력유튜브, 멋사유튜브",콩밥특별시 : 범죄도시,2025-06-09,https://www.youtube.com/watch?v=F3uYVs9uafE
삐부찡,러너,지옥에서 올라왓지롱!!!!!!!!!,2025-06-10,https://www.youtube.com/watch?v=NBZSsRVTLz8
핑맨,"악어 유튜브, 너불, 중력유튜브, 멋사유튜브",콩밥특별시 : 호스트바,2025-06-10,https://www.youtube.com/watch?v=VYAinNrIW5E
이춘향,"너불, 금사향, 삼식, 이로나묭 치카 【Ch. Mao Chika】",귀엽네 ㅎ,2025-06-11,https://www.youtube.com/watch?v=aBT1_BykhW4
미녕이데려오깨,왈도쿤,틀리면 리부트 19금편🥵🥵,2025-06-11,https://www.youtube.com/watch?v=d9T54ZXaV0k
윤이샘,감블러,몰래 여자 방 냄새 맡는 감블러 실존,2025-06-11,https://www.youtube.com/watch?v=TcjJUwdP5VE
임나은,채현찌,여캠 두명과 술 마시면 생기는 일...,2025-06-11,https://www.youtube.com/watch?v=X-a_bLrpVjA
후추,"양띵 유튜브, 나나양, 연비니, 담유이 DamYui, 동수칸TV, 플레임[이호종]",못난 놈 3명의 소개팅 [도M추 | 콩밥특별시 EP. 03],2025-06-12,https://www.youtube.com/watch?v=UqNxijKcdRQ
삐부찡,"서넹, 얍얍, 일루전 ILLUSION",다들 가면 집에 가려고 했었어,2025-06-12,https://www.youtube.com/watch?v=lv5iDDM9XHw
램램,"YouTube지누, 악녀",내 깔개나 하라고,2025-06-14,https://www.youtube.com/watch?v=w83Om33uQqo
디디디용 DDDDragon,"채현찌, 동수칸TV, 다주, 명예훈장",김혜지 | 엔딩 콘서트 스트리머 반응 모음 | 그날의 온도 [콩밥특별시],2025-06-14,https://www.youtube.com/watch?v=gGVNJgb15B0
치킨쿤,풍월량,아니 풍월량님 그런 뜻이 아니고요....,2025-06-14,https://www.youtube.com/watch?v=2EdGKJq8suU
Hyang Ah Chi 향아치,"라디유, 세노",이제부터 넌 소인배 클럽이다｜데스바이AI,2025-06-15,https://www.youtube.com/watch?v=-h8ECUckvS4
뇨롱이_YouTube,디디디용 DDDDragon,콩밥특별시 버거집 취직했습니다!! 1일차 직원 뇨쿠쿠 등장!!!,2025-06-17,https://www.youtube.com/watch?v=HlRzBHx6Z-g
후추,"양띵 유튜브, 강지, 김똘복, 동수칸TV, 서넹, 사모장, 이춘향",염선행 납치 사건 [도M추 | 콩밥특별시 EP. 04],2025-06-17,https://www.youtube.com/watch?v=6iAlFb_l-r8
핑맨,"악어 유튜브, 너불, 중력유튜브, 멋사유튜브",콩밥특별시 : 흑막,2025-06-17,https://www.youtube.com/watch?v=yzxjTxtZIIA
후추,"양띵 유튜브, 괴물쥐 유튜브, 김뿡, 김똘복, 실프, 핑맨, 동수칸TV, 서넹, 이춘향, 명예훈장",여성향 가라오케 [도M추 | 콩밥특별시 EP. 05],2025-06-18,https://www.youtube.com/watch?v=T7CZuHnGR-s
이춘향,"램램, 나나양, 김뚜띠",나끼리다!! 나끼리가 나타나따!!,2025-06-18,https://www.youtube.com/watch?v=6BNZcTGB1rA
치킨쿤,"김뚜띠, 빅헤드, 양아지",으흐흐 아지야....,2025-06-20,https://www.youtube.com/watch?v=j4uzC59sRHA
꽃핀,임나은,【꽃핀🌺】늘 Cover【#Hebi - #Ever cover】,2025-06-20,https://www.youtube.com/watch?v=wGIRZcGisTA
디디디용 DDDDragon,"동수칸TV, 후추","럭스 삼촌들에게 바치는 혜지의 노래 | 신호등 (안이끼, 도M추, 채고봉 +영써티) [콩밥특별시]",2025-06-21,https://www.youtube.com/watch?v=ihxT2mdsLvo
김뚜띠,이춘향,흠흠,2025-06-22,https://www.youtube.com/watch?v=5YzEwQmPAn0
핑맨,"악어 유튜브, 너불, 중력유튜브, 멋사유튜브",콩밥특별시 : 빅딕 부활,2025-06-22,https://www.youtube.com/watch?v=PzgxHxRVxwk
뇨롱이_YouTube,디디디용 DDDDragon,내 아내임ㅋㅋㅋ【콩밥특별시 / 메이드카페】,2025-06-25,https://www.youtube.com/watch?v=dFFoFx_2IJI
미녕이데려오깨,양아지,양아지님 친오빠께 '이거' 보내드렸습니다❤️❤️,2025-06-25,https://www.youtube.com/watch?v=sOT8isEoFk0
후추,"양띵 유튜브, 김뿡, 김똘복, 실프, 뇨롱이_YouTube, 레드, 핑맨, 동수칸TV, 이로나묭 치카 【Ch. Mao Chika】, 플레임[이호종], 명예훈장","맛있다, 이 사람 [도M추 | 콩밥특별시 EP. 06]",2025-06-25,https://www.youtube.com/watch?v=2NwTbGiJt4o
장마군,마레플로스,영국인 버튜버에게 영국식 영어 배웠습니다,2025-06-25,https://www.youtube.com/watch?v=TAVcbdCXzuI
미녕이데려오깨,러끼,미녕이와 러끼가 낳은 녕끼를 소개합니다❤️,2025-06-28,https://www.youtube.com/watch?v=udwalaRgTcA
후추,"양띵 유튜브, 김뿡, 레드, 델로략국, 동수칸TV, 사모장, 플레임[이호종], 명예훈장, 피닉스박",뭔가 잘못된 메이드카페 [도M추 | 콩밥특별시 EP. 07],2025-06-28,https://www.youtube.com/watch?v=YixZXaYYmRI
장마군,마레플로스,진짜 영국인 버튜버가 고르는 영국 음식 이상형 월드컵,2025-06-28,https://www.youtube.com/watch?v=D28NPUTkwJ4
핑맨,"악어 유튜브, 너불, 중력유튜브, 멋사유튜브",콩밥특별시 래퍼핑 극장판,2025-06-28,https://www.youtube.com/watch?v=AFDdyQSeit8
뇨롱이_YouTube,디디디용 DDDDragon,'갱 vs 경찰' 버거집 뇨쿠쿠의 마지막 이야기!【콩밥특별시】,2025-06-29,https://www.youtube.com/watch?v=a8BtZ-x8mzg
임나은,"실프, 핑맨",짧은 가방끈 맛 좀 볼래...???💢,2025-06-29,https://www.youtube.com/watch?v=jnWtTr1Ms7o
핑맨,"악어 유튜브, 너불, 중력유튜브, 멋사유튜브",발로란트 대회 1등 우승했습니다,2025-06-29,https://www.youtube.com/watch?v=pADhY1mf0Mk
꽃핀,모아,【꽃핀🌺노래】그저 목소리 하나 한국어 개사 (ただ声一つ korean.cover),2025-06-30,https://www.youtube.com/watch?v=mfOF1ucAVC0
이춘향,"탬탬버린, 김뚜띠, 삼식",뭐야??? 둘이 뭔데?!?!?,2025-06-30,https://www.youtube.com/watch?v=Z-zt89dQ9pA
후추,"양띵 유튜브, 괴물쥐 유튜브, 실프, 레드, 핑맨, 동수칸TV, 다주, 사모장, 이춘향, 플레임[이호종], 명예훈장, 피닉스박",장지환 사망 [도M추 | 콩밥특별시 EP. 08],2025-07-02,https://www.youtube.com/watch?v=SG45UNfMdNg
미녕이데려오깨,라디유,라디유님 이거 진짜 좋은거죠!? (아님),2025-07-02,https://www.youtube.com/watch?v=T2N8lWoBfzA
끠끼,"수탉, 머독",친한 스트리머들 기강 잡기,2025-07-04,https://www.youtube.com/watch?v=opT4yrFmmhI
핑맨,"악어 유튜브, 너불, 중력유튜브, 멋사유튜브",이 영상 재미없으면 채널 삭제합니다.,2025-07-04,https://www.youtube.com/watch?v=PjIejeX_Qug
치킨쿤,"빅헤드, 양아지",6년만에 다시 돌아온 배틀로얄 게임 (포트나이트를아시나요?),2025-07-05,https://www.youtube.com/watch?v=rAlAdBR30cI
미녕이데려오깨,압둘알리과로사,INFP가 이 영상을 힘들어합니다.,2025-07-05,https://www.youtube.com/watch?v=0GQU_NfOht0
후추,"양띵 유튜브, 괴물쥐 유튜브, 실프, 레드, 핑맨, 동수칸TV, 다주, 플레임[이호종], 명예훈장, 피닉스박",콩밥특별시 럭스 서사의 시작 [도M추 | 콩밥특별시 EP. 09],2025-07-05,https://www.youtube.com/watch?v=P5XhRV1EvsI
장마군,"연비니, 뇨롱이_YouTube, 백곰파",곰파야 도시락으로 뚜들겨 맞아볼래?,2025-07-06,https://www.youtube.com/watch?v=GxpIr31p7Mo
실프,"YouTube지누, 김똘복",아 신혼부부 소리 다 들리네 [쌀멋서버 1편],2025-07-06,https://www.youtube.com/watch?v=UP7Z0lbxClI
순당무,압둘알리과로사,[LOL] 버츄얼도 살자 과로사님과 합방♥,2025-07-07,https://www.youtube.com/watch?v=6H8SVuq0W3M
세노,미녕이데려오깨,"에이쒸, 미녕이랑 팀이네...",2025-07-08,https://www.youtube.com/watch?v=-nSp3lEp3fk
도티 TV,플레임[이호종],시체 청소 하다 욕 겁나 먹음.. (w. 플레임) #비세라,2025-07-08,https://www.youtube.com/watch?v=K-eO1XA5Ot4
장마군,"연비니, 뇨롱이_YouTube, 백곰파",중국어 쓰는 친구도 환장하게 만드는 게임,2025-07-09,https://www.youtube.com/watch?v=MEqnobMbso8
후추,"양띵 유튜브, 실프, 레드, 핑맨, 동수칸TV, 다주, 명예훈장",잘못된 만남 [도M추 | 콩밥특별시 EP. 10],2025-07-09,https://www.youtube.com/watch?v=BitKLbNPFGA
모아,부쿠키,부쿠키 : 반응이 맛있잖아🤭,2025-07-09,https://www.youtube.com/watch?v=HOyXGzSgQQI
델로략국,"김뿡, 연비니",연비니 아주 눈꽃형한테 빠져가지고 ㅋㅋㅋ,2025-07-11,https://www.youtube.com/watch?v=_ccDrkWOtNc
장마군,"압둘알리과로사, 러끼, 왈도쿤",어머니 사랑단,2025-07-12,https://www.youtube.com/watch?v=iSAjc5dVzqg
라디유,러끼,러끼랑 커플 속옷 인증한 라디유,2025-07-12,https://www.youtube.com/watch?v=9mVS0koSx_E
임나은,"탬탬버린, 러너",픽셀 꺄르륵 듀오는 최강이야💗,2025-07-12,https://www.youtube.com/watch?v=AELX0K7UAdg
미녕이데려오깨,부쿠키,아님 말고ㅋㅋ,2025-07-12,https://www.youtube.com/watch?v=NVwLnN5VSAU
후추,"양띵 유튜브, 실프, 레드, 핑맨, 동수칸TV, 서넹, 다주, 명예훈장",내 딸을 건든 자 [도M추 | 콩밥특별시 EP. 11],2025-07-12,https://www.youtube.com/watch?v=8GSDgeVjgOw
뇨롱이_YouTube,"연비니, 백곰파, 장마군",마군이 여자친구 생겼다고????????,2025-07-13,https://www.youtube.com/watch?v=168chl18Hvw
실프,"YouTube지누, 탬탬버린",쓰레기에서 폐지의 왕까지 [쌀멋서버 4편],2025-07-14,https://www.youtube.com/watch?v=FdC47b9Vz5w
이춘향,나나양,나나양님의 2025 명언 듣고 가겠습니다,2025-07-14,https://www.youtube.com/watch?v=oyBdxd08tio
장마군,"압둘알리과로사, 러끼, 왈도쿤",이상하게 도둑질이 익숙한 과로사,2025-07-15,https://www.youtube.com/watch?v=WPCxnokIj9w
후추,"양띵 유튜브, 강지, 김똘복, 실프, 레드, 핑맨, 동수칸TV, 다주, 명예훈장",수상한 택배 [도M추 | 콩밥특별시 EP. 12],2025-07-15,https://www.youtube.com/watch?v=CxsBwrQ0QGU
끠끼,"수탉, 머독",만날 때마다 점점 흑화하는 스트리머,2025-07-16,https://www.youtube.com/watch?v=sx0H_N1u-hg
핑맨,"악어 유튜브, 너불, 중력유튜브, 멋사유튜브",핑맨 여자친구,2025-07-16,https://www.youtube.com/watch?v=cHAfOF4JCfQ
이춘향,"탬탬버린, 김뚜띠, 삼식",자! 탬탬버린 물어!,2025-07-16,https://www.youtube.com/watch?v=Z7a372EvGgY
아쿠루 akuru,앵보,"오몽아 앵보야 ""그런 거"" 보냐는 것이다?",2025-07-18,https://www.youtube.com/watch?v=eqCn-gGkElw
핑맨,"악어 유튜브, 괴물쥐 유튜브, 너불, 중력유튜브, 멋사유튜브",안녕하세요 괴물쥐 아들입니다,2025-07-18,https://www.youtube.com/watch?v=kExK_tMQLEg
레드,사모장,흔한 군필 버튜버의 사격장 PTSD #포트나이트,2025-07-18,https://www.youtube.com/watch?v=6FZnFtdeqKc
실프,괴물쥐 유튜브,김실망!!! 여기 GTA 아니다ㅋㅋㅋ [쌀멋서버 5편],2025-07-19,https://www.youtube.com/watch?v=5uoJbc0o8kM
뇨롱이_YouTube,"연비니, 백곰파, 장마군",중국맛 저주에 정신 나간 장마군ㅋㅋㅋㅋ,2025-07-20,https://www.youtube.com/watch?v=LN5iaoCT5Qg
백곰파,압둘알리과로사,ㅎㅎ.. 과로사님..? 왜 아무 말도 안 하세요..,2025-07-20,https://www.youtube.com/watch?v=ph2Am01QLK8
핑맨,"악어 유튜브, 너불, 중력유튜브, 멋사유튜브",5만명이 감탄한 핑맨 노래 라이브,2025-07-20,https://www.youtube.com/watch?v=z11Kav7lVB0
장마군,"압둘알리과로사, 러끼, 왈도쿤",이젠 전기 의자까지 나와버린 리썰 컴퍼니,2025-07-20,https://www.youtube.com/watch?v=U-FLgeKZTQY
세찬 SECHAN,"일루전 ILLUSION, 아이치",빵딜크루의 스트리머 실력표.. 제가 선을 넘어보겠습니다,2025-07-20,https://www.youtube.com/watch?v=TCqHU9kHFRc
끠끼,"수탉, 머독",이상한 의도로 말한 거 아니에요..,2025-07-20,https://www.youtube.com/watch?v=0jHpaiadav4
웁TV,"Youtube고차비, 금사향",오랜만에 나타난 그녀,2025-07-21,https://www.youtube.com/watch?v=3fFow2iL1lw
중력유튜브,"너불, 핑맨",마비노기 NEW RISE 역대급 업데이트?!,2025-07-21,https://www.youtube.com/watch?v=tX6Qu_Cok9U
삐부찡,"탬탬버린, 코렛트YouTube",사람 차별하는 코토템!!!,2025-07-22,https://www.youtube.com/watch?v=qn2TCwgCPQ8
도티 TV,"플레임[이호종], KevinStudio 케빈스튜디오","뉴비 살인마의 즐거운(..?) 술래잡기 (w. 플레임, 최케빈, 김오니, 앙코) #데바데",2025-07-22,https://www.youtube.com/watch?v=QVuxwdhnz6g
핑맨,"악어 유튜브, 너불, 중력유튜브, 멋사유튜브",이세돌 vs 스텔라이브 vs 허니즈,2025-07-22,https://www.youtube.com/watch?v=BTE2uM8Jrec
삐부찡,탬탬버린,키가 크면 좋은 점,2025-07-23,https://www.youtube.com/watch?v=uJnN-LgIZp8
김똘복,허니츄러스 HoneyChurros,허니츄러스? 오늘부터 니 이름은 츄털이여.,2025-07-23,https://www.youtube.com/watch?v=QJgKmeXjL3I
끠끼,"수탉, 머독",아니 저기요 수탉님!!!!!!!,2025-07-23,https://www.youtube.com/watch?v=gcSgcQTPX4A
후추,"양띵 유튜브, 김뿡, 실프, 레드, 핑맨, 동수칸TV, 다주, 명예훈장",전쟁의 서막 [도M추 | 콩밥특별시 EP. 13],2025-07-23,https://www.youtube.com/watch?v=wcH6GIcjU_E
핑맨,"악어 유튜브, 너불, 중력유튜브, 멋사유튜브",레보스 아닙니다,2025-07-24,https://www.youtube.com/watch?v=u3_Ox9FFtAY
희지,마젯 Mazet,마젯 & 김루야 & 희지 - 까탈레나 〈캠퍼스 라이브 미츄제〉,2025-07-25,https://www.youtube.com/watch?v=maj2BjEveeY
하지유,아쿠루 akuru,아쿠루 & 가민 & 하지유 - 사인은B〈캠퍼스 라이브 미츄제〉,2025-07-25,https://www.youtube.com/watch?v=3NDhYgs4BS8
실프,다주,가족 놀이 고인물의 WWE,2025-07-26,https://www.youtube.com/watch?v=mcC_gogP5aA
옥냥이 RoofTopCAT,악녀,[위대한 악녀: 릴리의 전략] 주말이 사라졌다! 중독성 대박 미소녀 삼국지 전쟁게임🤣 (※시간순삭) (The Great Villainess: Strategy of Lily),2025-07-27,https://www.youtube.com/watch?v=z4sdlubnYZw
캡틴잭,"뇨롱이_YouTube, 후추",LOSTARK NAVER PAY,2025-07-27,https://www.youtube.com/watch?v=0BTkKmWDOcs
쁘허,러끼,러끼 7주년 축하축하♥【쁘허】,2025-07-27,https://www.youtube.com/watch?v=5hyGXQRnafc
쁘허,러끼,러끼의 7주년을 축하해..♥◈(Speed painting/스피드페인팅)【쁘허】,2025-07-27,https://www.youtube.com/watch?v=1IVcskRGqro
Bang,"동수칸TV, 따효니DDaHyoNi, 캡틴잭","[CSD차도르컵] 뱅, 동수칸, 소우릎, 소풍왔니 Let`s Go!",2025-07-27,https://www.youtube.com/watch?v=6zSgEiH0Jd8
후추,"양띵 유튜브, 김뿡, 실프, 연비니, 레드, 핑맨, 동수칸TV, 다주, 명예훈장",갱vs갱 대전쟁 [도M추 | 콩밥특별시 EP. 14],2025-07-27,https://www.youtube.com/watch?v=-NGV28Glbs4
코마,"파이브, 우융",유튜버들의 마인크래프트 100일 멸망전,2025-07-28,https://www.youtube.com/watch?v=nYWywvkJLJ4
모아,이오몽,이오몽 vs 모아의 운명의 니케 가챠 대결!💸,2025-07-28,https://www.youtube.com/watch?v=nsV-3D6QUw8
장마군,"Hyang Ah Chi 향아치, 왈도쿤",독일 버튜버한테 히틀러 시키기,2025-07-28,https://www.youtube.com/watch?v=lAJjO4yRHzM
핑맨,"악어 유튜브, 너불, 중력유튜브, 멋사유튜브",헤비 Hebi 입덕 했습니다,2025-07-28,https://www.youtube.com/watch?v=EP_hJd-Tw0s
캡틴잭,"뇨롱이_YouTube, 후추","테토남 스타포스 대참사🤬 (w.후추, 뇨롱이)",2025-07-28,https://www.youtube.com/watch?v=ojrOML8xC8E
레드,"동수칸TV, 서넹, 후추, 명예훈장",군필 여자 버튜버가 기피하는 구구덕 직업 1위,2025-07-28,https://www.youtube.com/watch?v=QKXyVJmVZT4
미녕이데려오깨,러끼,찐목일때만 다가오는 그녀,2025-07-30,https://www.youtube.com/watch?v=MTf98yZnRW8
이춘향,"램램, 나나양, 탬탬버린",100명중 99명이 램램님의 목소리를 듣지 못했습니다,2025-07-30,https://www.youtube.com/watch?v=a48dcVUv8yk
꼬예유 & 한예찬의 게임저장소,코마,"마인크래프트, 4인 유튜버 하이퍼 물리법칙 배틀로얄 서바이벌",2025-07-30,https://www.youtube.com/watch?v=SllGE4wofhY
끠끼,"수탉, 머독",술 취해서 이상해져버린 스트리머,2025-07-30,https://www.youtube.com/watch?v=sVqAuN0Q4Ho
핑맨,"악어 유튜브, 너불, 중력유튜브, 멋사유튜브",타비 vs 핑맨,2025-07-30,https://www.youtube.com/watch?v=5eLbH4wnrik
후추,"양띵 유튜브, 김뿡, 실프, 연비니, 레드, 아야 AyaUke, 핑맨, 동수칸TV, 다주, 명예훈장, 댕균",완벽한 결혼식 [도M추 | 콩밥특별시 EP. 15],2025-07-30,https://www.youtube.com/watch?v=njb_7H32T3I
임나은,"YouTube지누, 백곰파",나를 🚨집착광공🚨 연하녀로 만드는 그녀...,2025-07-31,https://www.youtube.com/watch?v=J4k7mwf4vR8
하지유,세노,제가 무섭나요?,2025-07-31,https://www.youtube.com/watch?v=ZtN-QlHzwlE
김똘복,허니츄러스 HoneyChurros,치지직 여신 허니츄러스님과 차분히 대화해봤습니다,2025-08-01,https://www.youtube.com/watch?v=G-uMxBO4fGo
Youtube고차비,너불,왜 나만 남았어!!,2025-08-01,https://www.youtube.com/watch?v=OOr_DyKoZKQ
서넹,"양띵 유튜브, 후추, 다주",콩콩아 누나 서운하다,2025-08-02,https://www.youtube.com/watch?v=edrnM6wCq9g
미녕이데려오깨,라디유,엉!!!!!!!덩!!!!!!!이!!!!!!!!!!,2025-08-02,https://www.youtube.com/watch?v=sBQQ5n4WX9w
핑맨,"악어 유튜브, 너불, 중력유튜브, 멋사유튜브",폭로합니다.,2025-08-02,https://www.youtube.com/watch?v=hIPViVEYrWI
서넹,"양띵 유튜브, 다주, 인간젤리",제가 만들었습니다👩🏻‍🍳,2025-08-03,https://www.youtube.com/watch?v=VNBVw2mXPTQ
코렛트YouTube,핑맨,[코렛트] 그렇게 배워서 핑맨 라이벌이 된거면 잘배운거 아님?,2025-08-03,https://www.youtube.com/watch?v=ftz0OHHuJOU
후추,"양띵 유튜브, 김뿡, 실프, 레드, 핑맨, 동수칸TV, 플레임[이호종], 명예훈장",붉은색 신호등 : THE RED [도M추 | 콩밥특별시 EP. 마지막화],2025-08-04,https://www.youtube.com/watch?v=fTxxvDYZh0s
삐부찡,탬탬버린,가슴이 웅장해지는 삡탬더비,2025-08-04,https://www.youtube.com/watch?v=U-d5fKGortI
끠끼,"수탉, 머독",4명 중에 누가 나쁜놈일까?,2025-08-05,https://www.youtube.com/watch?v=-XAu2ReHMVw
코렛트YouTube,머독,[코렛트] 머독님 덕분에 제가 영웅이 되었습니다,2025-08-06,https://www.youtube.com/watch?v=jGie_ZcH86s
핑맨,"악어 유튜브, 너불, 중력유튜브, 멋사유튜브",고세구 얼굴공개,2025-08-08,https://www.youtube.com/watch?v=DbhrJCuzy3w
실프,"램램, 강지",강지랑 램램은 못 올라와,2025-08-08,https://www.youtube.com/watch?v=ZKaCqbfJX7s
세노,이오몽,이오몽 채팅창 난리치기🎉,2025-08-08,https://www.youtube.com/watch?v=iomVbkOB3z4
서넹,"양띵 유튜브, 삼식",참외를 왜 이로 깎아 먹는 거야...,2025-08-09,https://www.youtube.com/watch?v=52vsgFmH0fs
삐부찡,탬탬버린,탬탬버린의 남편 #삐부 #shorts #힐링캠프,2025-08-10,https://www.youtube.com/watch?v=M2pA-Kt_Zng
Hyang Ah Chi 향아치,"연비니, 이오몽, 세노",한국사 최고(G.O.A.T)의 국가는 어디일까?｜역사인물 토론,2025-08-10,https://www.youtube.com/watch?v=QwLspv89SWo
핑맨,"악어 유튜브, 하나코 나나 HANAKO NANA, 너불, 중력유튜브, 멋사유튜브",하나코 나나 핑맨 불법듀엣,2025-08-11,https://www.youtube.com/watch?v=BPXbWaa5hg8
장마군,"압둘알리과로사, 러끼, 사모장",선 채로 죽어버린 과로사,2025-08-12,https://www.youtube.com/watch?v=PX-hFzTK1iY
꼬예유 & 한예찬의 게임저장소,파이브,제 2회 마인크래프트 PVP 최강자전을 개최했습니다!,2025-08-13,https://www.youtube.com/watch?v=pbn_Fgg102s
Bang,T1 Faker,페이커 LCK 최초 700승! l R4 T1 vs KT │2025 LCK 하이라이트,2025-08-13,https://www.youtube.com/watch?v=NCb04XKCYvU
삐부찡,"탬탬버린, 이춘향",이게...그 유명한 힐링캠프...??,2025-08-13,https://www.youtube.com/watch?v=JfCc0pkN_c4
연비니,YouTube지누,꿀잼 지누누와 연윌럼프,2025-08-13,https://www.youtube.com/watch?v=IS5F1bVgb7k
미녕이데려오깨,이오몽,춤 추다 이오몽이랑 눈 마주침..,2025-08-13,https://www.youtube.com/watch?v=4mJP1iXZzH4
하지유,"아쿠루 akuru, 희지",대표님 변기에 담구기,2025-08-14,https://www.youtube.com/watch?v=85syPIveOIo
서넹,양띵 유튜브,파란 '그 녀석'을 만났습니다.,2025-08-14,https://www.youtube.com/watch?v=Cbzb9OBJPT4
도티 TV,유콘,사이버 연고전 (연대 도티 VS 고대 유콘),2025-08-14,https://www.youtube.com/watch?v=pCLfttw4nP0
삐부찡,"나나양, 꽃핀",처음으로 두리안을 먹었습니다..💀,2025-08-15,https://www.youtube.com/watch?v=LXu_5yh3x80
장마군,러끼,독일 입국했다가 바로 귀국 당했습니다,2025-08-15,https://www.youtube.com/watch?v=VG6CFokbwZc
꽃핀,양아지,【꽃핀】수상하게 동물을 좋아하는 양아지와 함께,2025-08-15,https://www.youtube.com/watch?v=JicOqnx_bRw
연비니,YouTube지누,이게 맞아요 지누님...?,2025-08-16,https://www.youtube.com/watch?v=rVZZfFCEkn8
이춘향,"램램, 나나양, 탬탬버린",방송하다 울었습니다,2025-08-16,https://www.youtube.com/watch?v=A-IX8vEOW9g
부쿠키,"러끼, 마레플로스, 이오몽",[풀더빙] 여고생이 된 마이러부 팬만화 더빙 📚,2025-08-16,https://www.youtube.com/watch?v=YvHw1-GlEnQ
서넹,양띵 유튜브,오랜만에 목소리 듣는 그녀석 옴X,2025-08-16,https://www.youtube.com/watch?v=W1eznUMUClw
실프,김뚜띠,감정 조절이 필요한 이유 [+짧은 현실 만남 썰],2025-08-17,https://www.youtube.com/watch?v=smp0xRTX3kA
캡틴잭,"동수칸TV, 노돌리, 명예훈장",다섯 번째 도전,2025-08-17,https://www.youtube.com/watch?v=_64bDcmLEK4
핑맨,"악어 유튜브, 너불, 중력유튜브, 멋사유튜브",뭐라하지마,2025-08-17,https://www.youtube.com/watch?v=iWJ78qROhQw
뇨롱이_YouTube,탬탬버린,대기업 합방에 초대 받았는데 멤버가 심상치 않다?! 【픽셀 구구덕】,2025-08-18,https://www.youtube.com/watch?v=hF_G1nuOKLU
레드,"1분마뫄, 백곰파, 사모장",샌드박스네트워크 내무부조리의 실체 (w. 마뫄 백곰파 사모장),2025-08-18,https://www.youtube.com/watch?v=6EhxzHJ7ZQI
장마군,"뇨롱이_YouTube, 디디디용 DDDDragon, 백곰파",버츄얼 아이돌 엉덩이 때렸습니다,2025-08-18,https://www.youtube.com/watch?v=pSmsezIlDG0
세노,라디유,라디유 괴롭히기🎉,2025-08-19,https://www.youtube.com/watch?v=ppRkzoIVRGo
실프,김뚜띠,정신이 오락가락하는 RP,2025-08-21,https://www.youtube.com/watch?v=PFcQsA-lFKw
서넹,"양띵 유튜브, 다주",다주 언니한테 온 생사 여부 카톡 ㅋㅋㅋ,2025-08-22,https://www.youtube.com/watch?v=wRO1atSzKy0
임나은,YouTube지누,역시 픽셀 직원 사랑은 지튜브 ㅋㅋ,2025-08-22,https://www.youtube.com/watch?v=3s6yfhmbchw
여까네 유튜브,"델로략국, 왈도쿤, 장마군, 앵보",왈도쿤은 마치 마르지 않는 슬러시와 같아서...┃후열의 밤 예열 라디오 #01,2025-08-22,https://www.youtube.com/watch?v=hSBgQRkolCA
하지유,"세노, 부쿠키, 희지",첫 시작은 쿠키선배였다.. [미츄MT썰],2025-08-22,https://www.youtube.com/watch?v=li3aK9JEZe0
Youtube고차비,너불,으...키모...,2025-08-23,https://www.youtube.com/watch?v=us1nA5Ud7Hs
연비니,"러끼, 사모장, 왈도쿤, 이무지, 장마군",나는 도쿤님의 후열 발사대야...,2025-08-23,https://www.youtube.com/watch?v=zkfkxODmc0I
서넹,"양띵 유튜브, 삼식",삼식 보고 눈물 흘림..8ㅁ8,2025-08-23,https://www.youtube.com/watch?v=v39zKJ2Eb9k
이춘향,"시라유키 히나 SHIRAYUKI HINA, 김뚜띠, 삼식",우리... 앞에서...?,2025-08-24,https://www.youtube.com/watch?v=fhfVsHuRjaM
여까네 유튜브,"델로략국, 왈도쿤, 장마군, 앵보",모잉과 메깅의 상관관계┃후열의 밤 예열 라디오 #02,2025-08-24,https://www.youtube.com/watch?v=DKTqKvFbPhE
뇨롱이_YouTube,탬탬버린,온 세상이 김진우다,2025-08-24,https://www.youtube.com/watch?v=1xwQ3OUM-H4
뇨롱이_YouTube,탬탬버린,진실은 언제나 하나! 픽셀 범인들 전원 검거 완료🔥 【픽셀 구구덕】,2025-08-24,https://www.youtube.com/watch?v=HqBt_rwaWYQ
삐부찡,꽃핀,오랜만에 만나는 그녀들의 근황,2025-08-26,https://www.youtube.com/watch?v=xN8emQEIK3c
장마군,"라디유, Hyang Ah Chi 향아치",인도식 영어로 말해도 인식되는 마법 게임ㅋㅋㅋㅋㅋ,2025-08-26,https://www.youtube.com/watch?v=073jrBtveRE
여까네 유튜브,"델로략국, 러끼, 사모장, 이무지",이무지 윈도우 업데이트 중 블루스크린,2025-08-27,https://www.youtube.com/watch?v=CfzJdLgPmmk
연비니,"러끼, 사모장, 여까네 유튜브, 이무지","덤벼라 살구, 귀칼이랑 상관없지만 아무튼 죽여주마",2025-08-27,https://www.youtube.com/watch?v=Ay3piBgNd5A
델로략국,왈도쿤,내가 그런걸 어떻게 먹었! 으겍으그극...,2025-08-27,https://www.youtube.com/watch?v=7uDj8RUdf4A
나나양,탬탬버린,탬탬버린이 폭주한다아아,2025-08-27,https://www.youtube.com/watch?v=JBCPNr_9JFE
핑맨,"악어 유튜브, 너불, 중력유튜브, 멋사유튜브",역대급 J-POP 라이브 월드컵,2025-08-28,https://www.youtube.com/watch?v=Jbq6wG-da-M
실프,"핑맨, 동수칸TV",치지직 공식 의리남 [다피스 2편],2025-08-28,https://www.youtube.com/watch?v=foOGX4OsOEg
이춘향,"시라유키 히나 SHIRAYUKI HINA, 김뚜띠, 삼식",어우 소란스러워!! 유령들 쉿!!!,2025-08-28,https://www.youtube.com/watch?v=LKRu5oSWPV0
뇨롱이_YouTube,"강지, 임나은",강지님이 나를 귀여워해주셨다.... 【픽셀 배그 킬내기】,2025-08-29,https://www.youtube.com/watch?v=-xu3QLOaI04
백곰파,빅헤드,빅헤드 현실 모습 그려봤습니다,2025-08-29,https://www.youtube.com/watch?v=uHRc9zt5JxM
중력유튜브,"너불, 핑맨",레전드 게임 오픈?! 보스 VS 중력,2025-08-29,https://www.youtube.com/watch?v=MN2NKI8emSs
라디유,Hyang Ah Chi 향아치,향아치 전화번호 뿌립니다@@@@,2025-08-30,https://www.youtube.com/watch?v=b9oce7sZJXM
실프,다주,❤️우리 망이❤️ 누나랑 같이 밥 먹으러 가자 [다피스 3편],2025-08-30,https://www.youtube.com/watch?v=FYd1e56cjIY
레드,"너불, 디디디용 DDDDragon, 오화요 Ohwayo",너불 : 니네 말고 시청자분들이 듣고싶은거 부르라고 / 레드 : 오빠야 한번 해보겠습니다,2025-08-30,https://www.youtube.com/watch?v=6KL7mWa_otk
아오쿠모 린 AOKUMO RIN,"아라하시 타비 ARAHASHI TABI, 네네코 마시로 NENEKO MASHIRO, 아야츠노 유니 AYATSUNO YUNI, 텐코 시부키 TENKO SHIBUKI, 유즈하 리코 YUZUHA RIKO, 하나코 나나 HANAKO NANA",마법 영창을 너무나도 잘하는 내가 마법을 맞출 수 없는 건에 대하여,2025-08-30,https://www.youtube.com/watch?v=nv1PsPoamCo
후추,"양띵 유튜브, 레드, 금휘, 동수칸TV, 명예훈장",미친의사 도M추 [콩밥특별시 | 후추's 핫클립],2025-08-30,https://www.youtube.com/watch?v=7BM0F8yiqgs
여까네 유튜브,"러끼, 왈도쿤, 이무지, 앵보",김여까의 7월 하이라이트,2025-08-31,https://www.youtube.com/watch?v=SA5DcVp4bDg
핑맨,"악어 유튜브, 너불, 중력유튜브, 멋사유튜브",스트리머 마크 서버 다피스,2025-08-31,https://www.youtube.com/watch?v=9QVy-KSeTrI
서넹,양띵 유튜브,스테이씨 윤님이 넹컵을 쓴다고요? 'ㅁ',2025-08-31,https://www.youtube.com/watch?v=faXIM6qJI9U
연비니,YouTube지누,지누님... 제가 무서우세요...?,2025-09-01,https://www.youtube.com/watch?v=AjYpydHM7II
부쿠키,러끼,마이러부 학교생활 1화 - 러끼 고백사건 💗,2025-09-01,https://www.youtube.com/watch?v=4-JuUi8qKRQ
플레임[이호종],강지,에겐남과 테토녀 [다피스],2025-09-02,https://www.youtube.com/watch?v=Z8RS0PKB_KM
서넹,"양띵 유튜브, 후추, 다주",다주 없는 다피스 ㅋㅋ,2025-09-02,https://www.youtube.com/watch?v=dh6EGJOfHzU
실프,"강지, 동수칸TV",어감이 파멸적인 MZ용어 퀴즈 [다피스 4편],2025-09-02,https://www.youtube.com/watch?v=TQwFZr2NC3Y
연비니,"램램, YouTube지누",제가 분탕이 될게요...🩷,2025-09-03,https://www.youtube.com/watch?v=sKobNJABmTE
후추,"양띵 유튜브, 허니츄러스 HoneyChurros",성대결절걸리고ㅆ테토남이되어허니즈싱글2집앨범과허니츄러스굿즈를개봉하며성X용품이아니라고부정하는택배깡,2025-09-03,https://www.youtube.com/watch?v=i41V2Pvt3TU
여까네 유튜브,"마레플로스, 왈도쿤, 앵보",각오는 되어있나?,2025-09-03,https://www.youtube.com/watch?v=kM7WPSRsAdQ
미녕이데려오깨,양아지,양아지님이 알아버린 찐목 미녕이의 비밀,2025-09-03,https://www.youtube.com/watch?v=YP7XEcuu6KM
꼬예유 & 한예찬의 게임저장소,"코마, 파이브","마인크래프트, 물리법칙 배틀로얄 서바이벌 3파전",2025-09-03,https://www.youtube.com/watch?v=MX7oN5Vi-Aw
여까네 유튜브,러끼,민주주의가 왜 처망했는지 알려주는군!,2025-09-04,https://www.youtube.com/watch?v=cMeqpm6Ogs8
너불,"채현찌, 디디디용 DDDDragon, 핑맨",레전드 싱크룸,2025-09-04,https://www.youtube.com/watch?v=h4d1Ktt_Z8c
하지유,"앵보, 세노, 부쿠키, 희지",내가...훈남...?,2025-09-04,https://www.youtube.com/watch?v=HkRtsRrHQDg
장마군,"마레플로스, 여까네 유튜브, 왈도쿤, 앵보",만져버렸구나...킬러ㅡ퀸의 버튼을!!,2025-09-04,https://www.youtube.com/watch?v=S5frY_B14EA
삐부찡,"채현찌, 다주",막내야!!!! 너 또 까불지!!!!!!,2025-09-04,https://www.youtube.com/watch?v=Sj1vFVShsLA
여까네 유튜브,"델로략국, 왈도쿤, 이무지, 장마군",꽉 변호사와 함께한 재판 게임 ┃ 죄와 꽉  풀버전,2025-09-04,https://www.youtube.com/watch?v=VUWxLNyRx-Y
임나은,"강지, 아구이뽀 A924, 악녀",그런 취향이셨어...???,2025-09-04,https://www.youtube.com/watch?v=y5s293RAA88
레드,"너불, 디디디용 DDDDragon, 오화요 Ohwayo",정치성향 고민하는 노래 아닙니다 (너불: 신호등 맞죠?),2025-09-04,https://www.youtube.com/watch?v=FbYNETWzZc0
아쿠루 akuru,희지,희지희지야,2025-09-05,https://www.youtube.com/watch?v=TeXQgv1LXE8
뇨롱이_YouTube,"나나양, 탬탬버린",안녕하세요 나나양입니다 【픽셀 백룸 마피아게임】,2025-09-05,https://www.youtube.com/watch?v=DfloSEyF2SE
실프,탬탬버린,여동생과 오랫동안 데이트 즐기는 방법 [다피스 5편],2025-09-06,https://www.youtube.com/watch?v=YCqblbgccGw
후추,양띵 유튜브,뇌가 짜릿한 주제로 토론하기 [먼데이푸쉬즈],2025-09-06,https://www.youtube.com/watch?v=SX06LV3dNmU
연비니,왈도쿤,저희 행복하게 살게요,2025-09-06,https://www.youtube.com/watch?v=cTbyXzb4VZo
탬탬버린,명예훈장,【 탬탬버린 】 - 배신 4연속 당하기... 야이 쓰레기들아 기억한다!!!!!!!!!!!!!!!! 다피스2,2025-09-07,https://www.youtube.com/watch?v=DAZcyp_JzaU
부쿠키,러끼,마이러부 학교생활 2화 -러끼 고백사건 💗,2025-09-08,https://www.youtube.com/watch?v=eTcsUbw7vpM
델로략국,장마군,나는 그런 걸 보고 싶지 않았어!!!!,2025-09-08,https://www.youtube.com/watch?v=88h750aWpC0
빅헤드,백곰파,백곰파 발사하기,2025-09-08,https://www.youtube.com/watch?v=6RYHCzjIS7E
연비니,왈도쿤,다음 페도라는 누가 될 것인가...,2025-09-08,https://www.youtube.com/watch?v=9TUZj9uOKyI
서넹,강소연 Youtube,닌텐도 스위치2 카메라로 비친 서넹,2025-09-08,https://www.youtube.com/watch?v=Oa8_CInaQpQ
장마군,러끼,더 월드를 쓸 때 현명하게 써야하는 이유,2025-09-09,https://www.youtube.com/watch?v=vtNkv1XkIcM
이춘향,"나나양, 탬탬버린, 김뚜띠",뚜띠 번역기,2025-09-09,https://www.youtube.com/watch?v=Zk85JJSHbvU
여까네 유튜브,"마레플로스, 왈도쿤, 앵보",드디어 발각된 대부호 왈도쿤의 지하 콜로세움,2025-09-09,https://www.youtube.com/watch?v=-SEj8R3qRg4
핑맨,"악어 유튜브, 너불, 중력유튜브, 멋사유튜브",총능아 크루 만들었습니다.,2025-09-09,https://www.youtube.com/watch?v=7pFwi89gLt4
백곰파,YouTube지누,지누님 찌찌파티 어때요~?,2025-09-10,https://www.youtube.com/watch?v=m4dR8XWDSTY
김똘복,나부,내 삶의 주인공은 나 자신이니까 니네는 NPC 나부랭이 맞잖아,2025-09-10,https://www.youtube.com/watch?v=HXN_Q40ZeCc
서넹,"양띵 유튜브, 삼식",삼식 햄버거 지갑 쌔빔,2025-09-10,https://www.youtube.com/watch?v=lRWIewZXF9w
빅헤드,백곰파,이 게임하고 백곰파 혐오가 더 심해졌습니다.,2025-09-10,https://www.youtube.com/watch?v=ESiJZE8EaOY
류으미,코시,한게임밖에 안해본 사람들한테 다른 게임 보스 공략시키면 안되는 이유 ㅋㅋㅋㅋㅋㅋㅋ,2025-09-10,https://www.youtube.com/watch?v=dwB9iSYhRlE
연비니,마레플로스,마레님 제가 깨끗하게 닦아드릴게요💙,2025-09-10,https://www.youtube.com/watch?v=syvUGEYfE5A
미녕이데려오깨,앵보,장난치다가 회사에서 결국..,2025-09-10,https://www.youtube.com/watch?v=-3lHUjoMGBU
캡틴잭,뜨뜨뜨뜨,석뜨뜨 상병 구하기,2025-09-10,https://www.youtube.com/watch?v=vS8cY6Io6Bk
여까네 유튜브,이무지,하이디라오 천룡인 무지띠띠를 만나다,2025-09-11,https://www.youtube.com/watch?v=tx7MpldxjkQ
델로략국,앵보,이 승부는 실패한 것 같군,2025-09-11,https://www.youtube.com/watch?v=RU64cjpYyE4
아오쿠모 린 AOKUMO RIN,"강지, 시라유키 히나 SHIRAYUKI HINA, 텐코 시부키 TENKO SHIBUKI, 유즈하 리코 YUZUHA RIKO",다신 그 누구도 믿지 않을거야,2025-09-12,https://www.youtube.com/watch?v=-PnAvO42w_4
쁘허,태경 TV,NEW 쁘허 공개?! 태경TV 채널아트!◈(Speed painting/스피드페인팅)【쁘허】,2025-09-12,https://www.youtube.com/watch?v=Vat_FFXRLNk
레드,콩콩이다,봉누도에서는 전쟁 영웅이었던 쟤가 지금은 도움 안되는 초록 곰돌이라니 [공포게임 Somewhere in the Shadow] (w. 콩콩),2025-09-13,https://www.youtube.com/watch?v=g_KLliAjuhg
후추,양띵 유튜브,후추공주 에겐 DAY,2025-09-13,https://www.youtube.com/watch?v=HGfh_yR7tLk
장마군,"델로략국, 여까네 유튜브, 왈도쿤, 이무지",실제 변호사도 웃음을 참지 못하는 재판 게임,2025-09-13,https://www.youtube.com/watch?v=V9gTVxrx1m0
핑맨,"악어 유튜브, 너불, 중력유튜브, 멋사유튜브",허니즈 빨간약,2025-09-13,https://www.youtube.com/watch?v=sCOQ8RXpI1c
뇨롱이_YouTube,"마레플로스, Hyang Ah Chi 향아치, 백곰파",중국어로 이걸 못 맞출거라 생각했어?ㅋㅋ【향아치 / 향꽁이 서당2】,2025-09-13,https://www.youtube.com/watch?v=MNYq_NJNxPI
레드,콩콩이다,귀여운 동물들이 지옥에서 기어올라와 죽기살기로 싸우는 게임 [파티 애니멀즈] (w. 콩콩),2025-09-13,https://www.youtube.com/watch?v=WfQdvV02C5c
미녕이데려오깨,희지,미츄 후배랑 싸웠습니다..,2025-09-13,https://www.youtube.com/watch?v=mGyP8yEuLDI
실프,YouTube지누,픽셀 사장을 고기방패로 쓰는 직원,2025-09-14,https://www.youtube.com/watch?v=_ulwOity9ww
후추,양띵 유튜브,워크샵 가는데 쇼핑을 잔뜩한 놈 #후추 #양띵 #양띵크루 #워크샵 #쇼핑 #쇼핑하울,2025-09-14,https://www.youtube.com/watch?v=tYAl1zUs8OU
나나양,YouTube지누,지누 애착인형의 배신,2025-09-14,https://www.youtube.com/watch?v=mK3Gnb6GqXU
델로략국,앵보,위하하하 앵보 이 게임은 대체 뭐냐!!!,2025-09-14,https://www.youtube.com/watch?v=25EfwC_up5s
부쿠키,러끼,마이러부 학교생활 마지막화 -러끼 고백사건,2025-09-15,https://www.youtube.com/watch?v=z2RjFkA7JWA
연비니,마레플로스,마레님 제발 선처를...,2025-09-15,https://www.youtube.com/watch?v=CVc8vyAlR60
아구이뽀 A924,"램램, 푸린, 나나양",진우는 바빠,2025-09-15,https://www.youtube.com/watch?v=aLUOJvVHe_4
서넹,"양띵 유튜브, 다주",내동생 영듀,2025-09-16,https://www.youtube.com/watch?v=pWswmIgkarg
연비니,"YouTube지누, 김뿡, 탬탬버린, 김똘복, 아구이뽀 A924, 악녀, 설백, 임나은, 너불, 채현찌, 금사향, 꽃핀",이미 픽셀에 소문이 쫙 나버렸어?!,2025-09-17,https://www.youtube.com/watch?v=TaAW4weomts
여까네 유튜브,"왈도쿤, 이무지",하이디라오 천룡인 이무지의 단점 : 천장에 안 닿음,2025-09-17,https://www.youtube.com/watch?v=WvNtLspCA0k
후추,양띵 유튜브,양띵크루 세부 워크샵 썰,2025-09-17,https://www.youtube.com/watch?v=pRqDew2Rnys
꼬예유 & 한예찬의 게임저장소,코마,"마인크래프트, 아이템 빙고를 얻어야하는 빙고크래프트 배틀",2025-09-17,https://www.youtube.com/watch?v=YYgRu7BAx2o
후추,양띵 유튜브,이젠 하다하다 달팽이까지 가버린 남자,2025-09-18,https://www.youtube.com/watch?v=l9sQ9H9LZgo
여까네 유튜브,이오몽,[스포일러 주의] 머더 미스터리 - 천천히 고통스럽게 풀버전,2025-09-18,https://www.youtube.com/watch?v=J0mzSOCKsoo
장마군,"러끼, 사모장, 이오몽",하시ㅂ라 이노스케,2025-09-19,https://www.youtube.com/watch?v=8uG8_DXhy_o
Youtube고차비,레드,*프레드릭입니다,2025-09-19,https://www.youtube.com/watch?v=RJBhc1Vtfnk
이춘향,"나나양, 탬탬버린, 김뚜띠",탬탬버린이 가장 하기 힘든 일... 바로 웃음 참기,2025-09-19,https://www.youtube.com/watch?v=MX5Ke03Hk9E
아오쿠모 린 AOKUMO RIN,강지,내가 하늘에 서겠다,2025-09-19,https://www.youtube.com/watch?v=jK01DZEgUrQ
서넹,양띵 유튜브,양띵크루 세부 워크숍 썰 풀면서 뿌링클 먹방🍗,2025-09-19,https://www.youtube.com/watch?v=1pRQPHsB_BE
여까네 유튜브,"델로략국, 왈도쿤, 장마군",도쿤이 형 나 짤려!,2025-09-19,https://www.youtube.com/watch?v=rFqIuFdPIoA
서넹,"양띵 유튜브, 삼식, 다주, 명예훈장",서넹에게 현피 걸면 생기는 일,2025-09-19,https://www.youtube.com/watch?v=eDzK5ML9csA
너불,"나나양, 탬탬버린, 금휘",픽셀에서 살아남는 법,2025-09-19,https://www.youtube.com/watch?v=0qmD0FisLno
순당무,압둘알리과로사,3년만에 돌아온 마크합방 (W.과로사),2025-09-19,https://www.youtube.com/watch?v=w8KwRd4x5kE
후추,양띵 유튜브,결국 폐지를 줍게 됐습니다 [보더랜드4],2025-09-19,https://www.youtube.com/watch?v=DtIsxIgkFjc
서넹,양띵 유튜브,보법이 다른 주접 반응,2025-09-20,https://www.youtube.com/watch?v=u53K2aY45DA
핑맨,"악어 유튜브, 너불, 중력유튜브, 멋사유튜브",레보스 한테 방송 해킹 당했습니다.,2025-09-20,https://www.youtube.com/watch?v=5k1BGuZkb1g
연비니,"램램, 꽃핀, 허니츄러스 HoneyChurros",사...살구야 잠깐만...,2025-09-20,https://www.youtube.com/watch?v=rKIYDQYpZhY
뇨롱이_YouTube,"허니츄러스 HoneyChurros, 왈도쿤, 장마군, 강소연 Youtube",소연찡... 이거 마법 게임이야.... 【메이지 아레나】,2025-09-20,https://www.youtube.com/watch?v=yoFssvWqVpQ
후추,양띵 유튜브,힙합은 안 멋져,2025-09-20,https://www.youtube.com/watch?v=249WIE1eLCY
치킨쿤,"강지, 빅헤드",스텔라이브 사장님께 직접 제일 이쁜 직원 어필하기,2025-09-20,https://www.youtube.com/watch?v=JAuWFkgJE0s
델로략국,왈도쿤,왈도쿤의 프리허그 못참지야아아아아악!!!,2025-09-20,https://www.youtube.com/watch?v=zCvvwn6AUAU
여까네 유튜브,이무지,[스포일러 주의] 머더 미스터리 - LYCAN 풀버전,2025-09-20,https://www.youtube.com/watch?v=maxsHwfSkw4
류시호 RyuSiho,"포포포포 POPOPOPO, 비올레타 모네 Violeta Mone, 블레어 로즈 Blaire Rose, 하시요 HaSiyo",안녕하세요 시호입니다!! 잘 부탁드려용🥞💛  【ACAXIA DEBUT】,2025-09-21,https://www.youtube.com/watch?v=mMdhm0yRyW4
하시요 HaSiyo,"포포포포 POPOPOPO, 비올레타 모네 Violeta Mone, 블레어 로즈 Blaire Rose, 류시호 RyuSiho",아카시아 리더 하시요의 첫 두둥장!!!  【ACAXIA DEBUT】,2025-09-21,https://www.youtube.com/watch?v=UYPteL2Rzqc
서넹,양띵 유튜브,서넹 보정 빨간약 풀림 ㄷㄷ,2025-09-21,https://www.youtube.com/watch?v=XkMbFdirvSI
여까네 유튜브,"왈도쿤, 장마군",카 마 도 군 !,2025-09-21,https://www.youtube.com/watch?v=wp-bD0wkmbE
블레어 로즈 Blaire Rose,"포포포포 POPOPOPO, 비올레타 모네 Violeta Mone, 하시요 HaSiyo, 류시호 RyuSiho",𝓁𝓊𝓍𝓊𝓇𝓎~!! 여러분의 아가씨 로즈사마 등장 ~!!!  【ACAXIA DEBUT】,2025-09-21,https://www.youtube.com/watch?v=lFOsI41N6Zc
포포포포 POPOPOPO,"비올레타 모네 Violeta Mone, 블레어 로즈 Blaire Rose, 하시요 HaSiyo, 류시호 RyuSiho",아카시아의 첫번째 포포포포 데뷔방송 !!! 🌊  【ACAXIA DEBUT】,2025-09-21,https://www.youtube.com/watch?v=_zbXzMauArE
비올레타 모네 Violeta Mone,"포포포포 POPOPOPO, 블레어 로즈 Blaire Rose, 하시요 HaSiyo, 류시호 RyuSiho",모네 등쟝✨ 데뷔 함께 해주세요🤍  【ACAXIA DEBUT】,2025-09-21,https://www.youtube.com/watch?v=1y9Nr9wvBC4
얍얍,아야츠노 유니 AYATSUNO YUNI,일본인에게 파칭코를 알려주다,2025-09-23,https://www.youtube.com/watch?v=N9HifdutBT0
류으미,라디유,나락 간 사람들끼리 무덤파는게임하러 가면 벌어지는 일 ㅋㅋㅋㅋㅋㅋㅋ,2025-09-23,https://www.youtube.com/watch?v=4ECcaB4cQRc
여까네 유튜브,이무지,[ 스포일러 주의 ] 별빛 우주 페러렐 라인 - 머더 미스터리 풀 버전,2025-09-23,https://www.youtube.com/watch?v=_qXaa8Ougiw
후추,"양띵 유튜브, 김뿡, 김똘복, 아구이뽀 A924, 악녀, 설백",연애에 가장 중요한 건 XX 크기이다. #후추 #픽셀 #김뿡 #김똘복 #악녀 #아구이뽀 #설백,2025-09-24,https://www.youtube.com/watch?v=mJsptTgQruc
후추,"양띵 유튜브, YouTube지누, 김뿡, 김똘복, 아구이뽀 A924, 악녀, 설백",선을 넘나드는 왕게임,2025-09-24,https://www.youtube.com/watch?v=cQifGwD1VsY
미녕이데려오깨,양아지,진짜로 한다고하면 도망가는 편..,2025-09-24,https://www.youtube.com/watch?v=vtNC0FSS9cQ
얍얍,"명예훈장, 피닉스박",사상 첫 스트리머 겟앰프드 대회,2025-09-25,https://www.youtube.com/watch?v=N60y_lxjWg4
여까네 유튜브,"왈도쿤, 이무지",[ 스포일러 주의 ] 암행 - 머더 미스터리 풀 버전,2025-09-25,https://www.youtube.com/watch?v=pQQd4znMIT0
하지유,"세노, 희지",너네 개못하잖아아ㅏ아~~,2025-09-25,https://www.youtube.com/watch?v=wf-Z19glAsg
너불,"실프, 임나은, 핑맨, 빅헤드",새로운 크루 들어갔습니다,2025-09-25,https://www.youtube.com/watch?v=yLS1CraVu2Q
아구이뽀 A924,"김뿡, 김똘복, 악녀, 설백, 후추",나도 배부를 때가 있어 !!!!!!,2025-09-26,https://www.youtube.com/watch?v=gqie4j2iaek
서넹,"양띵 유튜브, 삼식, 다주, 명예훈장",마인크래프트에서 금지된 그 기술,2025-09-26,https://www.youtube.com/watch?v=bmsut8Z0WsA
여까네 유튜브,강소연 Youtube,[스포일러 주의] 에이다  -   머더 미스터리 풀버전 / 방구석용사단,2025-09-27,https://www.youtube.com/watch?v=3HbMghRpG3s
부쿠키,Hyang Ah Chi 향아치,대감 사랑..❤️ 해봤어욬ㅋㅋㅋㅋㅋㅋㅋㅋㅋ,2025-09-27,https://www.youtube.com/watch?v=OF8sA4cRYG8
너불,허니츄러스 HoneyChurros,(*소리주의) 기지개 #너불 #shorts #허니츄러스,2025-09-27,https://www.youtube.com/watch?v=3f9VC526K1w
서넹,"양띵 유튜브, 삼식, 다주, 플레임[이호종]",플언니 내가 만만해??,2025-09-27,https://www.youtube.com/watch?v=g6C_AocUFbs
나나양,YouTube지누,지누를 버리고 따로 통화를 해 보았다.,2025-09-27,https://www.youtube.com/watch?v=oBpRXOK4xA0
후추,"양띵 유튜브, 다주, 강소연 Youtube",다주야 날 속인거니?,2025-09-27,https://www.youtube.com/watch?v=9fhGl_glwEE
이춘향,"나나양, 탬탬버린, 김뚜띠",수학천재 탬탬버린,2025-09-28,https://www.youtube.com/watch?v=zeqiba2evnE
실프,"임나은, 너불, 핑맨, 빅헤드",만약 총능아들이 봉누도2의 경찰이 된다면...?,2025-09-28,https://www.youtube.com/watch?v=s05q8Sy3Ai4
여까네 유튜브,"마레플로스, 이무지, 위도 W2RDØ",소녀는 S에 빠진다 - 머더 미스터리 풀버전,2025-09-28,https://www.youtube.com/watch?v=mk2VnG_W-D0
여까네 유튜브,"마레플로스, 이무지, 위도 W2RDØ, 부쿠키",[스포일러 주의] 머더 미스터리 - 천천히 고통스럽게 / 이무지 . 아무탈 . 마레플로스 . 위도 . 부쿠키,2025-09-28,https://www.youtube.com/watch?v=JES7J4zJnqw
금사향,모아,픽셀 장녀에게 짬처리 하는 픽셀 고양이 [다잉 라이트 : 더 비스트 합방],2025-09-28,https://www.youtube.com/watch?v=VpsGpfWkNH0
아구이뽀 A924,"푸린, 설백, 왈도쿤",캐리를 위해 라이벌을 제거하는 미X놈,2025-09-29,https://www.youtube.com/watch?v=IhJnZtw9jKc
임나은,강지,"생방송 중 전 ""남친""과 전화 했습니다",2025-09-29,https://www.youtube.com/watch?v=djjCthWIpXA
서넹,"양띵 유튜브, 다주",내 호구 동생 영듀~,2025-09-29,https://www.youtube.com/watch?v=nyTUuWJffQM
나나양,YouTube지누,왜 둘이서 사랑싸움을 하는 걸까,2025-09-29,https://www.youtube.com/watch?v=GLTGGKEgmrE
모아,"델로략국, 왈도쿤, 앵보",모아가 명조 뉴비들에게 강의를?!😳,2025-09-30,https://www.youtube.com/watch?v=hXmnY-o2cuY
장마군,"연비니, 왈도쿤",카마도ㅡ쿤? 마-다 야루노?,2025-09-30,https://www.youtube.com/watch?v=lxmfmjJW2Ts
꼬예유 & 한예찬의 게임저장소,코아 TV,"마인크래프트, 로블록스 유튜버 4인 초대석 PVP",2025-10-01,https://www.youtube.com/watch?v=vaGF3ZmwkQk
아구이뽀 A924,"푸린, 설백, 왈도쿤",왤캐 화가 난건데,2025-10-01,https://www.youtube.com/watch?v=WJ6M7RAqPaw
얍얍,아야츠노 유니 AYATSUNO YUNI,FC온라인 최고 명장의 제자 키우기,2025-10-01,https://www.youtube.com/watch?v=4_za3YbZNCw
후추,양띵 유튜브,옷 쇼핑에 수백만 원을 쓴 사람💸,2025-10-01,https://www.youtube.com/watch?v=2LYjDcK6LSw
백곰파,강지,강지 스타일 따라하기,2025-10-01,https://www.youtube.com/watch?v=EKVGy4Do6mg
하지유,희지,나 숨막혀 얘들아..,2025-10-02,https://www.youtube.com/watch?v=A69jAL7EVBs
아오쿠모 린 AOKUMO RIN,"텐코 시부키 TENKO SHIBUKI, 유즈하 리코 YUZUHA RIKO, 하나코 나나 HANAKO NANA",싸패용? 제가용?,2025-10-02,https://www.youtube.com/watch?v=B6LRjyH9saQ
코마,"각별, 공룡, 꼬예유 & 한예찬의 게임저장소, 파이브, 플래그, 파크모",1분마다 사람이 바뀌는 마인크래프트,2025-10-03,https://www.youtube.com/watch?v=zm5MryuYN_M
소니쇼게임방송,짬타수아,렌고쿠 정실 대전 이거 우열 모르네요,2025-10-03,https://www.youtube.com/watch?v=K_ffGgGGr0I
나나양,YouTube지누,지누: 나나양 뽀뽀할래?,2025-10-03,https://www.youtube.com/watch?v=DJ-MVmF9V44
서넹,양띵 유튜브,세븐틴 호시님도 인정한 김치 바나나 조합,2025-10-03,https://www.youtube.com/watch?v=b1J4rZZok08
삐부찡,왈도쿤,주먹으로 섬을 평정했다ㅋㅋ,2025-10-03,https://www.youtube.com/watch?v=U1zdSED67NY
아쿠루 akuru,희지,미츄 막내 꼬시기,2025-10-03,https://www.youtube.com/watch?v=GUYRO2PTENQ
아오쿠모 린 AOKUMO RIN,아야츠노 유니 AYATSUNO YUNI,야동보는 계정이 있어도 선배가 좋아,2025-10-04,https://www.youtube.com/watch?v=VQ7AYUugl3E
연비니,"강지, YouTube지누, 실프",강지님 그게 무슨 말씀이세요...,2025-10-04,https://www.youtube.com/watch?v=G1IB-y1H1gk
류으미,라디유,【류으미&라디유】Lemon(米津玄師) COVER,2025-10-04,https://www.youtube.com/watch?v=X21op7C_4is
이춘향,"램램, 김뿡, 탬탬버린, 아구이뽀 A924, 채현찌, 얍얍",와! 다들 깜빡 속았네!,2025-10-04,https://www.youtube.com/watch?v=n9Ytu89RQbA
서넹,"양띵 유튜브, 다주, 강소연 Youtube",대한오목협회도 인정한 서넹의 오목 실력,2025-10-04,https://www.youtube.com/watch?v=227SyMFJ3Bo
여까네 유튜브,"델로략국, 왈도쿤, 장마군, 앵보",남의 결혼식에 마구 훈수하기,2025-10-05,https://www.youtube.com/watch?v=6WWi8FrpPPk
후추,양띵 유튜브,첫 오리지널 영상. 후추를 곁들여.,2025-10-05,https://www.youtube.com/watch?v=S5jbRzUG0fc
부쿠키,"양띵 유튜브, 후추",후추야! 누나바라기라매!!!!🔥,2025-10-05,https://www.youtube.com/watch?v=y9-22IKQlIo
핑맨,"악어 유튜브, 너불, 중력유튜브, 멋사유튜브",연예인한테 고백 받았습니다,2025-10-05,https://www.youtube.com/watch?v=FcuOq3cnT5I
뇨롱이_YouTube,너불,모두가 저를 누렁이라 불러요.... 【마인크래프트 / 봉부락】,2025-10-05,https://www.youtube.com/watch?v=p7PxxO8bCgI
델로략국,앵보,다 비켜 퇴근해야 돼!!!!,2025-10-05,https://www.youtube.com/watch?v=dv6PK5LJFFI
너불,강지,고소 자료 #너불 #shorts #강지,2025-10-05,https://www.youtube.com/watch?v=nZ2HJonaoOs
서넹,양띵 유튜브,클로버핏 6연속 잿팟! 운 좋은 사람이 슬롯 머신을 돌린다면?,2025-10-06,https://www.youtube.com/watch?v=w_VH9oPEK_Q
이춘향,"나나양, 탬탬버린, 김뚜띠",그게 무슨 소리니... 나나양,2025-10-07,https://www.youtube.com/watch?v=5BAGetDxqmE
서넹,"양띵 유튜브, 다주",서넹 신녀님 등장! 추석 기념 한복 방송,2025-10-07,https://www.youtube.com/watch?v=tlSQChRgP70
핑맨,"악어 유튜브, 너불, 중력유튜브, 멋사유튜브",로블록스 처음 해봤습니다,2025-10-07,https://www.youtube.com/watch?v=BzopMIj7tmY
서넹,"양띵 유튜브, 다주",다주 언니가 만들어 준 모둠전 먹방!! 제 점수는요? ···,2025-10-08,https://www.youtube.com/watch?v=eXCZdFogU1A
델로략국,장마군,링강구 소리 좀 안나게 해라!!!,2025-10-08,https://www.youtube.com/watch?v=fVgFyc2niPQ
류으미,라디유,추석기념 누가누가 먼저 세배해서 돈뜯어내는지 병림픽 열기 ㅋㅋㅋㅋㅋㅋ,2025-10-08,https://www.youtube.com/watch?v=gPu8Bpt-MA8
꼬예유 & 한예찬의 게임저장소,공룡,신규 공포모드 *뒤틀린 사우루스 모드* 에서 드래곤까지 켠왕하기,2025-10-08,https://www.youtube.com/watch?v=0nYntz0y7sU
백곰파,강지,얼떨결에 강지랑 일본 여행 가기로 했습니다 ...!,2025-10-08,https://www.youtube.com/watch?v=3XSy3PtCYKo
아오쿠모 린 AOKUMO RIN,"아카네 리제 AKANE LIZE, 아야츠노 유니 AYATSUNO YUNI, 텐코 시부키 TENKO SHIBUKI, 유즈하 리코 YUZUHA RIKO",합숙에서 생긴 일 1편 '가슴',2025-10-09,https://www.youtube.com/watch?v=WgWVbmyKJqk
삐부찡,"따효니DDaHyoNi, 인간젤리",고인물 파티에 합류하게 된 청정수..💀,2025-10-10,https://www.youtube.com/watch?v=CfbQoVcHseA
설백,백곰파,진짜 '사회화' 안된게 뭔지 보여드려요?,2025-10-10,https://www.youtube.com/watch?v=eF1Jnff4V5A
아오쿠모 린 AOKUMO RIN,"아라하시 타비 ARAHASHI TABI, 아카네 리제 AKANE LIZE, 시라유키 히나 SHIRAYUKI HINA, 네네코 마시로 NENEKO MASHIRO, 아야츠노 유니 AYATSUNO YUNI, 텐코 시부키 TENKO SHIBUKI, 유즈하 리코 YUZUHA RIKO, 하나코 나나 HANAKO NANA",합숙에서 생긴 일 2부 '가슴',2025-10-11,https://www.youtube.com/watch?v=TaUQ8zV60gI
후추,양띵 유튜브,은밀한 후추의 침실 (aka. 집 구경),2025-10-11,https://www.youtube.com/watch?v=au2k8DD7Y1g
모아,러끼,"""러끼님""을 꼬시고 왔습니다🩷",2025-10-12,https://www.youtube.com/watch?v=vavjw4qlVhs
류으미,"라디유, 앵보","【류으미&라디유】 ""이번엔 진짜"" 체인소맨 ED COVER",2025-10-12,https://www.youtube.com/watch?v=sKtP5x_p_7c
뇨롱이_YouTube,"마레플로스, 장마군","초면에 벌레라고 박기 vs D컵이냐 묻기, 누가 더 무례한가요?ㅋㅋㅋ",2025-10-12,https://www.youtube.com/watch?v=coKJCPRmeQE
꽃핀,양아지,【꽃핀】이러는 사람 많지않나?,2025-10-12,https://www.youtube.com/watch?v=a2BUQ8Xtu5M
금사향,너불,너불 쟁탈전,2025-10-12,https://www.youtube.com/watch?v=t5UdB8NF_mc
라디유,류으미,【라디유&류으미】Lemon(米津玄師) COVER ※류으미제거버전※,2025-10-12,https://www.youtube.com/watch?v=85B1XYWXIWk
유즈하 리코 YUZUHA RIKO,강지,무후야호 참기 LV.9999,2025-10-13,https://www.youtube.com/watch?v=77bvny3QZzI
피닉스박,플레임[이호종],나보다 뉴비는 처음보네 ㅋㅋㅋㅋ,2025-10-13,https://www.youtube.com/watch?v=Qe-4j0PYMXs
얍얍,동수칸TV,진짜 레전드였던 룩곰얍칸 모두의마블#1 | 얍얍 발굴 시리즈,2025-10-13,https://www.youtube.com/watch?v=bWfusckYnmQ
꼬예유 & 한예찬의 게임저장소,코마,"마인크래프트, 코마가 서버의 신이 되는 PVP",2025-10-13,https://www.youtube.com/watch?v=1hIR75GsjFA
악녀,댕균,도원전사 악녀궁수 🌟댕균마법사🌟,2025-10-14,https://www.youtube.com/watch?v=lAZgjEOcLMQ
아오쿠모 린 AOKUMO RIN,"강지, 아야츠노 유니 AYATSUNO YUNI, 텐코 시부키 TENKO SHIBUKI, 유즈하 리코 YUZUHA RIKO",사장님을 건드려선 안돼..!,2025-10-14,https://www.youtube.com/watch?v=1BGi3_wfFF8
이춘향,탬탬버린,ㄷㄷㄷ 흑수정 그녀가 온다,2025-10-14,https://www.youtube.com/watch?v=9Md1cOjyDrw
얍얍,동수칸TV,망치~(사)망치~ | 룩곰얍칸 모두의마블#2,2025-10-14,https://www.youtube.com/watch?v=lDRK6okcZ_c
실프,너불,에겐남 사건,2025-10-15,https://www.youtube.com/watch?v=vO32k96rmvA
피닉스박,플레임[이호종],명예살인마 플레임,2025-10-15,https://www.youtube.com/watch?v=7CoCs-5h_U4
위도 W2RDØ,세노,세노선배한테 사과하기 #shorts,2025-10-15,https://www.youtube.com/watch?v=akMBipdUQkg
연비니,"YouTube지누, 김뿡, 나나양, 김똘복, 실프, 설백, 임나은, 채현찌",들어오자마자 이게 무슨 소리지...?,2025-10-15,https://www.youtube.com/watch?v=IMe4f3anq7Q
부쿠키,앵보,앵보의 첫키스...,2025-10-15,https://www.youtube.com/watch?v=gZka0RrWnyE
미녕이데려오깨,이오몽,양쪽에서 이오몽 빡치게하기♡,2025-10-15,https://www.youtube.com/watch?v=pqi-7pI2qlE
탬탬버린,"나나양, 이춘향",【 탬탬버린 】 - 모든 힐링캠프 사건에는 그녀가 있다. ㄷㄷㄷㄷㄷㄷㄷ,2025-10-15,https://www.youtube.com/watch?v=Vh9ZTAiDPio
나나양,탬탬버린,탬탬버린이 섯다하다가 안 운다.,2025-10-15,https://www.youtube.com/watch?v=7k8UKYGOuDQ
류으미,라디유,유명했던 포켓몬 트롤전략 [대폭발 데구리] 실제로도 가능한지 실험맨 던져보기 ㅋㅋㅋㅋㅋㅋㅋ,2025-10-15,https://www.youtube.com/watch?v=PtEapjrCws8
아구이뽀 A924,"김뿡, 탬탬버린",과연 네가 고를 수 있을까?,2025-10-15,https://www.youtube.com/watch?v=6WAfcEv2I54
삐부찡,채현찌,채현찌 실물 첫인상 #삐부 #픽셀네트워크 #shorts #채현찌,2025-10-15,https://www.youtube.com/watch?v=RqRrJtX43S8
얍얍,동수칸TV,얍얍 국민 번호 됐던 '번호까이저'사건 | 룩곰얍칸 모두의마블#완,2025-10-16,https://www.youtube.com/watch?v=W8gJnN-h56I
여까네 유튜브,"델로략국, 왈도쿤, 앵보",카드라는 이름의 검을 뽑아라,2025-10-16,https://www.youtube.com/watch?v=fcHMW0boWBU
서넹,"양띵 유튜브, 후추, 다주, 따효니DDaHyoNi",인챈트의 얼 : 그들이 긴장을 푸는 법,2025-10-16,https://www.youtube.com/watch?v=Jb95LJttXZg
아오쿠모 린 AOKUMO RIN,"아야츠노 유니 AYATSUNO YUNI, 사키하네 후야 SAKIHANE HUYA, 하나코 나나 HANAKO NANA",삼각관계,2025-10-16,https://www.youtube.com/watch?v=4kG8xwVYPqk
나나양,후추,분내나는 여동생이 잔뜩 생겼다,2025-10-16,https://www.youtube.com/watch?v=PVWPkReM1rY
하나코 나나 HANAKO NANA,강지,요원의 습관✉️ #animation #shorts,2025-10-17,https://www.youtube.com/watch?v=PsaEjPPALaE
뇨롱이_YouTube,"마레플로스, 장마군",땅을 팠더니 에메랄드가 쏟아졌다ㅋㅋ 쌀숭이들 광기 ON,2025-10-17,https://www.youtube.com/watch?v=jOQFZ7PzsIw
레드,명예훈장,괜찮아요 내가 안아줄게요 [콩밥특별시 레드중위 END : 에필로그],2025-10-17,https://www.youtube.com/watch?v=dP3rdHjacm8
류으미,"악녀, 러끼",267주전에 러끼한테 개인적으로 받았던 DM... 이제 해결합니다,2025-10-17,https://www.youtube.com/watch?v=ksKrm8gUpAA
서넹,양띵 유튜브,모스 율무 손 차이,2025-10-17,https://www.youtube.com/watch?v=xp2GqiYNr4s
아구이뽀 A924,"김뿡, 탬탬버린",픽셀 초비상,2025-10-17,https://www.youtube.com/watch?v=rGD131gjLM8
임나은,김뚜띠,극강의 귀여움 앞에선 김뚜띠도 수줍어진다,2025-10-17,https://www.youtube.com/watch?v=5ab5m1akPyw
나나양,YouTube지누,"이제는 픽셀 다같이 ""우리 뭐하지?""",2025-10-18,https://www.youtube.com/watch?v=8RX01_X1t6k
너불,설백,고백,2025-10-18,https://www.youtube.com/watch?v=KQcdhvk2OSA
아오쿠모 린 AOKUMO RIN,"네네코 마시로 NENEKO MASHIRO, 아야츠노 유니 AYATSUNO YUNI, 사키하네 후야 SAKIHANE HUYA",새로운 장난감,2025-10-18,https://www.youtube.com/watch?v=2QDNf-Wp_E8
끠끼,"수탉, 머독",무서운 스트리머 앞에서 말 실수를 해버렸다,2025-10-18,https://www.youtube.com/watch?v=QXNxxS070o0
후추,양띵 유튜브,세부행 짐 싸기,2025-10-18,https://www.youtube.com/watch?v=KrmL-0PQMhs
백곰파,김뿡,규리님이랑 김뿡님... 둘이 무슨 사이예요..???,2025-10-18,https://www.youtube.com/watch?v=Y-nbjGEPJVk
하지유,플레임[이호종],목숨을 건 시참대회,2025-10-18,https://www.youtube.com/watch?v=kd3dimZYRhM
이춘향,"램램, 김뿡, 탬탬버린, 김뚜띠",방어... 0... 존재하는 거였어....,2025-10-18,https://www.youtube.com/watch?v=iw6IjinR0jA
부쿠키,"러끼, 마레플로스, 이오몽",💥 현역 남성(?)도 의심하기 시작했다…,2025-10-18,https://www.youtube.com/watch?v=8iDy0lEYP2M
핑맨,"악어 유튜브, 너불, 중력유튜브, 멋사유튜브",늪지대 스트리머 마크 서버 [채무의 숲],2025-10-19,https://www.youtube.com/watch?v=NmSEm3f2lM8
설백,YouTube지누,좋소의 올바른 지누 사용법😊,2025-10-19,https://www.youtube.com/watch?v=KTVc5rfBG_M
서넹,"양띵 유튜브, 플레임[이호종], 러너",해피가스트 서넹,2025-10-19,https://www.youtube.com/watch?v=Gtjf3r0SPQY
장마군,"뇨롱이_YouTube, 금휘, 백곰파, 왈도쿤",요즘 부쩍 톡식해진 백곰파,2025-10-19,https://www.youtube.com/watch?v=DY93ggO9vbc
백곰파,강지,강지야.. 나 오해 할 것 같아....,2025-10-20,https://www.youtube.com/watch?v=bfciZ9SVf_Q
유즈하 리코 YUZUHA RIKO,강지,타비 배달이요 ㅋㅋ,2025-10-20,https://www.youtube.com/watch?v=XLTRjWTLrrY
서넹,양띵 유튜브,골반이 안 멈추는데 어떡해 ..8ㅁ8 #골반통신 #골반이안멈추는병,2025-10-20,https://www.youtube.com/watch?v=Nbu7t2jWcXY
연비니,김뿡,내가 어떻게든 알아낸다,2025-10-20,https://www.youtube.com/watch?v=S_Lc6CpvNXA
코렛트YouTube,YouTube지누,오랜만에 타격감 좋네 지누야~,2025-10-21,https://www.youtube.com/watch?v=pA8NkJJKAnw
류시호 RyuSiho,블레어 로즈 Blaire Rose,신자평균을 알아버렸습니다.. (w.블레어 로즈) [고해성사],2025-10-21,https://www.youtube.com/watch?v=QW7Xleo3tfw
이초홍,동수칸TV,승천 포셔와 두 간수에게 포위된 한동숙,2025-10-21,https://www.youtube.com/watch?v=CjK-PM6C914
하나코 나나 HANAKO NANA,텐코 시부키 TENKO SHIBUKI,울려퍼져라 (Hibikase ヒビカセ) / 하나코 나나 x 텐코 시부키 COVER,2025-10-21,https://www.youtube.com/watch?v=6gEc7lUi6xs
강퀴TV,푸린,명일방주 업데이트 기념으로 뉴비 입문시키기 (with. 푸린),2025-10-21,https://www.youtube.com/watch?v=8Hv_8Nb-VNo
아오쿠모 린 AOKUMO RIN,"강지, 시라유키 히나 SHIRAYUKI HINA, 네네코 마시로 NENEKO MASHIRO, 텐코 시부키 TENKO SHIBUKI, 유즈하 리코 YUZUHA RIKO",아 진짜 마지막 도박이에요 진짜 진짜 마지막임 진짜예요 한번만 믿어주세요 이번에는 정말 딸 것 같단 말이에요 주인장도 문고리 잡고 있다고 말했다고요!,2025-10-21,https://www.youtube.com/watch?v=KcMSH8piUS4
여까네 유튜브,"왈도쿤, 이무지",누군가에겐 여자력 높은 김모잉 씨,2025-10-22,https://www.youtube.com/watch?v=w1KR1drpbFU
레드,"강지, 장마군, 철면수심, LookSam, KevinStudio 케빈스튜디오",군필들 사이에 미필이 있을 때,2025-10-22,https://www.youtube.com/watch?v=DMsYr57XH3c
러너,"후추, 다주","나는 다시 태어나면 절대 결혼 안 할 거야 | 돈스타브(다주,후추,러너,꽃빈)",2025-10-22,https://www.youtube.com/watch?v=L4rUfPuMU8g
이춘향,"탬탬버린, 다주, 따효니DDaHyoNi",이 사람들 어쩜 좋지?!,2025-10-22,https://www.youtube.com/watch?v=6zsUiuYwgH4
플레임[이호종],"이춘향, 피닉스박",에겐남의 표본,2025-10-22,https://www.youtube.com/watch?v=BSMHnayu3Wg
LookSam,삼식,그가 마이크 대신 생수병을 든 이유 | with. 정재형 X 삼식 X 쿠기 [치지직 공식 방송 : 룩삼의 들어볼래 MUZZK],2025-10-22,https://www.youtube.com/watch?v=HLWbqbIpASo
끠끼,"수탉, 머독",만날 때마다 악담 하는 사이,2025-10-22,https://www.youtube.com/watch?v=ZiXBfsRGajA
유즈하 리코 YUZUHA RIKO,강지,정실을 잃은 리코,2025-10-23,https://www.youtube.com/watch?v=sAvFiBfSIks
아오쿠모 린 AOKUMO RIN,"아라하시 타비 ARAHASHI TABI, 유즈하 리코 YUZUHA RIKO",우와 잠자리다!,2025-10-23,https://www.youtube.com/watch?v=f0Nv64E7uiI
하지유,"세노, 희지",그렇게 한심하게 보지마세요,2025-10-23,https://www.youtube.com/watch?v=fN_EWjydCZA
류시호 RyuSiho,블레어 로즈 Blaire Rose,🍎 로즈 이기기 도전!! 🍎[사과게임],2025-10-23,https://www.youtube.com/watch?v=ima5B5OaMw0
꼬예유 & 한예찬의 게임저장소,"파이브, 우융",무한으로 총을 강화시키는 8인 배틀로얄 마인크래프트,2025-10-24,https://www.youtube.com/watch?v=Knq9h4EbZoM
치킨쿤,"백곰파, 빅헤드",케데헌이랑 콜라보한 게임 포트나이트,2025-10-24,https://www.youtube.com/watch?v=ncrfNLCZm58
장마군,"뇨롱이_YouTube, 금휘, 백곰파, 왈도쿤",버츄얼과 여캠을 미치게 하는 슈퍼스타,2025-10-24,https://www.youtube.com/watch?v=dvxsMnNndh8
여까네 유튜브,"델로략국, 왈도쿤, 앵보",지식이...섭섭한 사람들...,2025-10-24,https://www.youtube.com/watch?v=283JCSV52HI
아구이뽀 A924,"푸린, 백곰파, 왈도쿤, 장마군",그럼 노브Rㅏ는 누구인가?,2025-10-24,https://www.youtube.com/watch?v=ry5TujNUmDk
삐부찡,"김뿡, 탬탬버린, 아구이뽀 A924",연쇄공감마,2025-10-24,https://www.youtube.com/watch?v=bLGZiq3HCnM
너불,아구이뽀 A924,너불이의 소중이 상자★,2025-10-25,https://www.youtube.com/watch?v=BJ-9pxC8ClA
나나양,램램,쌍수단 아니고 초롱단입니다,2025-10-25,https://www.youtube.com/watch?v=fHidK8AyQ6o
연비니,"램램, YouTube지누, 김똘복, 채현찌, 꽃핀, 백곰파",지누님이 괴물...?!,2025-10-25,https://www.youtube.com/watch?v=IoB2xqQ4tdQ
이춘향,"탬탬버린, 빅헤드",기대를 저버리지 않는 삐부,2025-10-25,https://www.youtube.com/watch?v=LhIJyBv0zR0
후추,양띵 유튜브,고독한 그의 생일,2025-10-25,https://www.youtube.com/watch?v=kULb23C_yG8
서넹,"양띵 유튜브, 다주",다주 언니와 골반통신춤 콜라보 ^ㅁ^/,2025-10-25,https://www.youtube.com/watch?v=2dkCHggwOa4
아오쿠모 린 AOKUMO RIN,"아라하시 타비 ARAHASHI TABI, 네네코 마시로 NENEKO MASHIRO, 아야츠노 유니 AYATSUNO YUNI, 사키하네 후야 SAKIHANE HUYA",장난감 안 부숴지게 살살 다뤄!,2025-10-25,https://www.youtube.com/watch?v=MVleswF8rhU
미녕이데려오깨,러끼,중요 정보) 러끼님은 벗고 주무신다.,2025-10-25,https://www.youtube.com/watch?v=sfteaFwNLUU
뇨롱이_YouTube,"마레플로스, Hyang Ah Chi 향아치","향아치, 드디어 날 양지로 보내주는거니?! 【치지직 x 한국고전번역원】",2025-10-25,https://www.youtube.com/watch?v=uxkP0D867DE
Youtube고차비,"왈도쿤, 피닉스박",그렇게 우리는 한팀이 되었다,2025-10-26,https://www.youtube.com/watch?v=yxkP4Xg9vew
Hyang Ah Chi 향아치,"연비니, 앵보",버미육 버튜버를 추천한 신부님｜추석특집 사연 라디오,2025-10-26,https://www.youtube.com/watch?v=bEpvBZrBE_M
강지,"백곰파, 이춘향",결국 강지의 역린을 건드려버린 백곰파...,2025-10-26,https://www.youtube.com/watch?v=C-NXayljzpo
코아 TV,꼬예유 & 한예찬의 게임저장소,🔥돌소장인 꼬예유 🆚 코아TV 5명🔥최초의 기록을 만들어 버린 꼬예유 ㄷㄷ,2025-10-26,https://www.youtube.com/watch?v=9oo-zEB9PVk
설백,푸린,⚠️긁힘주의⚠️극장판 논쟁으로 오타쿠 긁어보기 ㅋㅋ,2025-10-27,https://www.youtube.com/watch?v=g8TNTyP3M8Y
부쿠키,Hyang Ah Chi 향아치,🍂 추석 특집 라디오 였던 것.,2025-10-27,https://www.youtube.com/watch?v=PS3ymKLRbnE
임나은,악녀,🚨사람들 앞에서도 참지 않는 멧나은🚨,2025-10-27,https://www.youtube.com/watch?v=oCQ_WvWhKro
연비니,채현찌,찌찌 선배 저만 믿으세요!,2025-10-27,https://www.youtube.com/watch?v=Aj_6Oy2noIk
아구이뽀 A924,너불,통나무는 너불이가 들겠지 ㅎ [ 봉부락 -완- ],2025-10-27,https://www.youtube.com/watch?v=Os0lD1VwnKI
꼬예유 & 한예찬의 게임저장소,파이브,마크 최강 유튜버들이 팀으로 싸우는 팀전 시참PVP,2025-10-27,https://www.youtube.com/watch?v=ncj9jD4yuE4
너불,뇨롱이_YouTube,화성 갈끄니까,2025-10-28,https://www.youtube.com/watch?v=vaEKZCY5HvM
레드,"강지, 장마군, 철면수심, LookSam, KevinStudio 케빈스튜디오","군대식 수련회 출근 0일차, 사표 쓰겠습니다 [큰별수양관 교관장 1화(교관 OT)]",2025-10-28,https://www.youtube.com/watch?v=lOlHSLI_d5s
캡틴잭,김뚜띠,김뚜띠 성불시키기,2025-10-28,https://www.youtube.com/watch?v=cRoRbutP1VA
핑맨,"악어 유튜브, 너불, 중력유튜브, 멋사유튜브",생방송 시청자 1위 찍은 역대급 노래 라이브 : 브이믹스2,2025-10-28,https://www.youtube.com/watch?v=NbWY6Br4suU
인간젤리,"탬탬버린, 삼식, 이춘향",올킬하면 100만원이라고? [데바데 합방 w.삼식 탬탬버린 삐부 이춘향],2025-10-28,https://www.youtube.com/watch?v=LIh2Pbq5MBY
아오쿠모 린 AOKUMO RIN,"탬탬버린, 다주",아오천포린,2025-10-28,https://www.youtube.com/watch?v=0-IF-wutBf4
레드,"실프, 후추",돌아온 레드중위의 복수혈전 [콩밥특별시 EMS 후열 구스구스덕],2025-10-29,https://www.youtube.com/watch?v=z8-h9_cgDqM
연비니,"램램, YouTube지누, 김뿡, 나나양, 탬탬버린, 이춘향, 피닉스박",탬탬버린님이 내 앞에서 죽었어!!!!,2025-10-29,https://www.youtube.com/watch?v=eIb9H4aYTfI
델로략국,왈도쿤,일리가... 있어!?,2025-10-29,https://www.youtube.com/watch?v=zgpna7HWKEw
채현찌,명예훈장,오랜만이네 ... 명훈오빠..ㅎ,2025-10-29,https://www.youtube.com/watch?v=VyU2aIUR3Fo
코아 TV,김왼팔,"🔥김왼팔, 소멸, 하네🔥99밤 고인물들과 함께하는 평화로운? 숲속생활 ㅋㅋㅋ 버스 지렸다",2025-10-29,https://www.youtube.com/watch?v=xDLw4P8Y0YA
레드,"강지, 장마군, 철면수심, LookSam, KevinStudio 케빈스튜디오",김계란! 소풍왔니! 헤비! 그리고 레드,2025-10-30,https://www.youtube.com/watch?v=UXq6sFhvKFw
코뚱잉,윤가놈,납치 아닙니다. (ft. 윤가놈),2025-10-30,https://www.youtube.com/watch?v=R5eFzA-TNSU
플레임[이호종],괴물쥐 유튜브,라꼬폿 아님?,2025-10-30,https://www.youtube.com/watch?v=1mwZFEaOmm8
이춘향,"탬탬버린, 다주, 따효니DDaHyoNi",응...! 나 멀리 갈게...!,2025-10-30,https://www.youtube.com/watch?v=TF1fOQQ0J8U
아오쿠모 린 AOKUMO RIN,"김뿡, 탬탬버린, 아라하시 타비 ARAHASHI TABI, 허니츄러스 HoneyChurros, 다주",마통대 우..승...?,2025-10-30,https://www.youtube.com/watch?v=SHgoHnu22cY
채현찌,"아구이뽀 A924, 너불",세 사람은 문제아지만 최강,2025-10-31,https://www.youtube.com/watch?v=ijXglDoTlNk
하지유,"러끼, 사모장, 장마군",하우카우 쥐어짜기,2025-10-31,https://www.youtube.com/watch?v=8_WIhBItjZA
아쿠루 akuru,앵보,미츄 선배 오리지널곡 작사 후기,2025-10-31,https://www.youtube.com/watch?v=4_UqdRWXN20
도티 TV,샘웨,"도티팀 vs 샘웨팀 ""젠레스 핸디캡 강습전 대결""",2025-10-31,https://www.youtube.com/watch?v=jGXWmUzURwA
삼식,탬탬버린,좋은 원딜은 서폿이 키운다,2025-10-31,https://www.youtube.com/watch?v=LqytjKQrEDQ
Bang,T1 Faker,T1은 LPL에게 지지 않습니다 l T1 vs AL l 25 Worlds,2025-10-31,https://www.youtube.com/watch?v=84YLrFcOK7A
여까네 유튜브,이무지,더워하는 조카(아님) 밀치고 그늘 차지하는 김여까,2025-10-31,https://www.youtube.com/watch?v=SnxxVPYiASo
강지,"YouTube지누, 김뿡, 탬탬버린, 삼식, 이춘향, 피닉스박",남자 아이돌을 만들지 않는 이유,2025-10-31,https://www.youtube.com/watch?v=xqwLteNXfyc
델로략국,"뇨롱이_YouTube, 장마군",뇨롱이님 선택 잘하쇼,2025-11-01,https://www.youtube.com/watch?v=8gnQr6T6iYc
살구 YouTube,"연비니, 앵보, 부쿠키","모두가 즐거운 살구 어트랙션 | 데바데 합방(살구, 앵보, 옌룡, 연비니, 부쿠키)",2025-11-01,https://www.youtube.com/watch?v=wxWqotbPH_M
후추,양띵 유튜브,후추의 쇼핑 하울,2025-11-01,https://www.youtube.com/watch?v=IjvZlOH6k0Q
아오쿠모 린 AOKUMO RIN,"강지, 네네코 마시로 NENEKO MASHIRO, 사키하네 후야 SAKIHANE HUYA",그 아이도 살아야 해요!! [10월 핫클립],2025-11-01,https://www.youtube.com/watch?v=lk-f_nsQ2QA
레드,"강지, 아구이뽀 A924, 이초홍, 뇨롱이_YouTube, 꽃핀, 마레플로스, 디디디용 DDDDragon, 망내 MangNae, 이로나묭 치카 【Ch. Mao Chika】, 장마군, 철면수심, LookSam, KevinStudio 케빈스튜디오",여고생들을 통제하기란 불가능에 가까웠음을 [큰별수양관 교관장 2화],2025-11-01,https://www.youtube.com/watch?v=NnJhLCCr6CQ
아라하시 타비 ARAHASHI TABI,강지,사장님을 당장 아이돌로 만들어!!,2025-11-01,https://www.youtube.com/watch?v=DpTM67WXhUM
류으미,라디유,전날 난리났던 홍대 레제한테 영상 편집해달라고 부탁 받아 온 사람 ㅋㅋㅋㅋㅋㅋㅋ,2025-11-01,https://www.youtube.com/watch?v=m4Z67tkDHhs
연비니,"YouTube지누, 김뿡, 나나양, 김똘복, 실프, 설백, 임나은, 채현찌",너... 참치로 맞아봤어?,2025-11-01,https://www.youtube.com/watch?v=7Cyttx5U3NI
퀸톨 TV,꼬예유 & 한예찬의 게임저장소,팀큐브 서열 정리에 10B가 뒤늦게? 왔습니다ㅋㅋㅋㅋ,2025-11-01,https://www.youtube.com/watch?v=o_52PG0rSGg
뇨롱이_YouTube,"장마군, 철면수심",마크 수련회 첫날부터 조교한테 찍혔습니다ㅋㅋㅋ 【큰별수양관 1화】,2025-11-01,https://www.youtube.com/watch?v=Cqj9k0uszkA
레드,KevinStudio 케빈스튜디오,괘씸한 직장동료 가불기로 두들겨패기,2025-11-02,https://www.youtube.com/watch?v=MLJJGRPV37U
핑맨,"악어 유튜브, 너불, 중력유튜브, 멋사유튜브",핑맨 레보스 합방합니다.,2025-11-02,https://www.youtube.com/watch?v=pzJeKau-j1w
푸린,"아구이뽀 A924, 백곰파, 왈도쿤, 장마군",3분 컵라면 연애,2025-11-02,https://www.youtube.com/watch?v=4aGpoTtnmAs
끠끼,머독,사고 쳤습니다,2025-11-02,https://www.youtube.com/watch?v=ZaF7epuLoac
여까네 유튜브,이무지,미아가 될뻔한 이무지,2025-11-02,https://www.youtube.com/watch?v=XVby6PH6v7o
아구이뽀 A924,"푸린, 백곰파, 왈도쿤, 장마군",이 손 뭐냐,2025-11-02,https://www.youtube.com/watch?v=1rZbTXzj0Iw
삐부찡,"탬탬버린, 삼식, 이춘향, 인간젤리",삐부 또또또또또 너야?,2025-11-02,https://www.youtube.com/watch?v=s5W0FR3h7ZY
Bang,T1 Faker,"4년 연속 월즈 결승 진출, LPL 상대로 다전제 13승 무패 l T1 vs TES l 25 Worlds",2025-11-02,https://www.youtube.com/watch?v=AcMx982IEDk
플레임[이호종],피닉스박,건피로 고장난 팀원들이 생각나는중,2025-11-02,https://www.youtube.com/watch?v=3Flj972P36I
이춘향,"램램, 김뿡, 나나양, 탬탬버린, 연비니, 피닉스박",수고해라!! 난 이 마을 탈출한다,2025-11-02,https://www.youtube.com/watch?v=ccEjp_D4VsI
아구이뽀 A924,"푸린, 백곰파, 왈도쿤, 장마군",진짜 니 밥그릇 푸파해줘?,2025-11-03,https://www.youtube.com/watch?v=hcG0wzy51y4
인간젤리,"YouTube지누, 탬탬버린, 김뚜띠, 따효니DDaHyoNi","고인물이 뉴비 학살해요! [데드바이데이라이트] (w.탬탬버린,뚜띠,지누,따효니)",2025-11-03,https://www.youtube.com/watch?v=vED3C4dc53A
류으미,라디유,류으미&라디유한테 듀엣곡을 기대하면 안되는 이유,2025-11-03,https://www.youtube.com/watch?v=wecuAoKntmU
나나양,탬탬버린,이번에는 탬탬버린 좋은 구경 시켜줬다,2025-11-03,https://www.youtube.com/watch?v=H56FBwocrNY
모아,러끼,억까 당하는 게 재능인 버튜버 (개웃김주의🔥),2025-11-04,https://www.youtube.com/watch?v=kgPsC0bdi-c
서넹,양띵 유튜브,소식좌들 일어나라!! 우리도 식탐이 있다 이말이야!😡,2025-11-04,https://www.youtube.com/watch?v=dovxq6TLmIc
뇨롱이_YouTube,강지,귀신 보고 울었는데... 소문 듣고 룩삼님이 찾아오셨습니다ㅠㅠㅠ【큰별수양관 2화】,2025-11-04,https://www.youtube.com/watch?v=wubGrmza9UA
임나은,강지,드디어 나이 공개 하는 노캠 스트리머 ㅋㅋㅋㅋ,2025-11-04,https://www.youtube.com/watch?v=8u52ZWqDroY
아오쿠모 린 AOKUMO RIN,유즈하 리코 YUZUHA RIKO,가주세요 제 음식이에요,2025-11-04,https://www.youtube.com/watch?v=O4OloA66Mvk
강지,백곰파,농담이겠지...?,2025-11-04,https://www.youtube.com/watch?v=d_YAzaddo7M
미녕이데려오깨,러끼,러끼님 첫입맞춤 내가 먼저 가질게~💋,2025-11-05,https://www.youtube.com/watch?v=wN00sYOl_5U
류으미,라디유,자체 AI변조기능 생겨서 넷카마로 개판났다는 게임 구경가기 ㅋㅋㅋㅋㅋㅋ,2025-11-05,https://www.youtube.com/watch?v=vD0Sf2MHDw8
레드,콩콩이다,"이 파티는 뭔가 잘못됐다 [4인TRPG 독스프 1화] (w. 니야, 아야, 콩콩)",2025-11-05,https://www.youtube.com/watch?v=IbM2WBul76k
아야츠노 유니 AYATSUNO YUNI,"강지, 아오쿠모 린 AOKUMO RIN",【핫클립】10월도 망한 린연시,2025-11-06,https://www.youtube.com/watch?v=jO_WaoB33gk
인간젤리,"YouTube지누, 탬탬버린, 김뚜띠, 따효니DDaHyoNi","2000시간의 악마도 빨간 곰젤리는 못 막아! [데드바이데이라이트] (w.탬탬버린, 김뚜띠, 지누, 따효니)",2025-11-06,https://www.youtube.com/watch?v=ObU6OmP3qe8
하지유,"연비니, 모아",어떤 메이드를 좋아할지 몰라서 다 준비해봤어,2025-11-06,https://www.youtube.com/watch?v=S9SkXVdQa6o
삐부찡,이춘향,이춘향 실명 유출사건 #삐부 #픽셀네트워크 #게임 #shorts #힐링캠프,2025-11-06,https://www.youtube.com/watch?v=EMBIBRiLQC4
강소연 Youtube,피닉스박,제대로 놀 줄 아는 남자 피닉스박,2025-11-06,https://www.youtube.com/watch?v=eiSQ983ZzK8
이춘향,"강지, 임나은, 너불, 행돌",아하! 그렇구나...!,2025-11-06,https://www.youtube.com/watch?v=IoxIOQDlKuI
푸린,"램램, 설백, 꽃핀",신작 백룸 과연 이번에도 공략 가능할까...?,2025-11-06,https://www.youtube.com/watch?v=2C-NxXJ9Ujs
얍얍,동수칸TV,탬칸대전이 '얍칸대전'이 된 건에 대하여,2025-11-06,https://www.youtube.com/watch?v=0BbBU9uQOI4
서넹,양띵 유튜브,서넹이 말아주는 도마도마 바라밤 챌린지,2025-11-07,https://www.youtube.com/watch?v=qtU4J26ybLc
푸린,"램램, 나나양, 아구이뽀 A924",24시간 보드게임 카페,2025-11-07,https://www.youtube.com/watch?v=qy7_DDsU7SE
여까네 유튜브,왈도쿤,허락 받고 함?,2025-11-07,https://www.youtube.com/watch?v=FuHjDrQtSaQ
뇨롱이_YouTube,"금휘, 백곰파, 왈도쿤, 장마군",오은영 박사도 포기한 데바데 뉴비ㅋㅋㅋㅋ 【데바데】,2025-11-07,https://www.youtube.com/watch?v=knp1acPn-7Q
채현찌,탬탬버린,픽셀 빨간약 전부 먹은날..   [픽셀 사장님 결혼식 후기],2025-11-07,https://www.youtube.com/watch?v=87fV8hoG8eo
채현찌,"YouTube지누, 연비니",수상하게 성대모사를 잘하는사람 #shorts,2025-11-07,https://www.youtube.com/watch?v=VRjmWGlcIIA
강지,백곰파,못생겼지만 귀여운 강아지(?) #강지 #쇼츠 #감자툰,2025-11-07,https://www.youtube.com/watch?v=hg5tLBbEEqs
아카네 리제 AKANE LIZE,강지,클라스가 다른 사장님의 선물 ㄷㄷ,2025-11-07,https://www.youtube.com/watch?v=dlE3MaMq3Rw
레드,"강지, 아구이뽀 A924, 이초홍, 뇨롱이_YouTube, 꽃핀, 마레플로스, 디디디용 DDDDragon, 망내 MangNae, 이로나묭 치카 【Ch. Mao Chika】, 장마군, 철면수심, LookSam, KevinStudio 케빈스튜디오",개쳐망한 입소식 [큰별수양관 교관장 3화],2025-11-07,https://www.youtube.com/watch?v=1V_-o3jOpwI
장마군,마레플로스,북극곰의 악마【마인크래프트: 큰별수양관 4편】,2025-11-07,https://www.youtube.com/watch?v=49dNiRgFR_Y
후추,"양띵 유튜브, 서넹, 다주",등산 재밌는거였네ㅋㅋㅋ,2025-11-08,https://www.youtube.com/watch?v=R-Nre7-9uNo
서넹,양띵 유튜브,유튜브 훈수 두는 가족들...,2025-11-08,https://www.youtube.com/watch?v=P7vzKp36JrY
삼식,탬탬버린,저 잘 컸어요,2025-11-08,https://www.youtube.com/watch?v=ceB-qkE-2g8
아오쿠모 린 AOKUMO RIN,"텐코 시부키 TENKO SHIBUKI, 유즈하 리코 YUZUHA RIKO, 하나코 나나 HANAKO NANA",아이고!! 내 눈!!,2025-11-08,https://www.youtube.com/watch?v=32FerwELDG0
미녕이데려오깨,양아지,양아지님 우리 같이 왕게임 해볼까?ㅎ 어? 내가 왕이네?🥵🥵,2025-11-08,https://www.youtube.com/watch?v=rWndTvpWk8I
인간젤리,풍월량,몰래 찾아온 데바데 손님 ㅋㅋㅋ (w.풍월량),2025-11-08,https://www.youtube.com/watch?v=fldl7n682Es
연비니,하지유,주인님을 위해 엿습했어요!,2025-11-08,https://www.youtube.com/watch?v=ywlOzNKzQHI
코아 TV,꼬예유 & 한예찬의 게임저장소,🔥말량&밍&꼬예유🔥브레잇롯 훔치기 고인물들이 레벨 1 부터 시작하면 얼마만에 성장 할수 있을까?,2025-11-08,https://www.youtube.com/watch?v=QFwZukPpJmE
너불,"강지, YouTube지누, 김뿡, 탬탬버린, 채현찌",추석 싱크룸,2025-11-09,https://www.youtube.com/watch?v=HZpIxcmAzsw
푸린,"아구이뽀 A924, 설백, 왈도쿤",설백 어린이는 나가있어!!,2025-11-09,https://www.youtube.com/watch?v=JtLQU5ViNO0
라디유,Hyang Ah Chi 향아치,향아치 대감님 버츄얼 훔친 라디유,2025-11-09,https://www.youtube.com/watch?v=WYj5BY03AAI
피닉스박,괴물쥐 유튜브,무너진 협곡의 밸런스,2025-11-09,https://www.youtube.com/watch?v=t15pMiMlW6w
퀸톨 TV,꼬예유 & 한예찬의 게임저장소,새롭게 변한 퀸톨?! 팀큐브 멤버들 반응이 ㅋㅋㅋㅋㅋ,2025-11-09,https://www.youtube.com/watch?v=nYQLTBdM76c
아구이뽀 A924,"꽃핀, 마레플로스, 디디디용 DDDDragon",뭐야 왜 생활관이...?,2025-11-09,https://www.youtube.com/watch?v=uQ7zCgcSF9s
Bang,T1 Faker,"𝟐𝟎𝟐𝟓 𝑳𝑶𝑳 𝑾𝒐𝒓𝒍𝒅𝒔 𝑪𝒉𝒂𝒎𝒑𝒊𝒐𝒏𝒔 ""𝑻𝟏"" l T1 vs KT l 25 Worlds",2025-11-09,https://www.youtube.com/watch?v=1_f5IxerXhw
중력유튜브,"공룡, 너불, 핑맨",티라노맘 부수기,2025-11-10,https://www.youtube.com/watch?v=Ih2Q2QzUNqE
아카네 리제 AKANE LIZE,강지,드디어 만난 스텔 최고의 봇치들,2025-11-10,https://www.youtube.com/watch?v=zSeaqfh3p0Q
이춘향,"김뿡, Youtube고차비",얘.. 얘들아 장난치지 마...,2025-11-10,https://www.youtube.com/watch?v=WUp4gq-fNU4
델로략국,"뇨롱이_YouTube, 마레플로스, 장마군",출동이다 쌀숭이들,2025-11-10,https://www.youtube.com/watch?v=jMbJUQPS8_M
캡틴잭,뜨뜨뜨뜨,"휴가 ""또"" 나온 그 녀석",2025-11-10,https://www.youtube.com/watch?v=kllc7w-gHRc
서넹,양띵 유튜브,중드 중국 무협 드라마 특징 ㅋㅋㅋ,2025-11-11,https://www.youtube.com/watch?v=3-xFGJSCy1Q
이춘향,"김뿡, 탬탬버린",[이심전심 4人] 신의 뜻대로 (神のまにまに),2025-11-11,https://www.youtube.com/watch?v=CY4mdxXiYGw
인간젤리,풍월량,젤트와 풍트 ㅋㅋㅋㅋㅋ [데바데 w.풍월량],2025-11-11,https://www.youtube.com/watch?v=Kef8iUMP5nU
강지,"김뿡, 백곰파",일본에서 대체 무슨 일이 있었길래...,2025-11-11,https://www.youtube.com/watch?v=V7n094bImgM
피닉스박,괴물쥐 유튜브,올해의 서커스상,2025-11-11,https://www.youtube.com/watch?v=Y-lxZ_8OmDA
채현찌,YouTube지누,지누님 죄송합니다,2025-11-11,https://www.youtube.com/watch?v=jF48s3HOXVc
모아,"연비니, 하지유","메이드 교육 받으러갔다가 당했습니다🔥(w.연비니, 하지유, 묭)",2025-11-11,https://www.youtube.com/watch?v=_npCNicL3eo
푸린,"러끼, 왈도쿤, 이무지",이무지 리썰 공포모드로 울렸습니다 ㅋㅋㅋ,2025-11-11,https://www.youtube.com/watch?v=iP0GpaHlu18
류으미,라디유,챗GPT같은 AI들을 맹신하면 안되는 이유 ㅋㅋㅋㅋㅋㅋㅋ,2025-11-11,https://www.youtube.com/watch?v=TDZPw16YqOo
장마군,철면수심,어우 눈 부셔 【마인크래프트: 큰별수양관 5편】,2025-11-11,https://www.youtube.com/watch?v=7FkOrQ1CAcU
김똘복,설백,"설백 (S급신부감,돈잘범,수명짧음) 번호 뿌립니다.",2025-11-11,https://www.youtube.com/watch?v=e9dgkqUmsSQ
나나양,이춘향,이춘향을 이렇게 대할 수 있는 사람,2025-11-12,https://www.youtube.com/watch?v=Ikc7e5iPH7E
아야츠노 유니 AYATSUNO YUNI,"강지, PAKA",아야츠노 유니 ( Ayatsuno Yuni ) | ‘삐질게 (BBiJilGe)’ Music Video,2025-11-12,https://www.youtube.com/watch?v=IQbeBUIVmdw
실프,채현찌,너 사이코패스야?,2025-11-12,https://www.youtube.com/watch?v=Ojb2lrxq5iQ
연비니,"YouTube지누, 김똘복, 채현찌",내 한강을 이렇게 거절한 건 선배가 처음이야...,2025-11-12,https://www.youtube.com/watch?v=4Nk6JeTdPbY
Bang,T1 Faker,나 출장 갈 때 좋아했다며? [지선님과 영상통화 2편],2025-11-12,https://www.youtube.com/watch?v=zR1BdhC6r_U
Hyang Ah Chi 향아치,라디유,대한민국 버튜버로 살아보기｜향디유 등장,2025-11-12,https://www.youtube.com/watch?v=FLblm2WPe-E
이춘향,탬탬버린,[이심전심 4人] 신의 뜻대로 (神のまにまに) (반응),2025-11-12,https://www.youtube.com/watch?v=O8NQF-Jukmc
강지,탬탬버린,단어 선택이 이상한 강지는 하렘을 꿈꾼다,2025-11-13,https://www.youtube.com/watch?v=uJFyTAdxoTc
아오쿠모 린 AOKUMO RIN,"강지, 아야츠노 유니 AYATSUNO YUNI, 유즈하 리코 YUZUHA RIKO",야몽아 제발 비켜다오..,2025-11-13,https://www.youtube.com/watch?v=mYNoppyjJUk
아카네 리제 AKANE LIZE,강지,스텔라이브식 옳게 된 사내 문화,2025-11-13,https://www.youtube.com/watch?v=M_X3lBCTHKQ
탬탬버린,강지,【 탬탬버린 】 - 아무리 봐도 타비님 나보다 겜 못하는거 맞는데????,2025-11-13,https://www.youtube.com/watch?v=lhfyChelwAo
레드,"강지, 아구이뽀 A924, 이초홍, 뇨롱이_YouTube, 꽃핀, 마레플로스, 디디디용 DDDDragon, 망내 MangNae, 이로나묭 치카 【Ch. Mao Chika】, 장마군, 철면수심, LookSam, KevinStudio 케빈스튜디오",여고생 수련회 운영자 시점 [큰별수양관 교관장 4화],2025-11-13,https://www.youtube.com/watch?v=tO5cUuN_rcI
너불,김뿡,효자손 창법,2025-11-13,https://www.youtube.com/watch?v=QoZx0SBeAto
여까네 유튜브,"왈도쿤, 이무지, 장마군",오늘의 타겟 왈도쿤,2025-11-13,https://www.youtube.com/watch?v=PfdYQIMKrdc
푸린,설백,20년 애니 덕후가 여사친한테 애니 맛보여주기ㅋㅋㅋㅋ,2025-11-13,https://www.youtube.com/watch?v=_G-q16jhbu0
시라유키 히나 SHIRAYUKI HINA,강지,사장이 직접 하는 다음 신의상 스?포 #vtuber #shorts,2025-11-14,https://www.youtube.com/watch?v=gMHl37I1c88
하지유,"러끼, 사모장",한 번만 살려주세요,2025-11-14,https://www.youtube.com/watch?v=Ra840DPGumE
삼식,풍월량,풍월량 형님! 미안해요!,2025-11-14,https://www.youtube.com/watch?v=OzsfWCqpDPM
너불,강지,강지님과 노래 녹음할 땐.. #너불 #shorts #강지,2025-11-14,https://www.youtube.com/watch?v=acX_tK82CDQ
연비니,"푸린, 왈도쿤, 이무지",도쿤님 어떻게 그런 심한 말을 ㅠㅠㅠㅠ,2025-11-15,https://www.youtube.com/watch?v=HYH3KmkOkwM
푸린,"나나양, 금사향",이 게임은 왜 안 고였지..?(좀겜동),2025-11-15,https://www.youtube.com/watch?v=HfYCQfNssYY
후추,"양띵 유튜브, 강소연 Youtube",WASD의 W 그 자식.,2025-11-15,https://www.youtube.com/watch?v=nPWdlCnQQcc
중력유튜브,"너불, 핑맨",생일 기념 2025 다시보기,2025-11-15,https://www.youtube.com/watch?v=3drXNHAUe_8
포피셜,괴물쥐 유튜브,로스트아크 모바일 그 데헌 등장 🔫,2025-11-15,https://www.youtube.com/watch?v=Ebgl8QbkDN0
풍월량,"따효니DDaHyoNi, 인간젤리","제가 데바데를 못한다고요? (with 인간젤리, 따효니, 멋사. 룩삼) [데바데 합방 레전드]",2025-11-15,https://www.youtube.com/watch?v=iqBOljuoMOM
아오쿠모 린 AOKUMO RIN,"아라하시 타비 ARAHASHI TABI, 사키하네 후야 SAKIHANE HUYA",그래서 우리는 합의 끝에 후야를 대장으로 선출했습니다,2025-11-16,https://www.youtube.com/watch?v=h4cSi0bMfjo
다주,"양띵 유튜브, 삼식, 서넹, 후추, 콩콩이다",판다의 도시 청두 여행 브이로그 -상-,2025-11-16,https://www.youtube.com/watch?v=9YuTJktXcl4
푸린,"램램, 설백",페뇨님한테 푸친놈 보여줬습니다 ㅋㅋㅋㅋ,2025-11-16,https://www.youtube.com/watch?v=lIXqs_FMzFo
장마군,"델로략국, 왈도쿤",왈사이드 아웃,2025-11-16,https://www.youtube.com/watch?v=foMtWssyn7Q
중력유튜브,"너불, 핑맨",두더지 잡기,2025-11-16,https://www.youtube.com/watch?v=3XUPKRgTkQA
이춘향,"김뿡, Youtube고차비",우리도 해낼 수 있었어!!!!,2025-11-16,https://www.youtube.com/watch?v=PtEypM-inAo
담유이 DamYui,빅헤드,빅헤드님 천재시네,2025-11-16,https://www.youtube.com/watch?v=7FGDFN7vIf4
다주,"양띵 유튜브, 삼식, 서넹, 후추, 콩콩이다",오랜만에 돌아온 삼대오,2025-11-16,https://www.youtube.com/watch?v=BIqqA-CXESU
강지,악동 김블루,블루야 네가 왜 여기서 나와...?,2025-11-16,https://www.youtube.com/watch?v=KzI9fxvcZi4
유즈하 리코 YUZUHA RIKO,강지,모자르면 또 말해 [핫클립],2025-11-16,https://www.youtube.com/watch?v=BXF9FPIv0XI
채현찌,연비니,의문의 성대모사 고수,2025-11-17,https://www.youtube.com/watch?v=6Qa03JUoHOw
강소연 Youtube,다주,이 랄프 C. 발몬드야,2025-11-17,https://www.youtube.com/watch?v=99uvQb6n2ZY
LookSam,따효니DDaHyoNi,너 다이나믹 듀오 알아?,2025-11-17,https://www.youtube.com/watch?v=iq5Yx246mAk
연비니,왈도쿤,도쿤님 죄송해요 ㅠㅠ,2025-11-17,https://www.youtube.com/watch?v=d-QxTV1xFVc
다주,"양띵 유튜브, 삼식, 서넹, 후추, 콩콩이다",좋아하는 남자두고 소풍이랑 싸웠습니다,2025-11-17,https://www.youtube.com/watch?v=hxdJks36-7U
다주,"양띵 유튜브, 삼식, 서넹, 후추, 콩콩이다",특이한 노래 가사 월드컵,2025-11-17,https://www.youtube.com/watch?v=y0PO0OSEP4I
풍월량,"삼식, 따효니DDaHyoNi, 인간젤리","힘 조절 실패 (With 따효니, 인간젤리, 삼식, 소우릎) [데바데 레전드]",2025-11-18,https://www.youtube.com/watch?v=xwUv2NZTWB8
시라유키 히나 SHIRAYUKI HINA,"강지, 아라하시 타비 ARAHASHI TABI, 텐코 시부키 TENKO SHIBUKI",너희들... 벗고 싶었구나? #cartoon #comic #vtuber #shorts,2025-11-18,https://www.youtube.com/watch?v=E5m5-WsqvBY
이춘향,탬탬버린,선배들이 우리라 미안해...,2025-11-18,https://www.youtube.com/watch?v=8dW8G-A14mM
모아,러끼,그 전설의 '혼인신고서' 사건 🔥,2025-11-18,https://www.youtube.com/watch?v=jVoYMIKkDEo
아오쿠모 린 AOKUMO RIN,"아라하시 타비 ARAHASHI TABI, 사키하네 후야 SAKIHANE HUYA",신나는 쌀먹 3인큐,2025-11-18,https://www.youtube.com/watch?v=oKUiIsENZTk
라디유,"악동 김블루, 코아 TV","우결 고인물 라디유가 알려주는 소개팅 필승법(w김블루,코아)",2025-11-18,https://www.youtube.com/watch?v=Uusfw1bcA30
다주,"양띵 유튜브, 삼식, 서넹, 후추, 콩콩이다",오랜만에 느껴보는 로스트아크(모바일임),2025-11-18,https://www.youtube.com/watch?v=9lveZdFtzQU
류으미,"악녀, 라디유",스토킹과 협박에 시달리는 버튜버들? 그알에서 끝내 나섰다??｜그것이 알기 싫다,2025-11-18,https://www.youtube.com/watch?v=6s16s2ZOKZM
연비니,"푸린, 왈도쿤, 이무지",나 한강이 싫어졌어...,2025-11-19,https://www.youtube.com/watch?v=Q4xAeaIfRcM
서넹,"양띵 유튜브, 다주",소개팅에 나갔습니다.,2025-11-19,https://www.youtube.com/watch?v=uaFftdh33mg
플레임[이호종],이춘향,"우린 결혼할 수 있을까? (w춘향,수달,눈꽃)",2025-11-19,https://www.youtube.com/watch?v=ecZqyHEfV9o
다주,"양띵 유튜브, 삼식, 서넹, 후추, 콩콩이다",남탓이 없으면 게임을 못하는 사람들,2025-11-19,https://www.youtube.com/watch?v=dVqMY6fx7sA
레드,"강지, 아구이뽀 A924, 이초홍, 뇨롱이_YouTube, 꽃핀, 마레플로스, 디디디용 DDDDragon, 망내 MangNae, 이로나묭 치카 【Ch. Mao Chika】, 장마군, 철면수심, LookSam, KevinStudio 케빈스튜디오",나락퀴즈쇼 저녁점호 근데이제 나락가는 사람이 수련회장인 [큰별수양관 교관장 5화],2025-11-19,https://www.youtube.com/watch?v=hGP7PW8N0RU
푸린,"램램, 나나양, 아구이뽀 A924",좀비게임 직업도 '달리기 선수'를 고르는 남자,2025-11-20,https://www.youtube.com/watch?v=oyxJSeD5Y-I
치킨쿤,"김뿡, 빅헤드",게임스트리머 4명이 도와주는 소개팅,2025-11-20,https://www.youtube.com/watch?v=gr4PpVG3SMU
다주,"양띵 유튜브, 삼식, 서넹, 후추, 콩콩이다",다주 방송 클립 하이라이트 모음,2025-11-20,https://www.youtube.com/watch?v=yxVfSO5rBxE
피닉스박,"괴물쥐 유튜브, PAKA",과거의 영광을 되찾으러온 세 남자,2025-11-20,https://www.youtube.com/watch?v=Mr0-QQm0xRY
앵보,"왈도쿤, 미녕이데려오깨",미녕이가 된 걸 축하해 왈도쿤~,2025-11-20,https://www.youtube.com/watch?v=nS6eN61DE7w
플레임[이호종],얍얍,팀 도플얍밍고 탄생 [스낳대],2025-11-20,https://www.youtube.com/watch?v=1Tq4vhnE_Yg
류으미,라디유,캠핑 가는 게임 20명 모아놓고 집밖으로 한발자국도 못나가면 벌어지는 일 ㅋㅋㅋㅋㅋㅋㅋㅋㅋㅋ,2025-11-20,https://www.youtube.com/watch?v=YRi_n36Txl0
아카네 리제 AKANE LIZE,강지,요즘 주가 떡상 중이라는 커플,2025-11-20,https://www.youtube.com/watch?v=IqxRbbdnk0c
여까네 유튜브,앵보,아무탈과 앵보가 PVP를 하면 안되는 이유,2025-11-20,https://www.youtube.com/watch?v=135CrsTh9Js
풍월량,쉐리,"유부남 아재들이 알려주는 연애 솔루션 with 쉐리, 매직박, 단군",2025-11-20,https://www.youtube.com/watch?v=kWOUPWS5Pgs
아오쿠모 린 AOKUMO RIN,"아야츠노 유니 AYATSUNO YUNI, 사키하네 후야 SAKIHANE HUYA",린의 영어교실 실전편,2025-11-21,https://www.youtube.com/watch?v=38GP5CZ0pVU
다주,"양띵 유튜브, 삼식, 서넹, 후추, 콩콩이다",배불뚝이와 함께한 청두 여행 -하-,2025-11-21,https://www.youtube.com/watch?v=8v9-BWrgubg
채현찌,명예훈장,명훈아 미안하다...,2025-11-21,https://www.youtube.com/watch?v=0XMnv9QGuUI
다주,"양띵 유튜브, 삼식, 서넹, 후추, 콩콩이다",아이온2? 일단 캐릭터부터,2025-11-22,https://www.youtube.com/watch?v=3Tb9QFmo3aM
여까네 유튜브,앵보,옛날옛적 하스스톤 이야기,2025-11-22,https://www.youtube.com/watch?v=PlKvfCuWLY8
머독,허니츄러스 HoneyChurros,괴롭히기 전문가,2025-11-22,https://www.youtube.com/watch?v=ip48m8qRjxw
후추,"양띵 유튜브, 금사향, 위도 W2RDØ",분내나는 공주 배그(?),2025-11-22,https://www.youtube.com/watch?v=0gm_8XDUK78
부쿠키,"앵보, 모아",이 중에 남자가 있습니다 🔥,2025-11-22,https://www.youtube.com/watch?v=-QCfmSeaAk8
퀸톨 TV,꼬예유 & 한예찬의 게임저장소,99밤 나무집 살아남기 vs 병원 살아남기 ..어디가 이길까?,2025-11-22,https://www.youtube.com/watch?v=x20uQkpBU2Q
유즈하 리코 YUZUHA RIKO,강지,시바,2025-11-22,https://www.youtube.com/watch?v=fZsIoQjKD0E
멋사유튜브,"탬탬버린, 너불, 핑맨, 삼식, 이춘향, 피닉스박",다시 돌아온 분란의 씨앗,2025-11-22,https://www.youtube.com/watch?v=YZQ2dpXSPFI
코아 TV,"악동 김블루, 라디유",우결 고수⚡김블루&코아⚡그리고 다른 우결중인 라디유 ㅋㅋ 세명이 뭉쳤습니다,2025-11-22,https://www.youtube.com/watch?v=DFWiQGi8Rck
서넹,양띵 유튜브,서넹의 매끈매끈하다 매끈매끈한 챌린지,2025-11-22,https://www.youtube.com/watch?v=7RaJ5ambod8
류으미,라디유,"【류으미&라디유】4'33"" (ジョン・ケージ) COVER",2025-11-22,https://www.youtube.com/watch?v=eRAd7ODCpHw
이춘향,"램램, 김뿡, 나나양, 탬탬버린, 연비니, 피닉스박",흑수정은 참지 않는다,2025-11-22,https://www.youtube.com/watch?v=giBIse_FiCI
델로략국,왈도쿤,왈도쿤 여기 있었네...?,2025-11-22,https://www.youtube.com/watch?v=aJ8vXYqr2Aw
Official dopa,"플레임[이호종], 얍얍",도황 X간지네.. [스낳대 2025 4강전],2025-11-23,https://www.youtube.com/watch?v=JxmyU0zXeTw
레드,"강지, 아구이뽀 A924, 이초홍, 뇨롱이_YouTube, 꽃핀, 마레플로스, 디디디용 DDDDragon, 망내 MangNae, 이로나묭 치카 【Ch. Mao Chika】, 장마군, 철면수심, LookSam, KevinStudio 케빈스튜디오",와우 친구들 히든미션 아저씨야 [큰별수양관 교관장 6화],2025-11-23,https://www.youtube.com/watch?v=O7bLSutwoq8
핑맨,"악어 유튜브, 너불, 중력유튜브, 멋사유튜브",수위 조절 실패,2025-11-23,https://www.youtube.com/watch?v=hbEF0LtS1HI
다주,"양띵 유튜브, 삼식, 서넹, 후추, 콩콩이다",아이온2 대기열에 무너지는 스트리머들,2025-11-24,https://www.youtube.com/watch?v=gdzC3x4kxW0
장마군,러끼,한국어 패치 잘못 받은 일본인 버튜버,2025-11-24,https://www.youtube.com/watch?v=JyhHJGlM0gc
이초홍,"YouTube지누, 다주, 강소연 Youtube",제발!! 너 없으면 게임 망해!!,2025-11-24,https://www.youtube.com/watch?v=ysdxKCqp_M4
채현찌,"YouTube지누, 악녀",내 세상에서 꺼져,2025-11-24,https://www.youtube.com/watch?v=OKhl-QQcdFY
시라유키 히나 SHIRAYUKI HINA,"강지, 아라하시 타비 ARAHASHI TABI, 네네코 마시로 NENEKO MASHIRO, 사키하네 후야 SAKIHANE HUYA, 텐코 시부키 TENKO SHIBUKI",아무래도 그냥 죽으려고요 #cartoon #comic #vtuber #shorts,2025-11-25,https://www.youtube.com/watch?v=CX-uXwB4v6s
중력유튜브,"너불, 핑맨",요요와 늪지대 점령하는 법,2025-11-25,https://www.youtube.com/watch?v=oyMbM2qFF6Y
다주,"양띵 유튜브, 삼식, 서넹, 후추, 콩콩이다",여행 후기를 풀어도 거인이 되는 사람,2025-11-25,https://www.youtube.com/watch?v=G0xPddJxjY0
아카네 리제 AKANE LIZE,강지,사내 괴롭힘,2025-11-25,https://www.youtube.com/watch?v=Lf5MK52byFw
너불,"YouTube지누, 김뿡, 탬탬버린",맘대로 해도 된다고요?,2025-11-25,https://www.youtube.com/watch?v=DszE9UuT3Dg
이초홍,"YouTube지누, 다주, 강소연 Youtube",소연아 언니가 역겨워? #이초홍 #게임 #vtuber#데바데,2025-11-26,https://www.youtube.com/watch?v=0hSmW9wO4Qo
부쿠키,"러끼, 마레플로스, 이무지, 이오몽",마이러부 학교생활 -수상한 손님1-,2025-11-26,https://www.youtube.com/watch?v=el-X67UivrM
플레임[이호종],얍얍,플릴레오 플릴레이 [스낳대],2025-11-26,https://www.youtube.com/watch?v=SMbb6saK4JU
유즈하 리코 YUZUHA RIKO,강지,폐급은 폐급을 알아본다,2025-11-26,https://www.youtube.com/watch?v=3DP28pQcsbg
순당무,괴물쥐 유튜브,상대원딜 괴물쥐님이라고?,2025-11-26,https://www.youtube.com/watch?v=VnSCLjtQYjo
너불,김뿡,춤추지 않는 밤을 몰라 #너불 #shorts #김뿡,2025-11-26,https://www.youtube.com/watch?v=USYlSSbXmwE
피닉스박,동수칸TV,박종우 대학 보내기,2025-11-26,https://www.youtube.com/watch?v=csi4eP-664o
다주,"양띵 유튜브, 삼식, 서넹, 후추, 콩콩이다",내 남편을 데바데속에서 찾았습니다,2025-11-26,https://www.youtube.com/watch?v=0tojkU-_GW0
연비니,"라디유, 유콘",이 정도는 가뿐하지 디유ㅑ...,2025-11-26,https://www.youtube.com/watch?v=ykG2XyeE7Ng
중력유튜브,"너불, 핑맨",너 왜 나한테 어필해? 결혼하자는 거야?,2025-11-27,https://www.youtube.com/watch?v=7h_YQRspHzM
멋사유튜브,"아오쿠모 린 AOKUMO RIN, 허니츄러스 HoneyChurros",모두가 기피하는 통나무...?,2025-11-27,https://www.youtube.com/watch?v=M4DmrIc9TQY
피닉스박,랄로 ,"우주를 들어라, 굽디디",2025-11-27,https://www.youtube.com/watch?v=ssnFJhzBmiY
순당무,괴물쥐 유튜브,괴물쥐님한테 인정받은 서포터.,2025-11-27,https://www.youtube.com/watch?v=Sgu0SzxqgXw
이초홍,삼식,두유노우삼식?#이초홍 #산악회 #게임 #크랙아바타,2025-11-27,https://www.youtube.com/watch?v=NBLYiJMNEAI
아라하시 타비 ARAHASHI TABI,"너불, 다주, 피닉스박",이 멤버로 프로팀 창설합니다,2025-11-27,https://www.youtube.com/watch?v=eYm5E2wsk0Q
램램,"나나양, 악녀",함부로 그룹 #램램 #나나양 #악녀,2025-11-27,https://www.youtube.com/watch?v=lTjZAcQmVY0
장마군,"뇨롱이_YouTube, 델로략국, 마레플로스",초면에 그곳 사이즈 물어보는 연세대식 화법,2025-11-27,https://www.youtube.com/watch?v=WCviMYw1vsk
아카네 리제 AKANE LIZE,강지,스텔라이브 사장님이 누릴 수 있다는 최고의 복지,2025-11-27,https://www.youtube.com/watch?v=29vDcsH9Qk8
강퀴TV,악녀,보여다오 4분기 신작의 실력이란 것을!｜25년 4분기 애니 알아보기,2025-11-27,https://www.youtube.com/watch?v=0XrQqf-tbl0
다주,"양띵 유튜브, 삼식, 서넹, 후추, 콩콩이다",돌아온 데바데 2대8 모드 이건 못 참지,2025-11-27,https://www.youtube.com/watch?v=78aNvuuVk_I
뇨롱이_YouTube,YouTube지누,안녕하세요 픽셀 신입 뇨롱이입니다! 【픽셀 입사】,2025-11-27,https://www.youtube.com/watch?v=UKE1JPybr6A
하지유,"러끼, 사모장, 부쿠키",틀렸어요 규리님!!,2025-11-27,https://www.youtube.com/watch?v=-MdcU2z_A48
푸린,"러끼, 이무지",걸즈토크(?),2025-11-27,https://www.youtube.com/watch?v=biX-hp8qJ4I
델로략국,미녕이데려오깨,제대로 좀 설명하라고요 미녕님!!!,2025-11-28,https://www.youtube.com/watch?v=UWZ_fEHft4M
이춘향,"나나양, 탬탬버린, 김뚜띠",캬~~ 괴물 성대모사 달인~~,2025-11-28,https://www.youtube.com/watch?v=yYZt3LYuChI
강지,"악녀, 강소연 Youtube",줄 서라 유니야,2025-11-28,https://www.youtube.com/watch?v=sqh1gHOrtYk
중력유튜브,"너불, 핑맨",난 잘한 거 같은데?,2025-11-28,https://www.youtube.com/watch?v=jmvJhdCy9_Q
Bang,"김뿡, 삼식, 따효니DDaHyoNi, 인간젤리, 피닉스박",[2025치지직컵] TEAM 구도는에휴 출격!,2025-11-29,https://www.youtube.com/watch?v=nyPuI0p7hok
서넹,"양띵 유튜브, 다주",멀어져 버린 다주... 아침다주 밤서넹,2025-11-29,https://www.youtube.com/watch?v=KKHPDKpdrT8
아카네 리제 AKANE LIZE,강지,사장님 나 안 만나 주던데..? #vtuber #shorts,2025-11-29,https://www.youtube.com/watch?v=q4sYEhZlit0
삼식,"동수칸TV, 순당무",원딜의 메이킹,2025-11-29,https://www.youtube.com/watch?v=UGm6MPns8V8
채현찌,"YouTube지누, 악녀",사장님한테 싸대기 갈겼습니다,2025-11-29,https://www.youtube.com/watch?v=dmsFAV4qrY8
아야츠노 유니 AYATSUNO YUNI,강지,내 장난감 후야,2025-11-29,https://www.youtube.com/watch?v=uhMdHcWe4mw
다주,"양띵 유튜브, 삼식, 서넹, 후추, 콩콩이다",요즘 막장드라마 수준,2025-11-29,https://www.youtube.com/watch?v=swal89NFRE0
후추,"양띵 유튜브, 마레플로스, Hyang Ah Chi 향아치",국산 스트리머의 자존심을 지켰어요,2025-11-29,https://www.youtube.com/watch?v=dz4wvoaNGLM
중력유튜브,"너불, 핑맨",너랑 하고싶어,2025-11-29,https://www.youtube.com/watch?v=5NPtZigno54
장마군,"푸린, 아구이뽀 A924, 백곰파, 왈도쿤",마피아 게임에 진심인 편인데 추리는 더럽게 못하는 편,2025-11-30,https://www.youtube.com/watch?v=kGO_dzoCPDg
삐부찡,"탬탬버린, 이춘향",각자 부르고 싶은 파트에만 노래부르기ㅋㅋ,2025-11-30,https://www.youtube.com/watch?v=t2D9hhW8Yak
푸린,"김왼팔, 악녀",오른쪽이 왜 더 듬직하지..?,2025-11-30,https://www.youtube.com/watch?v=fvWplaozLmw
아라하시 타비 ARAHASHI TABI,아야츠노 유니 AYATSUNO YUNI,타비 삐질게~!🎵💘 #shorts #vtuber #타비,2025-11-30,https://www.youtube.com/watch?v=o1kuaCQQF7s
시라유키 히나 SHIRAYUKI HINA,아카네 리제 AKANE LIZE,내가 이상한 것 좀 그만 보랬잖아... #cartoon #comic #vtuber #shorts,2025-11-30,https://www.youtube.com/watch?v=HmIIC3XweQw
다주,"양띵 유튜브, 삼식, 서넹, 후추, 콩콩이다",양띵언니한테 속았다,2025-11-30,https://www.youtube.com/watch?v=Oz-gyzadc-A
핑맨,"악어 유튜브, 너불, 중력유튜브, 멋사유튜브",방송인들 실제 모습 비밀 공개합니다,2025-11-30,https://www.youtube.com/watch?v=RZKxZrgu2v8
유즈하 리코 YUZUHA RIKO,강지,스텔라이브 4기생 면접 예상 질문 [핫클립],2025-11-30,https://www.youtube.com/watch?v=yzVExdfkXpI
중력유튜브,"너불, 핑맨",누르지 말라니까 왜 누르냐고!!!,2025-11-30,https://www.youtube.com/watch?v=61zjdfYQUPc
아카네 리제 AKANE LIZE,강지,4기생이 되면 얻을 수 있는 '진짜 특권',2025-11-30,https://www.youtube.com/watch?v=VvmpfM8IDI4
부쿠키,"러끼, 마레플로스, 이무지, 이오몽","잠깐, 이거 연기 아닐지도 몰라 😮",2025-11-30,https://www.youtube.com/watch?v=x_ZNTse6JZA
서넹,양띵 유튜브,서넹 닮은꼴,2025-11-30,https://www.youtube.com/watch?v=5Dxjk_lmDo8
멋사유튜브,"아오쿠모 린 AOKUMO RIN, 허니츄러스 HoneyChurros",끝난 줄 알았어?,2025-11-30,https://www.youtube.com/watch?v=AWPIPDxceaE
아론 페이지,아이치,고티어 스크림 벤데타로 깽판치기 ㅋㅋㅋㅋㅋㅋㅋㅋㅋㅋ [오버워치2],2025-12-01,https://www.youtube.com/watch?v=Q0F5mIHZyro
삼식,따효니DDaHyoNi,원징징,2025-12-01,https://www.youtube.com/watch?v=ct8QDYg1U6M
강지,"악동 김블루, 레드",7년차 배그 고인물 유튜버도 처음 본 레전드 장면 #강지 #배그 #김블루,2025-12-01,https://www.youtube.com/watch?v=6KyC23vKfr4
델로략국,여까네 유튜브,젠장 뭘 누른거냐 김여까!!,2025-12-01,https://www.youtube.com/watch?v=zF543LIwR_s
꼬예유 & 한예찬의 게임저장소,"코마, 파이브, 우융","마인크래프트, 스나이퍼 배틀로얄 서바이벌",2025-12-01,https://www.youtube.com/watch?v=Gk9lHxGdYd0
다주,"양띵 유튜브, 삼식, 서넹, 후추, 콩콩이다",스트리머 닉네임 수준;,2025-12-01,https://www.youtube.com/watch?v=umLVH1Fvmqg
뇨롱이_YouTube,"YouTube지누, 채현찌",픽셀은 지금까지 계약서를 읽은 사람이 없었나요...?! 【픽셀 계약썰】,2025-12-02,https://www.youtube.com/watch?v=bco0GsR4M0s
다주,"양띵 유튜브, 삼식, 서넹, 후추, 콩콩이다",레전드 멤버들과 삼대오,2025-12-02,https://www.youtube.com/watch?v=iAH1zz4LYu4
중력유튜브,"너불, 핑맨",tlqkf년아,2025-12-02,https://www.youtube.com/watch?v=P4sR_JNCFoU
시라유키 히나 SHIRAYUKI HINA,강지,그 시청자에 그 스트리머ㅋㅋ 【히나 핫클립 #62】,2025-12-02,https://www.youtube.com/watch?v=bIttKlKoins
푸린,"연비니, 왈도쿤, 이무지",뉴비들 데리고 빡겜 해서 캐리해버렸습니다ㅋㅋㅋㅋ,2025-12-02,https://www.youtube.com/watch?v=YZAxdNyzErI
이춘향,플레임[이호종],철두철미한 이춘향,2025-12-02,https://www.youtube.com/watch?v=Xjtm8_aKOwQ
레드,"금휘, 후추",니가 레드상화 드라마 과몰입하고 왜 나한테 그러냐고 [레드상화 대토론회 : PEAK 게임합방 예열],2025-12-02,https://www.youtube.com/watch?v=9OfODhre-tE
플레임[이호종],동수칸TV,재건 전문의 신호종의 탑펑고 (w한동숙),2025-12-02,https://www.youtube.com/watch?v=SKLn4b-ztTw
도티 TV,플레임[이호종],"괴물들이 점령한 마트 탈출기 (w.플레임, 김오니)",2025-12-02,https://www.youtube.com/watch?v=j0zsZCZiQ8I
Bang,"김뿡, 따효니DDaHyoNi, 피닉스박",[치지직컵] 터져버린 멘탈...역대급 지선컵?,2025-12-02,https://www.youtube.com/watch?v=UhfI3B5wMZ0
아카네 리제 AKANE LIZE,"T1 Faker, 양띵 유튜브, 강지, 김뿡, 탬탬버린, 삼식",롤드컵 우승 하셨다던데..?,2025-12-02,https://www.youtube.com/watch?v=PpTCrvNtrcI
아오쿠모 린 AOKUMO RIN,"아야츠노 유니 AYATSUNO YUNI, 텐코 시부키 TENKO SHIBUKI, 하나코 나나 HANAKO NANA",인과응보,2025-12-02,https://www.youtube.com/watch?v=QJsmBRtBm7U
다주,"양띵 유튜브, 삼식, 서넹, 후추, 콩콩이다",스트리머들과 PVP 처음 먹어본 날,2025-12-03,https://www.youtube.com/watch?v=YtaKMcQ0Kts
코아 TV,김왼팔,다시 뭉친⚡김왼팔 소멸 하네⚡99밤 용암맵 에서 달라진 모습을 보여준다는데 과연?..,2025-12-03,https://www.youtube.com/watch?v=fqyQHw5v-O4
시라유키 히나 SHIRAYUKI HINA,"강지, 아라하시 타비 ARAHASHI TABI, 텐코 시부키 TENKO SHIBUKI",여우 괴롭히는 법 알려드립니다 #cartoon #comic #vtuber #shorts,2025-12-03,https://www.youtube.com/watch?v=HbD7rLxrL8Q
부쿠키,"러끼, 마레플로스, 이무지, 이오몽",마이러부 학교생활 -수상한 손님2-,2025-12-03,https://www.youtube.com/watch?v=7Q8c2lbz29Y
유즈하 리코 YUZUHA RIKO,강지,이젠 정말 고소하겠습니다,2025-12-03,https://www.youtube.com/watch?v=8h-fXolZFVs
푸린,"아구이뽀 A924, 설백, 장마군",장마군 레제 VS 아구이뽀 간호사🔥,2025-12-03,https://www.youtube.com/watch?v=Nu3d-QFD7yA
유콘,꽃핀,썸네일러였던 내가 사장님과 같이 노래를 내게됐다?! 🎸[녹음 현장 브이로그],2025-12-03,https://www.youtube.com/watch?v=dE_9SwPZy_E
연비니,"램램, 꽃핀",모두가 믿기 힘든 충격적인 소식입니다,2025-12-03,https://www.youtube.com/watch?v=CiVXUEaqWes
멋사유튜브,"아오쿠모 린 AOKUMO RIN, 허니츄러스 HoneyChurros",왜 내가 통나무를 드는 기분이지...?,2025-12-03,https://www.youtube.com/watch?v=d3sjFxh-WaE
장마군,"푸린, 아구이뽀 A924, 설백, 꽃핀, 백곰파, 왈도쿤",중세 마피아게임에서 마녀라고 밝히면 안되는 이유ㅋㅋㅋㅋㅋ,2025-12-03,https://www.youtube.com/watch?v=uNEBsJ583qs
삐부찡,"탬탬버린, 이춘향",협동 경력4년차도 무너트리는 게임,2025-12-03,https://www.youtube.com/watch?v=C1L2Zawls9E
퀸톨 TV,꼬예유 & 한예찬의 게임저장소,팀큐브 실물 공개합니다...실제로 처음 본 팀큐브 멤버들 반응은?!,2025-12-04,https://www.youtube.com/watch?v=lbYkkhOWhH0
다주,"양띵 유튜브, 삼식, 서넹, 후추, 콩콩이다",아무도 안불러줘서 우리끼리 내전,2025-12-04,https://www.youtube.com/watch?v=5ZpH3rQamZo
레드,"금휘, 후추","당신 나한테 일부러 그러는거지 [협동 등산게임 PEAK] (w. 금휘, 이글콥, 후추)",2025-12-04,https://www.youtube.com/watch?v=aVIDVrDnVOc
시라유키 히나 SHIRAYUKI HINA,강지,화나신 거 아니죠...? #vtuber #shorts,2025-12-04,https://www.youtube.com/watch?v=DiM1V_28cbY
시라유키 히나 SHIRAYUKI HINA,"강지, 아라하시 타비 ARAHASHI TABI, 아카네 리제 AKANE LIZE, 유즈하 리코 YUZUHA RIKO",그런 거 분석해서 상처 주지 말라고......!!!!,2025-12-04,https://www.youtube.com/watch?v=mAX1eLAxIbw
Youtube고차비,"왈도쿤, 피닉스박",이런 팀장이 있었기에...,2025-12-05,https://www.youtube.com/watch?v=iciBf83TLUs
다주,"양띵 유튜브, 삼식, 서넹, 후추, 콩콩이다",GTA6가 온다,2025-12-05,https://www.youtube.com/watch?v=tdH9_pBbTMQ
하지유,앵보,앵보선배 울어?,2025-12-05,https://www.youtube.com/watch?v=H_EXV5Y1DW0
류으미,"라디유, Hyang Ah Chi 향아치",유교 전문가도 놀라 도망간 [AI패드립 학습시키기],2025-12-05,https://www.youtube.com/watch?v=rZbcZoXWNZ0
여까네 유튜브,왈도쿤,무책임 전대  후열 레인저!,2025-12-05,https://www.youtube.com/watch?v=IFClwmnv9xQ
시라유키 히나 SHIRAYUKI HINA,강지,"""싸대기 ㅈㄴ 마렵네"" #vtuber #shorts",2025-12-05,https://www.youtube.com/watch?v=Q925HB30dfs
이초홍,"YouTube지누, 다주, 강소연 Youtube",진우야 다 장난인거 알지? #데바데 데 #이초홍 #vtuber #치지직 #산악회,2025-12-05,https://www.youtube.com/watch?v=EHM7H3_FTvQ
이초홍,"YouTube지누, 다주, 강소연 Youtube",야 이 새야,2025-12-05,https://www.youtube.com/watch?v=hz2A8GymrDU
러끼,탬탬버린,탬탬버린님에게 '협박' 당했어요🔥,2025-12-05,https://www.youtube.com/watch?v=a66rSmoIhUY
채현찌,텐코 시부키 TENKO SHIBUKI,우린 브실골의 오너다,2025-12-05,https://www.youtube.com/watch?v=VwY_xpUUnh0
나나양,김뚜띠,내가 김뚜띠에요!!!!!!!,2025-12-06,https://www.youtube.com/watch?v=LF-1TScs9_g
이초홍,강소연 Youtube,강소연은 분신도 성격이.. #vtuber #이초홍 #게임#미메시스#스팀게임,2025-12-06,https://www.youtube.com/watch?v=xcBSBEBlplY
멋사유튜브,너불,나랑 같이 빼빼로 먹을래?,2025-12-06,https://www.youtube.com/watch?v=jpMe5xflEY8
강지,"김똘복, 아구이뽀 A924, 김뚜띠, 임나은, 핑맨, 백곰파",스텔라이브에서 가장 야망있는 멤버,2025-12-06,https://www.youtube.com/watch?v=QhHJXBOzuI0
꽃핀,YouTube지누,어디가 지누야,2025-12-06,https://www.youtube.com/watch?v=vIcRqWOU2tg
유즈하 리코 YUZUHA RIKO,강지,내가 먼저 말 걸었는데,2025-12-06,https://www.youtube.com/watch?v=ySlBpMxFtiI
너불,"강지, 임나은",*논란이 생길 영상입니다*,2025-12-06,https://www.youtube.com/watch?v=HQSNvKgvkgg
순당무,랄로 ,랄로도 감탄한 서폿은 역시 순튜브,2025-12-06,https://www.youtube.com/watch?v=PUPPBOAXqxs
시라유키 히나 SHIRAYUKI HINA,네네코 마시로 NENEKO MASHIRO,스텔라이브 직원 복지 공개합니다,2025-12-06,https://www.youtube.com/watch?v=fJK2_5YAxdI
중력유튜브,"너불, 핑맨",버튜버 만지러 간다,2025-12-07,https://www.youtube.com/watch?v=LpceaSn7FtY
루태TV,"양띵 유튜브, 삼식, 서넹, 후추, 콩콩이다, 다주",칙칙폭폭,2025-12-07,https://www.youtube.com/watch?v=tRVSJIkpl1E
다주,"양띵 유튜브, 삼식, 서넹, 후추, 콩콩이다",제발 말 좀 들어라!!!!,2025-12-07,https://www.youtube.com/watch?v=CQXXaXL6zf8
서넹,"양띵 유튜브, 다주",주다영 환승😒,2025-12-07,https://www.youtube.com/watch?v=JaOteRTejDY
Youtube고차비,"왈도쿤, 피닉스박",고차비 유관력 상승!,2025-12-07,https://www.youtube.com/watch?v=d9MKGazt2xI
레드,콩콩이다,"대실패와 광기와 기절이 난무하는 대환장 TRPG [독스프 2화] (w. 니야, 아야, 콩콩)",2025-12-07,https://www.youtube.com/watch?v=S-4ZHpW-UvU
후추,양띵 유튜브,젖은머리 하려고 30만원치 샀는데💦,2025-12-07,https://www.youtube.com/watch?v=CTmXIAveaPY
강지,백곰파,※ 돌발 상황,2025-12-07,https://www.youtube.com/watch?v=HHuiK4L_lLw
YouTube지누,"악녀, 채현찌",여캠이란 자각이 없어져버린 채현찌의 모습과 그냥 악녀,2025-12-07,https://www.youtube.com/watch?v=75iXpjKv2e4
플레임[이호종],동수칸TV,약속하신겁니다?,2025-12-08,https://www.youtube.com/watch?v=5Zq84rGv4no
연비니,"라디유, 유콘",캠핑이 위험한 이유,2025-12-08,https://www.youtube.com/watch?v=U4R0-APfhgM
앵보,미녕이데려오깨,미녕이는 앵보맨이 처리했으니 안심하라구!,2025-12-08,https://www.youtube.com/watch?v=3NAJTLpDzwU
이초홍,이춘향,왜 그거 안 해주세요 그거 해봐 그거,2025-12-08,https://www.youtube.com/watch?v=Gm_8E3x0sBA
모아,러끼,'혼인신고서'를 준 그 날..🩷,2025-12-08,https://www.youtube.com/watch?v=Q9YdrCvW3-Y
다주,"양띵 유튜브, 삼식, 서넹, 후추, 콩콩이다",일단 후추한테 책임을 넘겨,2025-12-08,https://www.youtube.com/watch?v=9f8vR57hQ0A
루태TV,"양띵 유튜브, 삼식, 서넹, 후추, 콩콩이다, 다주",빙의,2025-12-08,https://www.youtube.com/watch?v=pQ0Qv_93_7g
아오쿠모 린 AOKUMO RIN,"강지, 아카네 리제 AKANE LIZE, 네네코 마시로 NENEKO MASHIRO, 아야츠노 유니 AYATSUNO YUNI, 사키하네 후야 SAKIHANE HUYA, 텐코 시부키 TENKO SHIBUKI, 하나코 나나 HANAKO NANA",게임으로 사장님께 칭찬받는 세계선 (진짜임),2025-12-09,https://www.youtube.com/watch?v=OWzKMkYd5cY
포포포포 POPOPOPO,디디디용 DDDDragon,디디디용 선배가 알려주는 분탕 비법,2025-12-09,https://www.youtube.com/watch?v=RLFnvwo4n_4
강지,백곰파,감자의 살냄새(?) #강지 #백곰파 #쇼츠,2025-12-09,https://www.youtube.com/watch?v=ZZ8nzYuw7FI
루태TV,"양띵 유튜브, 삼식, 서넹, 후추, 콩콩이다, 다주",업보 5,2025-12-09,https://www.youtube.com/watch?v=dNZUNAFNCK4
도티 TV,플레임[이호종],"플레임이 혼자가 된 이유, 부산에서 중학생 귀요미 팬들 피자 사준 썰",2025-12-09,https://www.youtube.com/watch?v=7ww5idTz7DE
여까네 유튜브,왈도쿤,무책임 전대 후열레인저! #2,2025-12-09,https://www.youtube.com/watch?v=oKCsVXo49eo
시라유키 히나 SHIRAYUKI HINA,강지,멘헤라 오기 일보직전,2025-12-09,https://www.youtube.com/watch?v=gHrVjyJGwho
아카네 리제 AKANE LIZE,강지,사장님 욕이 타격감 0인 이유,2025-12-10,https://www.youtube.com/watch?v=BflSSu8CClo
뇨롱이_YouTube,"YouTube지누, 채현찌",픽셀 막내 정해졌습니다^^ 【픽셀 / 채현찌】,2025-12-10,https://www.youtube.com/watch?v=KnTDXLtKnA0
류으미,라디유,게임 유튜버(5%)가 되고싶음 청년,2025-12-10,https://www.youtube.com/watch?v=-Td0BbOLR4k
푸린,"아구이뽀 A924, 설백, 장마군",설백아 미안하다...지켜주지 못했다,2025-12-10,https://www.youtube.com/watch?v=eSuTt9lrVOI
다주,"양띵 유튜브, 삼식, 서넹, 후추, 콩콩이다",아이온2 플레이 후기,2025-12-10,https://www.youtube.com/watch?v=rqlkc1RI5eQ
조밈,파이브,조밈 친구 참교육 영상 Top 4 😱 [연말정산],2025-12-10,https://www.youtube.com/watch?v=mry357Pidb0
퀸톨 TV,꼬예유 & 한예찬의 게임저장소,퀸톨 독감 걸리다?! 목소리가 이상해졌어요..팀큐브 반응이 ㅋㅋㅋㅋ,2025-12-10,https://www.youtube.com/watch?v=_-tCNlUEam0
피닉스박,랄로 ,드디어 만난 '그 녀석',2025-12-10,https://www.youtube.com/watch?v=4pC_fWJntD8
강지,"실프, 너불, 채현찌",미국에서 돌아온 실프오빠(?),2025-12-10,https://www.youtube.com/watch?v=hYC7nJXyl1M
부쿠키,"러끼, 마레플로스, 이무지, 이오몽",마이러부 학교생활 -보물찾기 1-,2025-12-10,https://www.youtube.com/watch?v=jckQT_TwYj8
시라유키 히나 SHIRAYUKI HINA,강지,넵.【그렇게 시작된 그녀의 은밀한 과외 편】,2025-12-10,https://www.youtube.com/watch?v=aVur7AXwnqY
강소연 Youtube,다주,정글템으로 다주 나락보내기,2025-12-10,https://www.youtube.com/watch?v=3thKll1ASvM
이춘향,"김뿡, 탬탬버린, 김뚜띠, 임나은, 삼식, 명예훈장, 피닉스박",진짜 웃느라 게임 못한 날ㅋㅋㅋㅋㅋㅋㅋㅋ,2025-12-10,https://www.youtube.com/watch?v=J8ioy7ruy0c
루태TV,"양띵 유튜브, 삼식, 서넹, 후추, 콩콩이다, 다주",진짜 1.21.11 업데이트,2025-12-10,https://www.youtube.com/watch?v=czpw1Tm1nmI
삐부찡,"설백, 꽃핀, 치킨쿤",보해야 오랜만에 누나들이랑 놀자~,2025-12-10,https://www.youtube.com/watch?v=YwxE0NKk5f4
연비니,"YouTube지누, 아구이뽀 A924, 치킨쿤",지누님 컷! 지누님 컷! 지누님 컷!!,2025-12-10,https://www.youtube.com/watch?v=Aqhjoaw3EEE
시라유키 히나 SHIRAYUKI HINA,강지,오케이. #vtuber #shorts,2025-12-10,https://www.youtube.com/watch?v=uZApIwZQUEw
루태TV,"양띵 유튜브, 삼식, 서넹, 후추, 콩콩이다, 다주",3D 멀미,2025-12-11,https://www.youtube.com/watch?v=jdjkQkjTdkc
유즈하 리코 YUZUHA RIKO,강지,연쇄 공감마 정리코 #vtuber #shorts #스텔라이브 #리코 #용사툰,2025-12-11,https://www.youtube.com/watch?v=S0uWhZm9L6Y
나나양,"램램, 탬탬버린",탬탬버린 재우고 노는 파티,2025-12-11,https://www.youtube.com/watch?v=dchoGxsJGOQ
여까네 유튜브,이무지,킬러퀸은 이미 캔을 구운 상태다. ┃ 여까의 11월 하이라이트,2025-12-11,https://www.youtube.com/watch?v=ncK4v68dMBw
다주,"양띵 유튜브, 삼식, 서넹, 후추, 콩콩이다",11월 다주 방송 하이라이트,2025-12-11,https://www.youtube.com/watch?v=pDqa2VrAgLU
이오몽,미녕이데려오깨,현직 가수분께 미녕이 먹이기,2025-12-11,https://www.youtube.com/watch?v=llZ4MTcy7Uk
김뿡,YouTube지누,지누형 방탈출이라며 [김뿡],2025-12-11,https://www.youtube.com/watch?v=kp4HPiutgjM
시라유키 히나 SHIRAYUKI HINA,강지,정강지는 당장 누구였는지 해명하라.,2025-12-11,https://www.youtube.com/watch?v=q9PUGchu0TU
양아지,미녕이데려오깨,미녕이 방송인생 망치기,2025-12-11,https://www.youtube.com/watch?v=Dmma2Gyx8o0
멋사유튜브,Youtube고차비,라고 할 뻔,2025-12-12,https://www.youtube.com/watch?v=ZILFgjNXIUY
서넹,양띵 유튜브,로블록스 러시아 잼민이 출현,2025-12-12,https://www.youtube.com/watch?v=z1Yd9RM4HQA
탬탬버린,김뿡,【 탬탬버린 】 - 친구들이랑 방탈출 하러 왔다가 생각지도 못한 경험을 하게된 나ㅜㅠㅠㅜㅠㅠㅠ,2025-12-12,https://www.youtube.com/watch?v=oJOSx1EGMec
하나코 나나 HANAKO NANA,강지,"선배 미안해, 나도 적 팀이야",2025-12-12,https://www.youtube.com/watch?v=Mic7bMVz_HY
이초홍,"램램, 강지, 다주, 강소연 Youtube",강아지 목줄 잡기,2025-12-12,https://www.youtube.com/watch?v=_8Z4U0ThiqE
임나은,탬탬버린,"이제부터 픽셀 ""노쇼""는 합법입니다",2025-12-12,https://www.youtube.com/watch?v=v58SonRRYFU
채현찌,뇨롱이_YouTube,ㅈ소는 경력순이 아니라니까!!!!!!!!!!!!!!!!!!!!!!!!!!!!,2025-12-12,https://www.youtube.com/watch?v=emFZrn7x7pI
루태TV,"양띵 유튜브, 삼식, 서넹, 후추, 콩콩이다, 다주",강연금,2025-12-12,https://www.youtube.com/watch?v=BDz0AaXz_no
시라유키 히나 SHIRAYUKI HINA,"강지, 김똘복, 김뚜띠, 임나은, 핑맨",무친 피지컬 무빙 #vtuber #shorts,2025-12-13,https://www.youtube.com/watch?v=4f_RL_wT4V4
다주,"양띵 유튜브, 삼식, 서넹, 후추, 콩콩이다",뫄육수 다주 모음,2025-12-13,https://www.youtube.com/watch?v=9kk4rqPihHo
연비니,"YouTube지누, 아구이뽀 A924, 치킨쿤",둘이 먹다 둘이 죽어도 모르는 레스토랑,2025-12-13,https://www.youtube.com/watch?v=cJ9K4dcPHXw
마젯 Mazet,"이오몽, 앵보, 세노, 위도 W2RDØ, 부쿠키",?? : 미츄분들은 다 목소리가 좋으시네요 #shorts,2025-12-13,https://www.youtube.com/watch?v=t9kWH-LRkb0
마젯 Mazet,앵보,"얼마나 깊은 상처길래, 절친한 나에게 말도 못할까ㅠㅠ?",2025-12-13,https://www.youtube.com/watch?v=1kzxvClfU_o
중력유튜브,"너불, 핑맨",늪지대 논란,2025-12-13,https://www.youtube.com/watch?v=TOVHbmgSrYg
루태TV,"양띵 유튜브, 삼식, 서넹, 후추, 콩콩이다, 다주",공간 있어요,2025-12-13,https://www.youtube.com/watch?v=aUyPG94d7l8
후추,"양띵 유튜브, 금사향, 부쿠키",데바데 허접 내전,2025-12-13,https://www.youtube.com/watch?v=VSOm4_GSJ2I
시라유키 히나 SHIRAYUKI HINA,아카네 리제 AKANE LIZE,정신 차려!!!!!!!!!!!!!!!!!!! #cartoon #comic #vtuber #shorts,2025-12-13,https://www.youtube.com/watch?v=7LtGehKGYQg
강소연 Youtube,"탬탬버린, 다주",나를 버린 녀석들에게 독약을 먹이겠어,2025-12-13,https://www.youtube.com/watch?v=nvuip5axlbs
유콘,"꽃핀, 마레플로스, 양아지",저희 여고생밴드에요💦[샌박유닛 최애고 밴드부 비하인드 토크쇼]!!,2025-12-13,https://www.youtube.com/watch?v=nOa39yRocXc
아카네 리제 AKANE LIZE,강지,사장님 꼴리게 생겼대요 #vtuber #shorts,2025-12-13,https://www.youtube.com/watch?v=kta5d6Wq0a0
강지,백곰파,백곰파가 힘을 숨김,2025-12-13,https://www.youtube.com/watch?v=szg52RGnUhk
여까네 유튜브,왈도쿤,무책임전대 후열레인저 결성!,2025-12-14,https://www.youtube.com/watch?v=WgTHIS73kFU
강지,아야츠노 유니 AYATSUNO YUNI,좋게 말할 때 나를 더 봐줘~!🎵💘 #강지 #삐질게 #쇼츠,2025-12-14,https://www.youtube.com/watch?v=zXLF6Y1zwaE
다주,"양띵 유튜브, 삼식, 서넹, 후추, 콩콩이다",요리대회 유일 여성팀 등장,2025-12-14,https://www.youtube.com/watch?v=WwU4ypbVDL4
이초홍,"램램, 강지, 다주, 강소연 Youtube",귀신보다 무서운 이초홍  #이초홍 #게임 #산악회 #종합게임 #vtuber,2025-12-14,https://www.youtube.com/watch?v=NdD7Vh7M0nY
치킨쿤,"삐부찡, 백곰파, 빅헤드",동료 스트리머들에게 왕따 당하는 게임,2025-12-14,https://www.youtube.com/watch?v=Q9IXviiHj6E
라디유,Hyang Ah Chi 향아치,솔직히 진짜 무서웠던 가짜 향아치대감님,2025-12-14,https://www.youtube.com/watch?v=Q6RpV2H-Jxk
아카네 리제 AKANE LIZE,강지,하극상 결국 터져버렸습니다..(?),2025-12-14,https://www.youtube.com/watch?v=rHF76N6pFls
시라유키 히나 SHIRAYUKI HINA,"강지, 김똘복, 김뚜띠, 임나은, 핑맨","""Aim monster"" #vtuber #shorts",2025-12-14,https://www.youtube.com/watch?v=miUNr6-p1No
하나코 나나 HANAKO NANA,시라유키 히나 SHIRAYUKI HINA,BIG Naughty (서동현) - Joker (Feat. JAMIE) | 하나코 나나 x 시라유키 히나 Cover,2025-12-14,https://www.youtube.com/watch?v=yitS4QCqCdU
시라유키 히나 SHIRAYUKI HINA,"강지, 아카네 리제 AKANE LIZE",선생님 쟤가 저 피하는데요?,2025-12-14,https://www.youtube.com/watch?v=jaZo_IvmSzo
루태TV,"양띵 유튜브, 삼식, 서넹, 후추, 콩콩이다, 다주",빙하기,2025-12-14,https://www.youtube.com/watch?v=1_omjS9UZeM
앵보,러끼,누구 마음대로 우리 후배를 데려가...,2025-12-15,https://www.youtube.com/watch?v=NlaPXTcWuXA
나나양,푸린,픽셀 배신자(?)의 최후 [2025년 11월 하이라이트],2025-12-15,https://www.youtube.com/watch?v=iwWhxNTDs_M
다주,"양띵 유튜브, 삼식, 서넹, 후추, 콩콩이다",내전에서 올살 두번은 에바야,2025-12-15,https://www.youtube.com/watch?v=vKt93j1jznY
루태TV,"양띵 유튜브, 삼식, 서넹, 후추, 콩콩이다, 다주",360도,2025-12-15,https://www.youtube.com/watch?v=yhlBxDcTc5A
강지,아야츠노 유니 AYATSUNO YUNI,실수하면 애교로 넘어가려하는 스트리머 아야츠노 유니님,2025-12-15,https://www.youtube.com/watch?v=ekTBdNYzpxs
부쿠키,"러끼, 마레플로스, 이무지, 이오몽",마이러부 학교생활 -보물찾기 2-,2025-12-15,https://www.youtube.com/watch?v=eCGDwfI4gxE
연비니,"YouTube지누, 아구이뽀 A924, 치킨쿤",데바데 정의의 살인마?,2025-12-15,https://www.youtube.com/watch?v=BW4atiSqdb0
디디디용 DDDDragon,공룡,[큰별수양관 마지막화] 롤링페이퍼 시간에 감동 파괴하는 공룡,2025-12-15,https://www.youtube.com/watch?v=hueULO2hzPI
이초홍,"램램, 다주, 강소연 Youtube",직각인사,2025-12-15,https://www.youtube.com/watch?v=c9o1o5Kn9_I
이춘향,"나나양, 탬탬버린, 김뚜띠",역시~ 탬탬버린님~!,2025-12-15,https://www.youtube.com/watch?v=SQ6Cj6iqF1o
아오쿠모 린 AOKUMO RIN,"아라하시 타비 ARAHASHI TABI, 텐코 시부키 TENKO SHIBUKI, 유즈하 리코 YUZUHA RIKO",확실한 온도차이,2025-12-16,https://www.youtube.com/watch?v=aYZw-G6aLG0
장마군,"양아지, 미녕이데려오깨",첫인상 확실하게 조지는 법,2025-12-16,https://www.youtube.com/watch?v=yd-D4sD7VyQ
강지,"악동 김블루, 백곰파","내 전남편을 자기 지인이라며 불러낸 절친, 그런데 수상하게 가까워 보이는 두 사람...?",2025-12-16,https://www.youtube.com/watch?v=hQifYTyDIio
시라유키 히나 SHIRAYUKI HINA,"아카네 리제 AKANE LIZE, 네네코 마시로 NENEKO MASHIRO, 아야츠노 유니 AYATSUNO YUNI, 유즈하 리코 YUZUHA RIKO",스텔라이브의 미래는 밝다【히나 핫클립 #64】,2025-12-16,https://www.youtube.com/watch?v=yvT59Yx1AdE
다주,"양띵 유튜브, 삼식, 서넹, 후추, 콩콩이다",괴물을 죽이라니깐 어째서?,2025-12-16,https://www.youtube.com/watch?v=jQwH5150kL0
머독,대월향,대참사,2025-12-16,https://www.youtube.com/watch?v=k4CjuXXpXos
류으미,"라디유, Hyang Ah Chi 향아치",아직 인류에게 AI게임은 빠른 이유,2025-12-16,https://www.youtube.com/watch?v=j3AhKKla-9o
뇨롱이_YouTube,"YouTube지누, 채현찌",지누님 저 픽셀 나갈래요...ㅜㅜ 【픽셀 공겜】,2025-12-16,https://www.youtube.com/watch?v=ffvdivnx4DM
채현찌,"YouTube지누, 악녀, 너불",얼굴만 정상인 사람,2025-12-16,https://www.youtube.com/watch?v=kpdsSJTIOIA
루태TV,"양띵 유튜브, 삼식, 서넹, 후추, 콩콩이다, 다주",1인용,2025-12-16,https://www.youtube.com/watch?v=T1A2l0WJZno
강소연 Youtube,"램램, 이초홍, 다주",개노답 미메시스 멤버 출동,2025-12-16,https://www.youtube.com/watch?v=jZrGPSyOAOo
유즈하 리코 YUZUHA RIKO,강지,선배 뭐해?,2025-12-17,https://www.youtube.com/watch?v=TUTToP4fMJU
여까네 유튜브,이무지,메일 받아 본 사람,2025-12-17,https://www.youtube.com/watch?v=Jco99g_Pmfc
잠뜰 TV,쁘허,"잠뜰vs태경vs쁘허, 궁극의 닭을 만들어 생존할 단 하나의 팀은 누구?",2025-12-17,https://www.youtube.com/watch?v=c1GidP1D90k
아카네 리제 AKANE LIZE,강지,저 그렇게 안 커요 진짜루!!,2025-12-17,https://www.youtube.com/watch?v=qvPhJFdCNvI
미녕이데려오깨,러끼,오몽이의 러끼 지키기 성능 확실합니다..내가 보증함!,2025-12-17,https://www.youtube.com/watch?v=zZjShBmR3TU
연비니,"YouTube지누, 김똘복, 백곰파",곰파야.. 도플갱어인 줄 알았잖아..,2025-12-17,https://www.youtube.com/watch?v=nPaoqYiVc78
루태TV,"양띵 유튜브, 삼식, 서넹, 후추, 콩콩이다, 다주",착시 효과,2025-12-17,https://www.youtube.com/watch?v=-LIaB2sJh-4
루태TV,"양띵 유튜브, 삼식, 서넹, 후추, 콩콩이다, 다주",해골,2025-12-18,https://www.youtube.com/watch?v=RDkbay9MI3U
너불,장마군,촉각슈트 그 정도인가?,2025-12-18,https://www.youtube.com/watch?v=4253Sb8wP7Y
강소연 Youtube,"램램, 이초홍, 다주",남탓 그만하고 제발 그만 좀 죽으라고 램램!!!,2025-12-18,https://www.youtube.com/watch?v=pdeCc6DV51U
시라유키 히나 SHIRAYUKI HINA,강지,보는 사람 미치게 하는 슈퍼스타 행동 #vtuber #shorts,2025-12-18,https://www.youtube.com/watch?v=_kORuSN_k0M
푸린,"임나은, 연비니, 사모장, 이무지",전 직장 픽셀 동료들을 내 손으로 죽인다.,2025-12-18,https://www.youtube.com/watch?v=jSPkUifv6IU
텐코 시부키 TENKO SHIBUKI,"아라하시 타비 ARAHASHI TABI, 아카네 리제 AKANE LIZE, 시라유키 히나 SHIRAYUKI HINA, 아야츠노 유니 AYATSUNO YUNI, 사키하네 후야 SAKIHANE HUYA",멤버들 웃음소리 #shorts #vtuber #시부키,2025-12-18,https://www.youtube.com/watch?v=WxeG4zLC7Pw
하지유,"이오몽, 앵보, 위도 W2RDØ, 부쿠키, 희지",미츄 장녀에게 소신발언을 했습니다,2025-12-18,https://www.youtube.com/watch?v=f7NeocCwrhQ
앵보,미녕이데려오깨,미녕이 얘 정말 왜 이럴까..,2025-12-18,https://www.youtube.com/watch?v=9zOrNO3UyD4
장마군,"양아지, 미녕이데려오깨",응 싫어 절대 안 열어,2025-12-19,https://www.youtube.com/watch?v=SYMaEtHyVkk
이춘향,"나나양, 너불, 연비니, 채현찌, 꽃핀",아 비밀 이야기인데 누가 듣네,2025-12-19,https://www.youtube.com/watch?v=zVTsuTlcLOw
류으미,에렌디라,메이플 신기능 [질러팅]으로 써먹는 방법 ㅋㅋㅋㅋㅋㅋㅋ,2025-12-19,https://www.youtube.com/watch?v=Txw4NxodO8c
루태TV,"양띵 유튜브, 삼식, 서넹, 후추, 콩콩이다, 다주",감시 카메라,2025-12-19,https://www.youtube.com/watch?v=qk-7wVevVwQ
코아 TV,꼬예유 & 한예찬의 게임저장소,"🔥소멸,이핑구,신생,개신사,꼬예유🆚멤버 1명🔥ㅋㅋ초대석 역전세계 해봤습니다 이제는 당해봐야지",2025-12-19,https://www.youtube.com/watch?v=urBg5ufmmdQ
러끼,"YouTube지누, 왈도쿤","95년생 동갑 첫 만남🔥 러끼, 왈도쿤, 지누 Let's Go",2025-12-19,https://www.youtube.com/watch?v=iEBtQPOovcM
아오쿠모 린 AOKUMO RIN,"사키하네 후야 SAKIHANE HUYA, 유즈하 리코 YUZUHA RIKO",나는 WWE였는데 동기가 UFC로 받아들인 건에 대하여,2025-12-19,https://www.youtube.com/watch?v=PbydsMsZCB0
다주,"양띵 유튜브, 삼식, 서넹, 후추, 콩콩이다",이러다가 흑백요리사 나가겠어,2025-12-19,https://www.youtube.com/watch?v=kKlF69SeiCQ
태경 TV,쁘허,쁘허 애교?!,2025-12-19,https://www.youtube.com/watch?v=VvKKfROMGFA
여까네 유튜브,이무지,이무지 변태같아!,2025-12-19,https://www.youtube.com/watch?v=-CfjSBBB2fQ
강지,김뚜띠,“내가 얘들 오빠(?)이자 엄마이자 사장인데!”,2025-12-19,https://www.youtube.com/watch?v=BYxWeygeCck
중력유튜브,"너불, 핑맨",대중력 캐리,2025-12-19,https://www.youtube.com/watch?v=5PbwntEZpXY
Bang,"괴물쥐 유튜브, 플레임[이호종], 순당무, 피닉스박",원딜 뱅과 정글 방은 다른 사람입니다,2025-12-19,https://www.youtube.com/watch?v=UqPKQmMYDWs
푸린,"아구이뽀 A924, 악녀",죽음 스피드런,2025-12-20,https://www.youtube.com/watch?v=giGZzUKci18
너불,아야츠노 유니 AYATSUNO YUNI,너한테는 안 좋은 날 #너불 #shorts #아야츠노유니,2025-12-20,https://www.youtube.com/watch?v=aNvXDD3ZTe0
치킨쿤,탬탬버린,탬탬누님에게 보호 받고 캐리 받는 세계선,2025-12-20,https://www.youtube.com/watch?v=aAWtaS5KggI
이초홍,"램램, 다주, 강소연 Youtube",팬이에요 뽀뽀쪽  #이초홍 #게임 #다주 #램램 #강소연 #미메시스,2025-12-20,https://www.youtube.com/watch?v=1fwVoIY7Sto
연비니,"YouTube지누, 김똘복, 채현찌",배그에서 조심해야 할 것 [그 사람],2025-12-20,https://www.youtube.com/watch?v=yHaeWlZsBkM
텐코 시부키 TENKO SHIBUKI,아야츠노 유니 AYATSUNO YUNI,부키도 삐질게~!🎵💘 #meme #vtuber #shorts,2025-12-20,https://www.youtube.com/watch?v=irnUpk7tcF4
후추,"양띵 유튜브, 금사향, 위도 W2RDØ",우리 꾸준히 모여?? ...왜?,2025-12-20,https://www.youtube.com/watch?v=mzhuqP6vY6E
강소연 Youtube,다주,라면 스프부터 넣어야 맛있다vs면부터 넣어야 맛있다,2025-12-20,https://www.youtube.com/watch?v=dLeDIH7Y8Yk
강지,백곰파,ㅇ.. 이래도 안 올 거야..?♥,2025-12-20,https://www.youtube.com/watch?v=9sdjstHFcPY
루태TV,"양띵 유튜브, 삼식, 서넹, 후추, 콩콩이다, 다주",360도 2,2025-12-20,https://www.youtube.com/watch?v=YmQro1pOjhw
시라유키 히나 SHIRAYUKI HINA,아카네 리제 AKANE LIZE,우리 리제 아가 아니야...,2025-12-20,https://www.youtube.com/watch?v=hrN2XJwDPro
다주,"양띵 유튜브, 삼식, 서넹, 후추, 콩콩이다",흑백요리사 아닌데... 이원일 셰프님이 내 요리를?,2025-12-20,https://www.youtube.com/watch?v=u3yvxqqjTQ8
중력유튜브,"너불, 핑맨",[맹든링 EP.1] 왕따,2025-12-21,https://www.youtube.com/watch?v=_LxREBnrDDo
류으미,"악녀, 에렌디라",애디와 앰디,2025-12-21,https://www.youtube.com/watch?v=iWpNAi9xS-Y
델로략국,앵보,이거 한번 먹어봐라!!! 죽여준다!!!,2025-12-21,https://www.youtube.com/watch?v=Ds1-xj7N3BU
하나코 나나 HANAKO NANA,Youtube고차비,머릿속을 수없이 스쳐 지나가는 지난날의 과오 [핫클립],2025-12-21,https://www.youtube.com/watch?v=t3Q2e_07gc8
루태TV,"양띵 유튜브, 삼식, 서넹, 후추, 콩콩이다, 다주",보조 팔,2025-12-21,https://www.youtube.com/watch?v=_hWtCYP_Tgw
부쿠키,"Hyang Ah Chi 향아치, 이오몽",내돈내산 향아치 💸,2025-12-21,https://www.youtube.com/watch?v=wxEvFZvtYR8
아카네 리제 AKANE LIZE,강지,안산 치카라 시절 사장님이 돌아와버렸습니다..,2025-12-21,https://www.youtube.com/watch?v=-LV_RlJY5N0
뇨롱이_YouTube,"YouTube지누, 아구이뽀 A924",'픽셀 미식가' 아구이뽀 선배의 음식 강의!,2025-12-21,https://www.youtube.com/watch?v=VaVWh1IeorI
Hyang Ah Chi 향아치,러끼,전세계 신기한 세금법 맞추기,2025-12-21,https://www.youtube.com/watch?v=9z2OrXTtBFo
빅헤드,"탬탬버린, 허니츄러스 HoneyChurros",탬탬버린 + 허니츄러스 들어올리기,2025-12-22,https://www.youtube.com/watch?v=rbHxJwLx2fo
푸린,핑맨,레식 FPS 대회만 나가면 비싸지는 남자...,2025-12-22,https://www.youtube.com/watch?v=ElrInuXKYYo
공파리파,모아,"사촌형이 모아둔 ""고가의 위스키""들 몰래 마셔보기ㅋㅋ",2025-12-22,https://www.youtube.com/watch?v=jDzCjE1x_uw
여까네 유튜브,"델로략국, 왈도쿤, 장마군, 이오몽, 미녕이데려오깨","본 영상에 델로략국, 미녕이데려오깨 님은 등장하지 않습니다",2025-12-22,https://www.youtube.com/watch?v=YCaqEHu0khs
다주,"양띵 유튜브, 삼식, 서넹, 후추, 콩콩이다",흑백요리사 나가려면 요낳대 우승하기,2025-12-22,https://www.youtube.com/watch?v=keCceDfPqwo
루태TV,"양띵 유튜브, 삼식, 서넹, 후추, 콩콩이다, 다주",손전등,2025-12-22,https://www.youtube.com/watch?v=f0sr-aYNM5k
강소연 Youtube,초승달,그날 강소연은 떠올렸다 상식퀴즈의 공포를..,2025-12-22,https://www.youtube.com/watch?v=eA0wWn7s3CQ
다주,"양띵 유튜브, 삼식, 서넹, 후추, 콩콩이다",찾았다 내 남자,2025-12-23,https://www.youtube.com/watch?v=wmwozuV0b_E
채현찌,"YouTube지누, 연비니",합방멤버로 사장님을 부르면 어떡해요;;,2025-12-23,https://www.youtube.com/watch?v=ynkC4BvMZIA
루태TV,"양띵 유튜브, 삼식, 서넹, 후추, 콩콩이다, 다주",피니시,2025-12-23,https://www.youtube.com/watch?v=oHfPe4e5mH8
태경 TV,쁘허,세상에서 안 시드는 꽃은?,2025-12-23,https://www.youtube.com/watch?v=2srySDeSAU0
태경 TV,쁘허,음식을 먹으면 점점 길어지는 다리?! ㅋㅋㅋ 실력으로 쁘허 이겨버린 태경! (로블록스),2025-12-23,https://www.youtube.com/watch?v=gEs49IySfnI
백곰파,강지,내 마음을 들었다 놨다 하는 강지 ㅠㅠㅠ,2025-12-23,https://www.youtube.com/watch?v=LyTq9Wtm174
강소연 Youtube,"플레임[이호종], 철면수심",물을 생성하는 화학 반응의 조합은?,2025-12-24,https://www.youtube.com/watch?v=IaRWI8NLW50
연비니,"쁘허, 악녀, 꽃핀, 유콘",악녀에게 벽을 느꼈습니다..,2025-12-24,https://www.youtube.com/watch?v=p6nm-ZQQqlo
하나코 나나 HANAKO NANA,"강지, 김뿡, Youtube고차비",제 인내력 좋아보인다는 뜻이죠?? 그쵸?!,2025-12-24,https://www.youtube.com/watch?v=hOIgRYUFaHA
너불,핑맨,절대 부캐 접속을 실수하지마 #너불 #shorts #핑맨,2025-12-24,https://www.youtube.com/watch?v=HD27no7A5qs
루태TV,"양띵 유튜브, 삼식, 서넹, 후추, 콩콩이다, 다주",커스텀,2025-12-24,https://www.youtube.com/watch?v=4Xg0uvWwsxU
여까네 유튜브,"왈도쿤, 장마군, 이오몽",키보토스(용인) 폴댄서 김엉규는 누구인가?,2025-12-24,https://www.youtube.com/watch?v=viRFHFte76M
이춘향,탬탬버린,아...! QWER을 눌러봤구나...! 마.. 마스터했네!,2025-12-24,https://www.youtube.com/watch?v=MIoxA1wDCOw
유즈하 리코 YUZUHA RIKO,네네코 마시로 NENEKO MASHIRO,이것조차도 대본임,2025-12-24,https://www.youtube.com/watch?v=W35ETZ8tTmY
부쿠키,"러끼, 마레플로스, 이무지, 이오몽",마이러부 학교생활 -보물찾기 3-,2025-12-24,https://www.youtube.com/watch?v=0Fnxfo-cKfs
앵보,세노,앵보 말고 세노,2025-12-24,https://www.youtube.com/watch?v=uO5iAfipzhs
푸린,"임나은, 연비니, 이무지",소리내면 죽는 공포게임을 이 멤버로 해봤습니다...,2025-12-24,https://www.youtube.com/watch?v=1Og5fePJGpg
하지유,"세노, 희지",붕...뭐라고요?,2025-12-24,https://www.youtube.com/watch?v=RPOkb8L6tfk
유콘,"연비니, 라디유",💗남편에게 기대하는 게 있는 사람💗,2025-12-24,https://www.youtube.com/watch?v=Y2GRezn7zHI
희지,"이오몽, 미녕이데려오깨, 부쿠키","Snow halation - μ’s / 이오몽, 미녕이데려오깨, 부쿠키, 희지",2025-12-24,https://www.youtube.com/watch?v=Fl_ZNsC48UU
마젯 Mazet,"위도 W2RDØ, 부쿠키",마크하다 지릴 뻔; #shorts,2025-12-24,https://www.youtube.com/watch?v=LOhb58ogSBU
루태TV,"양띵 유튜브, 삼식, 서넹, 후추, 콩콩이다, 다주",생각보다 무거움,2025-12-25,https://www.youtube.com/watch?v=PqDRCywWgEY
실프,"핑맨, 댕균",레식 대회 드디어 🏆우승🏆 했습니다...!,2025-12-25,https://www.youtube.com/watch?v=IYiFYewnTuk
캡틴잭,플레임[이호종],와이프 나 돈 벌어왔어ㅎ,2025-12-25,https://www.youtube.com/watch?v=lplgv6Hpj4k
하지유,"이오몽, 앵보, 부쿠키",제가 미친 것 같나요?,2025-12-25,https://www.youtube.com/watch?v=z-y0Xbd9s04
플레임[이호종],"괴물쥐 유튜브, 유즈하 리코 YUZUHA RIKO",여자 취향은 겹치지 않아서 싸울일은 없겠네?,2025-12-25,https://www.youtube.com/watch?v=1osPv1ZQWTI
중력유튜브,"너불, 핑맨",파랑 지지자,2025-12-25,https://www.youtube.com/watch?v=C9-IfoJmwW4
왈도쿤,장마군,마군아ㅏㅏㅏㅏㅏㅏㅏ!!!!!!!,2025-12-25,https://www.youtube.com/watch?v=hn8sCGPq5iI
강지,백곰파,곰파와의 첫만남 #강지 #백곰파 #감자툰,2025-12-25,https://www.youtube.com/watch?v=Lcz_ooSvUDA
피닉스박,삼식,도파민 터지는 반지 강화쇼,2025-12-25,https://www.youtube.com/watch?v=rhVGkN9MwnY
후추,"양띵 유튜브, 서넹, 다주",후추 여왕님의 엘소드 with.양띵크루,2025-12-26,https://www.youtube.com/watch?v=OQxu8qof_Bs
아구이뽀 A924,"푸린, 악녀, 왈도쿤",왜 저런 걸 학습했지? 언니 진정ㅎㅎ;;,2025-12-26,https://www.youtube.com/watch?v=WJFHBS6N2ao
루태TV,"양띵 유튜브, 삼식, 서넹, 후추, 콩콩이다, 다주",개조 인간,2025-12-26,https://www.youtube.com/watch?v=8r5g-PoeDxk
여까네 유튜브,앵보,이건 도플갱어가 죽인 거야!,2025-12-26,https://www.youtube.com/watch?v=yu6BEEKrF_A
코아 TV,김왼팔,⭐김왼팔 팀 🆚 하네 팀⭐99밤 스피드런 대결 과연 누가 더 빠르게 성공할까요?,2025-12-26,https://www.youtube.com/watch?v=UCQWguwRzfE
다주,"양띵 유튜브, 삼식, 서넹, 후추, 콩콩이다",에이징커브를 느껴버렸어,2025-12-26,https://www.youtube.com/watch?v=PCim2x3i6gk
류으미,"에렌디라, 라디유",투표 할 줄 모르는 1찍들의 마피아게임 ㅋㅋㅋㅋㅋㅋㅋ,2025-12-26,https://www.youtube.com/watch?v=5n7BKKBe3sQ
서넹,"양띵 유튜브, 후추, 다주",양띵크루와 추억의 게임 엘소드를 해봤습니다,2025-12-26,https://www.youtube.com/watch?v=vS7HZNJun-E
아오쿠모 린 AOKUMO RIN,"강지, 아라하시 타비 ARAHASHI TABI, 아카네 리제 AKANE LIZE, 시라유키 히나 SHIRAYUKI HINA, 네네코 마시로 NENEKO MASHIRO, 아야츠노 유니 AYATSUNO YUNI, 사키하네 후야 SAKIHANE HUYA, 텐코 시부키 TENKO SHIBUKI, 유즈하 리코 YUZUHA RIKO, 하나코 나나 HANAKO NANA",스텔라이브 롤 협곡 내전!,2025-12-26,https://www.youtube.com/watch?v=XNr0Qpu8s24
연비니,"YouTube지누, 김똘복",ㅈ..제가 좀 늦었나요..?,2025-12-27,https://www.youtube.com/watch?v=O6dYibxliqc
앵보,왈도쿤,왈도쿤 컷!!!!!!!!!,2025-12-27,https://www.youtube.com/watch?v=8ZTpq_Dddqo
후추,"양띵 유튜브, 금사향, 위도 W2RDØ",이상한 아이들과 고철춥기,2025-12-27,https://www.youtube.com/watch?v=_aeZ9CqeMEE
꽃핀,앵보,앵보야 너 좀 맛있어보인다.,2025-12-27,https://www.youtube.com/watch?v=NatmYdtQes0
다주,"양띵 유튜브, 삼식, 서넹, 후추, 콩콩이다",추억의 엘소드 양띵크루랑,2025-12-27,https://www.youtube.com/watch?v=IwfNAjuy2VU
퀸톨 TV,꼬예유 & 한예찬의 게임저장소,99밤에서 서로 배신했습니다?! [미션 챌린지..누가 달성할 수 있을까?],2025-12-27,https://www.youtube.com/watch?v=Z1fe0Ma7EbA
중력유튜브,"너불, 핑맨",돈주면 욕해드림,2025-12-27,https://www.youtube.com/watch?v=TkB0Eq-GzgU
장마군,"델로략국, 여까네 유튜브, 왈도쿤, 앵보",계모임 최고 미남들,2025-12-27,https://www.youtube.com/watch?v=RoIjy-iYcVg
플레임[이호종],"괴물쥐 유튜브, 순당무, 피닉스박","박종우, 죽다?",2025-12-27,https://www.youtube.com/watch?v=vX5unk1wMSQ
푸린,"러끼, 이무지",인생 처음 느끼는 공포,2025-12-27,https://www.youtube.com/watch?v=pBWlsVfN25M
이초홍,나나양,"아 잠만, 나나양보다 내가 못한다고? [스타레조]",2025-12-27,https://www.youtube.com/watch?v=6cxCFaq_M50
서넹,양띵 유튜브,개구리 뒷다리 맛있을 거 같음,2025-12-27,https://www.youtube.com/watch?v=_X3-8S1kG1I
멋사유튜브,"강지, Youtube고차비",멋사를 거세시키는 50가지 방법,2025-12-27,https://www.youtube.com/watch?v=phhaAIv5Dtg
러끼,"이무지, 모아",⚠️기싸움주의⚠️ '이무지 VS 모아' 결국 만나버렸다!,2025-12-27,https://www.youtube.com/watch?v=_XNNgco9Q18
마젯 Mazet,아쿠루 akuru,레제댄스로 백마젯vs적마젯 #shorts,2025-12-27,https://www.youtube.com/watch?v=0i2Td17JuPM
루태TV,"양띵 유튜브, 삼식, 서넹, 후추, 콩콩이다, 다주",타임랩스,2025-12-27,https://www.youtube.com/watch?v=4DJ1E_z6Asc
행돌,탬탬버린,행돌아 이분이 탬탬버린이야 [스텔콘 후기],2025-12-28,https://www.youtube.com/watch?v=rC2_e8c_LwU
푸린,"강지, 실프, 델로략국",역대급 승률 100% '전승우승'으로 레전드 찍었습니다!!,2025-12-28,https://www.youtube.com/watch?v=saBhNOzok-Q
루태TV,"양띵 유튜브, 삼식, 서넹, 후추, 콩콩이다, 다주",돌아오는 거야,2025-12-28,https://www.youtube.com/watch?v=O8kt1Lyfecg
다주,"양띵 유튜브, 삼식, 서넹, 후추, 콩콩이다, 포피셜",여기서도 포피셜,2025-12-28,https://www.youtube.com/watch?v=-iz0oBSNOww
아야츠노 유니 AYATSUNO YUNI,사키하네 후야 SAKIHANE HUYA,후야야 부자네?!?! #스텔라이브 #stellive #유니 #후야 #everys,2025-12-28,https://www.youtube.com/watch?v=GcB6HH298hE
뇨롱이_YouTube,"YouTube지누, 채현찌",나 또 사기당한거야...?!?!? 【픽셀 입사선물】,2025-12-28,https://www.youtube.com/watch?v=ZmjG_0A9evE
강지,"괴물쥐 유튜브, 김뿡, 실프, Youtube고차비, 백곰파, 플레임[이호종]",내 딸들이야 미친놈들아,2025-12-28,https://www.youtube.com/watch?v=kXVlEOpuFVQ
루태TV,"양띵 유튜브, 삼식, 서넹, 후추, 콩콩이다, 다주",설치류는 인터넷으로 설치 2,2025-12-29,https://www.youtube.com/watch?v=ZlIZtwrF78o
푸린,쫀득TV,새로운 우결 시작(?),2025-12-29,https://www.youtube.com/watch?v=9jpdgzVq6Sc
태경 TV,쁘허,더 포지 지갑이 열린 태쁘 종족 리롤권 100장 장전! 쁘허 드디어..떳다! 대천사도 노린다?! (로블록스),2025-12-29,https://www.youtube.com/watch?v=1TZ59VlKM1E
앵보,러끼,러끼야 나 그 약 먹기 싫어!!,2025-12-29,https://www.youtube.com/watch?v=6RPyV2H32f0
나나양,탬탬버린,알고보니 냉정한 미식가 탬탬버린,2025-12-29,https://www.youtube.com/watch?v=oJCtx7w981g
시라유키 히나 SHIRAYUKI HINA,윤가놈,버진석과 캠히나,2025-12-29,https://www.youtube.com/watch?v=Okmmci_tpHo
코아 TV,꼬예유 & 한예찬의 게임저장소,⚡꼬예유의 돌격소총 제자 그냥찌 🆚 코아⚡최악의 재능을 가진 그녀는 과연 달라질까요??,2025-12-29,https://www.youtube.com/watch?v=8M7n5v7S8dE
다주,"양띵 유튜브, 삼식, 서넹, 후추, 콩콩이다",요낳대 후기,2025-12-29,https://www.youtube.com/watch?v=VrTXZj9HB5w
유즈하 리코 YUZUHA RIKO,"탬탬버린, 이춘향",※ 돌발상황,2025-12-29,https://www.youtube.com/watch?v=67evZPSbsi4
금휘,쫀득TV,대답.,2025-12-29,https://www.youtube.com/watch?v=gZYpEF5jihc
하지유,아쿠루 akuru,체인소맨 천사가 춘 레제 댄스! IRIS OUT 챌린지,2025-12-30,https://www.youtube.com/watch?v=hCXYfKfy6cI
꼬예유 & 한예찬의 게임저장소,파이브,*꼬예유 vs 파이브 vs 100명* 마인크래프트 총 모드로 킬내기 PVP,2025-12-30,https://www.youtube.com/watch?v=KeASGyYKr2A
꽃핀,유콘,"🎄꽃핀,유콘, 헤징과 함께 메리크리스마스🎄",2025-12-30,https://www.youtube.com/watch?v=kbI950eVIMw
이춘향,"나나양, 탬탬버린, 김뚜띠",세상에 두 명의 탬탬버린은 있을 수 없다,2025-12-30,https://www.youtube.com/watch?v=TPq-i9TGDCQ
서넹,양띵 유튜브,남자들이 좋아하는 여자 목소리는?,2025-12-30,https://www.youtube.com/watch?v=AyNKOZiwjBk
도티 TV,"압둘알리과로사, 양아지, 순당무","👫🏻남매끼리 손잡고 다니는게 그렇게 이상한거임?? (w.양아지, 양노을, 과로사, 순당무, 김츠유, 준선유)",2025-12-30,https://www.youtube.com/watch?v=SRkXTfX1mZU
루태TV,"양띵 유튜브, 삼식, 서넹, 후추, 콩콩이다, 다주",잡기,2025-12-30,https://www.youtube.com/watch?v=Ld2aPxF-1U4
동수칸TV,삼식,2025 한동숙 유튜브 연말결산 下편,2025-12-30,https://www.youtube.com/watch?v=r6OBH36Hs68
아카네 리제 AKANE LIZE,아오쿠모 린 AOKUMO RIN,후배들마저 인정한 공주님 말투 #vtuber #shorts,2025-12-30,https://www.youtube.com/watch?v=v0GQ9vcG4t4
마젯 Mazet,"왈도쿤, 이오몽, 미녕이데려오깨, 앵보, 세노, 부쿠키","""X추""를 외쳐야만 했던 그 날의 기억... [틀리면 리부트 -미츄편-]",2025-12-31,https://www.youtube.com/watch?v=c1BFnycDXXo
여까네 유튜브,"델로략국, 왈도쿤, 장마군, 앵보",기초적인 임플란트다 | 여까 라디오 하이라이트,2025-12-31,https://www.youtube.com/watch?v=OW3VlYqJusw
루태TV,"양띵 유튜브, 삼식, 서넹, 후추, 콩콩이다, 다주",끈끈함,2025-12-31,https://www.youtube.com/watch?v=ufwGxs-EK2o
푸린,"램램, 악녀",인생 최후의 발차기,2025-12-31,https://www.youtube.com/watch?v=QOU419Cxebs
류으미,"악녀, 라디유","홍개,아래아요,주둥이방송 등 2025년 류으미를 빛낸 대참사 총정리",2025-12-31,https://www.youtube.com/watch?v=ibfv4KQvaSQ
다주,"양띵 유튜브, 삼식, 서넹, 후추, 콩콩이다",2025 다주 유튜브 연말결산,2025-12-31,https://www.youtube.com/watch?v=CoEktfnrClU
연비니,"YouTube지누, 쫀득TV, 채현찌",쫀득님 그게 무슨 말이에요..?,2025-12-31,https://www.youtube.com/watch?v=imbr4PZ8bOo
태경 TV,쁘허,여자친구에게 돼지?!,2025-12-31,https://www.youtube.com/watch?v=hpYUhIoEZtM
1분마뫄,행돌,김행돌 다 너 때문이야!!!,2025-12-31,https://www.youtube.com/watch?v=Sib1dZoDjl4
유콘,양아지,내가 양아지님을 타락시킬 수 있다고??,2025-12-31,https://www.youtube.com/watch?v=SfZl9jlDcxI
서넹,"양띵 유튜브, 후추",포항프린스가 가져다준 방어회 열라면 먹방🐟,2025-12-31,https://www.youtube.com/watch?v=r1u7MB36Nx8
동수칸TV,"양띵 유튜브, 삼식, 다주",마린이(4년차)에서 다제로스 퍼클까지!  2025 마인크래프트 총결산,2025-12-31,https://www.youtube.com/watch?v=bPn_EcDNWRU
루태TV,"양띵 유튜브, 삼식, 서넹, 후추, 콩콩이다, 다주",데굴데굴,2026-01-01,https://www.youtube.com/watch?v=3KuzYFkjl2c
순당무,압둘알리과로사,[순당무X과로사] ❁샤를❁ .cover (2026) シャルル,2026-01-01,https://www.youtube.com/watch?v=Y2S7563EDMU
너불,채현찌,같잖네 진짜ㅋ,2026-01-01,https://www.youtube.com/watch?v=6etPAuSBPQU
치킨쿤,"YouTube지누, 아구이뽀 A924, 연비니",친구들과하기좋은 극찬이 넘치는 레스토랑 운영 게임ㅋㅋㅋㅋ,2026-01-01,https://www.youtube.com/watch?v=6GweWDPT43U
아오니,혜안,"미쳤다... 혜안 채널에서 공개된 적 없는, 아오니 시점 덕몽어스 영상",2026-01-01,https://www.youtube.com/watch?v=0IvpyFgNjRg
아야츠노 유니 AYATSUNO YUNI,강지,2026년 유니의 목표! #스텔라이브 #stellive #유니 #강지,2026-01-01,https://www.youtube.com/watch?v=0ZV2-CtLDHg
서넹,"양띵 유튜브, 후추, 다주",서넹의 성장이 두려운가? 엘소드 with 양띵크루,2026-01-02,https://www.youtube.com/watch?v=t5_MWFZjHVU
멋사유튜브,"너불, 핑맨",늪지대 졸업.,2026-01-02,https://www.youtube.com/watch?v=TfJoYfPOoyg
루태TV,"양띵 유튜브, 삼식, 서넹, 후추, 콩콩이다, 다주",무슨 냄새야,2026-01-02,https://www.youtube.com/watch?v=QveblJWNBsY
포피셜,노돌리,세르카 파티 멤버 공개합니다 - 포셔의 로스트아크,2026-01-02,https://www.youtube.com/watch?v=z-irRVPVllE
하나코 나나 HANAKO NANA,강지,마크에선 위아래 없습니다. 스승님.,2026-01-02,https://www.youtube.com/watch?v=EWVfIlmnEtg
후추,양띵 유튜브,엘소드에서 양띵크루를 짊어진 여왕 '퀸후추',2026-01-02,https://www.youtube.com/watch?v=UKVTShaTAEA
아오쿠모 린 AOKUMO RIN,"탬탬버린, 유즈하 리코 YUZUHA RIKO, 이춘향",저 부모님 없습니다 (실제로 한 말),2026-01-02,https://www.youtube.com/watch?v=7T3frfrJaqU
다주,"양띵 유튜브, 괴물쥐 유튜브, 삼식, 서넹, 후추, 콩콩이다, 플레임[이호종], PAKA, 피닉스박",2025 삼대오 모음집,2026-01-02,https://www.youtube.com/watch?v=x7SEFqCbYEU
아구 TV,쫀득TV,점프킹을 발로 깬다고?? 전역한 쫀득 초청석 ㅋㅋㅋㅋㅋ,2026-01-02,https://www.youtube.com/watch?v=Ot479yx6Z5o
여까네 유튜브,"델로략국, 왈도쿤, 장마군, 앵보",여기서 가장 못생긴 사람 | 여까 라디오 하이라이트,2026-01-02,https://www.youtube.com/watch?v=OM81TyylsAU
금휘,쫀득TV,여소 해달래서 해드렸습니다~,2026-01-03,https://www.youtube.com/watch?v=oCIbo1xVfCQ
탬탬버린,다주,【 탬탬버린 】 - 다주야 잠깐만 이게뭐야??????,2026-01-03,https://www.youtube.com/watch?v=gdwWFT-R4Fk
테스터훈 TesterHoon,밍모,"무한의계단 랭킹 1위, 진짜 말도 안되는 피지컬이다 ㅋㅋ 밍모 장인초대석 [테스터훈]",2026-01-03,https://www.youtube.com/watch?v=hoRgW9ZBNTE
장마군,"델로략국, 여까네 유튜브, 왈도쿤, 앵보",분명 그냥...방귀라고 하지 않았어?,2026-01-03,https://www.youtube.com/watch?v=6xFP5_E_wQA
연비니,꽃핀,크리스마스 반캠 술 합방..🩷,2026-01-03,https://www.youtube.com/watch?v=QPFh0Wqr4OE
아카네 리제 AKANE LIZE,강지,신이 리제를 만들때 #vtuber #shorts,2026-01-03,https://www.youtube.com/watch?v=i9preZ_2qpI
푸린,"램램, 악녀, 설백",잘못했으면 일단 목격자를 없애,2026-01-03,https://www.youtube.com/watch?v=fun5PZVpUWE
류으미,"악녀, 라디유",미움받는자의 롤링페이퍼란.,2026-01-03,https://www.youtube.com/watch?v=BO3OlbEzI9c
러끼,쁘허,쁘허언니가 말아주는 '유부녀' 대사?! 🔥,2026-01-03,https://www.youtube.com/watch?v=xHUoNAnQGLg
다주,"양띵 유튜브, 삼식, 서넹, 후추, 콩콩이다",엘소드에서 막내한테 효도받았다,2026-01-03,https://www.youtube.com/watch?v=LNIGJL-Y-IU
루태TV,"양띵 유튜브, 삼식, 서넹, 후추, 콩콩이다, 다주",마크는 몬스터를 찢어,2026-01-03,https://www.youtube.com/watch?v=B_Am69BkWVg
부쿠키,장마군,아유 맏? 명예영국인 되는 방법 🎩,2026-01-03,https://www.youtube.com/watch?v=9TaPIIjrQLE
멋사유튜브,"쫀득TV, 너불, Youtube고차비",두바이 쫀득쿠키 강행해야 돼,2026-01-04,https://www.youtube.com/watch?v=hKaFzwRCjv4
아카네 리제 AKANE LIZE,"후추, 캡틴잭, 윤가놈",나만 빼고 다들 행복해 보이네... [멋사공책 RPG - 1화],2026-01-04,https://www.youtube.com/watch?v=XbO1E-6gv-c
이춘향,"백곰파, 빅헤드",곰파야~ 같이 놀자~,2026-01-04,https://www.youtube.com/watch?v=FhGw2oBhOB0
실프,강지,강지야 이제 오빠라고 안 해도 ㄷ...어? [멋사 공책 RPG 5편],2026-01-04,https://www.youtube.com/watch?v=byw4YBmf5RQ
강지,"악동 김블루, 탬탬버린, 악녀, 김뚜띠, 임나은, 행돌, Youtube고차비, 삼식, 다주",신호등 자매 희망편 & 절망편,2026-01-04,https://www.youtube.com/watch?v=QrgniuaDtaI
후추,양띵 유튜브,유리패드 언박싱 w.조니워커 블루,2026-01-04,https://www.youtube.com/watch?v=IKa9jwnTOlU
루태TV,"양띵 유튜브, 삼식, 서넹, 후추, 콩콩이다, 다주",무지개 반사,2026-01-04,https://www.youtube.com/watch?v=2iL-LCigUWE
피닉스박,"랄로 , 괴물쥐 유튜브",베팅을 할 때는 인생을 걸어라,2026-01-04,https://www.youtube.com/watch?v=1al5g04jeYM
아라하시 타비 ARAHASHI TABI,핑맨,어라~ 핑맨님 완전 '에겐핑'이었네~?? [멋사 공책 RPG],2026-01-04,https://www.youtube.com/watch?v=t94Gayw8Jss
유즈하 리코 YUZUHA RIKO,"탬탬버린, 이춘향",생방송 중 쌩얼 공개된 아이돌,2026-01-04,https://www.youtube.com/watch?v=PeTynhDg114
연비니,"YouTube지누, 쫀득TV, 채현찌",RP를 모르는 RP,2026-01-05,https://www.youtube.com/watch?v=zqL7lsnhh_U
푸린,"아구이뽀 A924, 악녀, 왈도쿤",도플갱어를 찾지 못하면 죽는 마트에서 살아남기😱,2026-01-05,https://www.youtube.com/watch?v=L0-Bh22roiI
루태TV,"양띵 유튜브, 삼식, 서넹, 후추, 콩콩이다, 다주",곰인형,2026-01-05,https://www.youtube.com/watch?v=Xd3SRW5JTwY
태경 TV,쁘허,쁘허 돈 훔치기ㅋㅋㅋ,2026-01-05,https://www.youtube.com/watch?v=4wPym4gCumY
뇨롱이_YouTube,"나나양, 빅헤드",찍혔다 ㅈ됐다 【픽셀 / 나나양】,2026-01-05,https://www.youtube.com/watch?v=Ye1c6XVZGbc
류으미,"에렌디라, 라디유",덕몽어스에 탐정을 부른다면,2026-01-05,https://www.youtube.com/watch?v=mj8ycQZoLQ4
다주,"양띵 유튜브, 삼식, 서넹, 후추, 콩콩이다",크리스마스 트리거인,2026-01-05,https://www.youtube.com/watch?v=KO-KvAEenvw
너불,텐코 시부키 TENKO SHIBUKI,삼촌들이 미안..,2026-01-06,https://www.youtube.com/watch?v=SVSLS0wWz3I
캡틴잭,플래그,플래그 세우기,2026-01-06,https://www.youtube.com/watch?v=I6FvWjJ14yg
하나코 나나 HANAKO NANA,탬탬버린,둘이 요리 재료 맞지? 그거 아니면 말이 안 돼 진짜💢,2026-01-06,https://www.youtube.com/watch?v=sG3uhvqkLRQ
강지,악동 김블루,여자 보는 눈은 블튜브,2026-01-06,https://www.youtube.com/watch?v=nEmJONUZBaY
푸린,"연비니, 왈도쿤, 이무지",금지된 '우결 코인' 탑승하겠습니다ㅎㅎ,2026-01-06,https://www.youtube.com/watch?v=DQFNllqR6lA
빅헤드,양아지,양아지가 소개해준 진짜 미친 버튜버들,2026-01-06,https://www.youtube.com/watch?v=rOdN4jWboug
꼬예유 & 한예찬의 게임저장소,램램,*추억의 마인고등학교 맵* 에서 100명 배틀로얄 서바이벌 우승하기,2026-01-06,https://www.youtube.com/watch?v=YIXeUGn3y40
아오쿠모 린 AOKUMO RIN,"탬탬버린, 유즈하 리코 YUZUHA RIKO, 이춘향",당신의 선택은?,2026-01-06,https://www.youtube.com/watch?v=k-M3EkKejPY
머독,"수탉, 끠끼",한 해 동안 종겜동을 응원해 주셔서 감사합니다,2026-01-06,https://www.youtube.com/watch?v=Y2pNwbTsIEc
다주,"양띵 유튜브, 삼식, 서넹, 후추, 콩콩이다",2025년 목표 미달성시 김장.. 그 결과는?,2026-01-06,https://www.youtube.com/watch?v=LEaBZVpfZLg
루태TV,"양띵 유튜브, 삼식, 서넹, 후추, 콩콩이다, 다주",아이언맨,2026-01-06,https://www.youtube.com/watch?v=HBTf-eBkf78
순당무,압둘알리과로사,과로사보다 엔더 드래곤 빨리 잡기 1편,2026-01-06,https://www.youtube.com/watch?v=t3Qz-YuE5rY
중력유튜브,"너불, 핑맨",[맹든링 EP.2] 나락보내는법,2026-01-06,https://www.youtube.com/watch?v=_RMFpEsrG5U
채현찌,텐코 시부키 TENKO SHIBUKI,버츄얼 나이 인증시키는 법,2026-01-06,https://www.youtube.com/watch?v=Gh2NFHTjjog
행돌,파이브,파이브 세븐이 생각나는 개사기 피스톨이 출시 되었습니다 ㅋㅋㅋㅋㅋㅋㅋㅋ,2026-01-06,https://www.youtube.com/watch?v=8zJn1WLR2uI
위도 W2RDØ,얍얍,얍얍 #shorts,2026-01-07,https://www.youtube.com/watch?v=C-AMHUg2z9o
유즈하 리코 YUZUHA RIKO,강지,회사 생활 잘 했어야지 부키야,2026-01-07,https://www.youtube.com/watch?v=8ip6gmUoh9M
여까네 유튜브,"델로략국, 왈도쿤",아오오 광고 짤려어엇!  | 여까 라디오 하이라이트,2026-01-07,https://www.youtube.com/watch?v=-5uMF8jRTcA
사키하네 후야 SAKIHANE HUYA,유즈하 리코 YUZUHA RIKO,유즈하 리코님.,2026-01-07,https://www.youtube.com/watch?v=ZmHMwiGau4o
루태TV,"양띵 유튜브, 삼식, 서넹, 후추, 콩콩이다, 다주",양궁,2026-01-07,https://www.youtube.com/watch?v=LqxXMjHf72c
아카네 리제 AKANE LIZE,강지,눈물 없인 볼 수 없는 강사장의 리제 사랑 #vtuber #shorts,2026-01-07,https://www.youtube.com/watch?v=-MFa0MXhcb0
삐부찡,백곰파,휴방 날 밤11시에 외출하는 그녀 #삐부 #게임 #shorts #힐링캠프 #고수달 #백곰파 #픽셀네트워크,2026-01-07,https://www.youtube.com/watch?v=6EE-wQQL54E
끠끼,"수탉, 머독",종겜동 '송년회'에 다녀왔습니다!🎉,2026-01-07,https://www.youtube.com/watch?v=INYN9a_aU3U
연비니,YouTube지누,지누님 물이 너무 깊어요!!!,2026-01-07,https://www.youtube.com/watch?v=pvyZ49iAOrE
다주,"양띵 유튜브, 삼식, 서넹, 후추, 콩콩이다",오랜만에 왓더버거에서 연락이 왔습니다,2026-01-07,https://www.youtube.com/watch?v=W0NFNyb0gS0
부쿠키,러끼,김러끼 미워..ㅠㅠㅠ,2026-01-07,https://www.youtube.com/watch?v=nmdnS_9c68w
아카네 리제 AKANE LIZE,"채현찌, 후추, 백곰파",모르는 언니한테 주워져 700살 동탄 미시가 돼버렸습니다 [멋사공책 RPG - 2화],2026-01-08,https://www.youtube.com/watch?v=hkh7DISA3TM
태경 TV,쁘허,태경 쁘허 연애 1일차부터 신혼집 공개까지?! (두근두근타운),2026-01-08,https://www.youtube.com/watch?v=K9zTJqExa8s
아라하시 타비 ARAHASHI TABI,Youtube고차비,선배를 위한 10등분의 스텔라 [멋사 공책 RPG],2026-01-08,https://www.youtube.com/watch?v=y2lZh344upY
모아,앵보,앵보선배야 그런식으론 지휘관이 될 수 없어😊【모아】,2026-01-08,https://www.youtube.com/watch?v=9Mi-vfWgRsA
시라유키 히나 SHIRAYUKI HINA,아야츠노 유니 AYATSUNO YUNI,어디 한 번 보자,2026-01-08,https://www.youtube.com/watch?v=_2YrVdwpbUw
러끼,이춘향,나에게 이춘향은 '살인토끼'다 🐰,2026-01-08,https://www.youtube.com/watch?v=hGCjGoVA8Vc
앵보,왈도쿤,전적으로 왈도쿤의 생각입니다,2026-01-08,https://www.youtube.com/watch?v=P_PMcRJcZQc
다주,"양띵 유튜브, 삼식, 서넹, 후추, 콩콩이다",솔직히 의심하고 먹어본 임짱TV님의 오이라면,2026-01-08,https://www.youtube.com/watch?v=tedT7Kgk9Cg
여까네 유튜브,왈도쿤,우리 형이 지루하고 현학적이라고?!,2026-01-08,https://www.youtube.com/watch?v=6Ho_H1wKsWE
루태TV,"양띵 유튜브, 삼식, 서넹, 후추, 콩콩이다, 다주",병아리,2026-01-08,https://www.youtube.com/watch?v=rAPXpHtHH10
시라유키 히나 SHIRAYUKI HINA,"아라하시 타비 ARAHASHI TABI, Youtube고차비",둘은 최강이지만 찐따...,2026-01-09,https://www.youtube.com/watch?v=juz1DMC5vFo
다주,"양띵 유튜브, 삼식, 서넹, 후추, 콩콩이다",어머니 새해계획을 왜...,2026-01-09,https://www.youtube.com/watch?v=e7AQFNRB_0I
채현찌,"텐코 시부키 TENKO SHIBUKI, 너불",극도로 긴장한 막내,2026-01-09,https://www.youtube.com/watch?v=ePSVE2kYXnA
이초홍,"YouTube지누, 김뿡, 연비니, 뇨롱이_YouTube",픽셀에 온 걸 환영한다,2026-01-09,https://www.youtube.com/watch?v=Y-5B3XD8XoY
아구이뽀 A924,"푸린, 악녀, 왈도쿤",그가 모자를 벗지 않는 이유☠️ ☠️,2026-01-09,https://www.youtube.com/watch?v=W4VGGEe5wQM
서넹,"양띵 유튜브, 다주",내가 왜 메이드복 입고 오므라이스를....;ㅁ;,2026-01-09,https://www.youtube.com/watch?v=XrzCRSCTEZg
서넹,"양띵 유튜브, 사키하네 후야 SAKIHANE HUYA, 삼식",서넹 분내 비즈니스 목소리,2026-01-09,https://www.youtube.com/watch?v=6t5n_9xMCTU
중력유튜브,"너불, 핑맨",[마크에이지 리턴즈3 1회차] 첫날부터 백호를?,2026-01-09,https://www.youtube.com/watch?v=LAx7IelOUxs
하나코 나나 HANAKO NANA,Youtube고차비,나 우울해서 '빵'나나 됐어...ㅋㅋㅋㅋㅋㅋ,2026-01-09,https://www.youtube.com/watch?v=oS6vgWkCCS0
루태TV,"양띵 유튜브, 삼식, 서넹, 후추, 콩콩이다, 다주",원시 기술,2026-01-09,https://www.youtube.com/watch?v=eXZkINWc3W8
후추,"양띵 유튜브, 금휘",금휘야 나 이뻐? 이쁘냐고,2026-01-10,https://www.youtube.com/watch?v=fD-rDpGxfwU
태경 TV,쁘허,갑자기 결혼준비 한다는 여친 쁘허.. 하 라이벌에서 참교육 갈게요(?) (로블록스),2026-01-10,https://www.youtube.com/watch?v=PZjHbkUAVng
시라유키 히나 SHIRAYUKI HINA,"아라하시 타비 ARAHASHI TABI, Youtube고차비",(돌발상황 발생),2026-01-10,https://www.youtube.com/watch?v=MYallImHutQ
러끼,Hyang Ah Chi 향아치,'향아치' 대수난시대 💀 모찌와 모치의 첫 만남!,2026-01-10,https://www.youtube.com/watch?v=NvPYtnPrypI
루태TV,"양띵 유튜브, 삼식, 서넹, 후추, 콩콩이다, 다주",멘탈,2026-01-10,https://www.youtube.com/watch?v=QLe0Ri5mQCM
아오쿠모 린 AOKUMO RIN,"탬탬버린, 유즈하 리코 YUZUHA RIKO, 이춘향",탬탬님의 서열정리,2026-01-10,https://www.youtube.com/watch?v=Qp1r_o3HTcg
다주,"양띵 유튜브, 삼식, 서넹, 후추, 콩콩이다",두쫀쿠 공장장 다주,2026-01-10,https://www.youtube.com/watch?v=O0liBQWeopA
강지,"악동 김블루, Youtube고차비, 후추","강동부, 블동부 직원들은 진짜 유명한 우결충들임",2026-01-10,https://www.youtube.com/watch?v=aDysmtBpbRE
1분마뫄,행돌,공식 중계에서 순대햄을 놀려버리는 유정선 해설님 ㅋㅋㅋㅋㅋ,2026-01-10,https://www.youtube.com/watch?v=45Xxw7NNZsI
하지유,"세노, 아쿠루 akuru",아니 그게 아니라...;,2026-01-10,https://www.youtube.com/watch?v=ZhhMIK3Yo-4
중력유튜브,"너불, 핑맨",엘소드 레전드 이벤트 등장?!,2026-01-10,https://www.youtube.com/watch?v=_jxoQuYDpCU
여까네 유튜브,"델로략국, 왈도쿤",새의 대화 | 여까 라디오 하이라이트,2026-01-10,https://www.youtube.com/watch?v=glRY7GlToNE
여까네 유튜브,왈도쿤,폭탄의 악마 |  파티 애니멀즈 하이라이트,2026-01-11,https://www.youtube.com/watch?v=WKnsqNZwGXA
시라유키 히나 SHIRAYUKI HINA,"아라하시 타비 ARAHASHI TABI, Youtube고차비",되겠냐고되겠냐고되겠냐고,2026-01-11,https://www.youtube.com/watch?v=7i7_26-AZ64
YouTube지누,코렛트YouTube,코렛트 자유이용권,2026-01-11,https://www.youtube.com/watch?v=AqjbiYeXRcs
아카네 리제 AKANE LIZE,"금휘, 백곰파",현직 스님의 반야심경! 효과는 굉장했다! [멋사공책 RPG - 3화],2026-01-11,https://www.youtube.com/watch?v=_qY82IQR4FM
서넹,"양띵 유튜브, 다주",메이드복 입고 다주 오므라이스 만들어주기...,2026-01-11,https://www.youtube.com/watch?v=ZqSFsguEH6U
강지,"김뿡, 텐코 시부키 TENKO SHIBUKI, 김뚜띠, Youtube고차비, 백곰파, 피닉스박",인근 초등학교에서 텐코 시부키님을 목격했다는 문의에 관해 답변 드립니다.,2026-01-11,https://www.youtube.com/watch?v=88xPh0tHRQE
루태TV,"양띵 유튜브, 삼식, 서넹, 후추, 콩콩이다, 다주",와장창,2026-01-11,https://www.youtube.com/watch?v=Akc6ssMgxqM
루태TV,"양띵 유튜브, 삼식, 서넹, 후추, 콩콩이다, 다주",팝콘,2026-01-12,https://www.youtube.com/watch?v=NdiRTu499Ic
코아 TV,꼬예유 & 한예찬의 게임저장소,⚡핑구&길냥/소멸&라장/너드&신사/꼬예유&냥찌/마노&냐코⚡드디어 제자대전 시작합니다,2026-01-12,https://www.youtube.com/watch?v=GivjKU9pZCo
태경 TV,쁘허,쁘허의 결혼준비 발언에 행복해 하는 태싹이들이 많네요 복수전 라이벌로 참교육(?) 갑니다 (로블록스),2026-01-12,https://www.youtube.com/watch?v=4mQhgv8RC10
유즈하 리코 YUZUHA RIKO,강지,3기생들은 요즘 왜 이럴까,2026-01-12,https://www.youtube.com/watch?v=t3w57Kno6-s
플레임[이호종],강소연 Youtube,나만 친구라고 생각했나...?,2026-01-12,https://www.youtube.com/watch?v=wjTuBgNRFEQ
1분마뫄,"쫀득TV, 코렛트YouTube",광고주님도 인정한 힐링캠프 코렛트 ㅋㅋㅋㅋㅋ,2026-01-12,https://www.youtube.com/watch?v=dxXq29IYsro
다주,"양띵 유튜브, 삼식, 서넹, 후추, 콩콩이다",요즘 핫한 Ai 맞추기 했는데 세상이 말세다,2026-01-12,https://www.youtube.com/watch?v=rKTHQrkxohY
텐코 시부키 TENKO SHIBUKI,강지,새해 첫날 사장님한테 반말하기,2026-01-12,https://www.youtube.com/watch?v=P2ZsJv-o9xo
나나양,탬탬버린,[공겜동 신년 마니또] 2화: 마니또가 아니라 암살자 탬탬버린,2026-01-12,https://www.youtube.com/watch?v=geTvvpgvu0c
멋사유튜브,"강지, Youtube고차비, 삼식, 빅헤드",그러니까 저는 운영자가 아니라니까요...,2026-01-12,https://www.youtube.com/watch?v=5MMBZtFpTxY
동수칸TV,삼식,버스충 한삼식 vs 성장한 한동숙,2026-01-12,https://www.youtube.com/watch?v=hAeY9tAP3Cc
채현찌,쫀득TV,개쳐망한 두바이쫀득김밥 쿡방,2026-01-12,https://www.youtube.com/watch?v=VSGlfqbgWoc
후추,강지,다시는 나무박이를 무시하지않겠습니다.#shorts #강지 #공책서버,2026-01-12,https://www.youtube.com/watch?v=YEEPeXbwAKQ
채현찌,"탬탬버린, 다주, 플레임[이호종]",사회부적응자 아닌데...,2026-01-13,https://www.youtube.com/watch?v=S-ibF8KJCyE
끠끼,"수탉, 머독",역대급 '대환장' 영상ㅋㅋㅋㅋㅋㅋㅋㅋㅋㅋㅋ,2026-01-13,https://www.youtube.com/watch?v=46NwA5tsXcI
강지,악녀,짱친에게 방송중이라고 말하면 안 되는 이유 #강지 #악녀 #감자툰,2026-01-13,https://www.youtube.com/watch?v=C7wkIBmICzQ
태경 TV,쁘허,몇년전 맵을 만들며 고생하던 쁘허를 위해 달달한 멘트를 준비한 태경 ㄱ- (로블록스),2026-01-13,https://www.youtube.com/watch?v=T-yiMqVH9Zs
시라유키 히나 SHIRAYUKI HINA,"네네코 마시로 NENEKO MASHIRO, 텐코 시부키 TENKO SHIBUKI",온도 차이가 너무 심해요............ #cartoon #comic #vtuber #shorts,2026-01-13,https://www.youtube.com/watch?v=L56RIDsh2Ro
다주,"양띵 유튜브, 삼식, 서넹, 후추, 콩콩이다",직접 만든 두쫀쿠 반응은?,2026-01-13,https://www.youtube.com/watch?v=htIsDJlZqgk
뇨롱이_YouTube,"양아지, 미녕이데려오깨",'양아지 x 미녕이'와 함께하는 으흐흐 토크,2026-01-13,https://www.youtube.com/watch?v=Eveu23zGNjU
탬탬버린,아오쿠모 린 AOKUMO RIN,【 탬탬버린 】 - 히든을 찾다가 돌아버린 요리사들은 라이오스를 죽이기로 결심했다 (멋사공책RPG 4편),2026-01-13,https://www.youtube.com/watch?v=X529RuzylZA
장마군,러끼,120만원 받고 스트리머 코스프레까지 해야된다고...?,2026-01-13,https://www.youtube.com/watch?v=-h0ZdijiFSc
중력유튜브,"너불, 핑맨",[마크에이지 리턴즈3 2회차] 쌌다.,2026-01-13,https://www.youtube.com/watch?v=Ua2974RSlxw
루태TV,"양띵 유튜브, 삼식, 서넹, 후추, 콩콩이다, 다주",캣질라,2026-01-13,https://www.youtube.com/watch?v=-KxV3s-PvwI
1분마뫄,코렛트YouTube,힐캠 최고의 샌드백 코렛트 때리기 ㅋㅋㅋㅋㅋ,2026-01-14,https://www.youtube.com/watch?v=QwzMVu7GCmY
연비니,"라디유, 유콘",삐... 삐약이가...,2026-01-14,https://www.youtube.com/watch?v=6oaOpKNlCd8
삼식,다주,두쫀쿠가 막 입안에서,2026-01-14,https://www.youtube.com/watch?v=W0liJJ4LtBM
여까네 유튜브,이무지,이무지는 조카야.. 무 지 조 카  |  여까 라디오 하이라이트,2026-01-14,https://www.youtube.com/watch?v=vubIS1yHe50
악어 유튜브,"너불, 핑맨, 중력유튜브, 만득유튜브, 수닝유튜브",아..때려치울까?｜맹든링 EP.9,2026-01-14,https://www.youtube.com/watch?v=oG3qqdw7jhQ
희지,앵보,미츄 막내 레전드 MZ행동,2026-01-14,https://www.youtube.com/watch?v=jc0YAc-Tr1E
하나코 나나 HANAKO NANA,백곰파,스님에게서 강한 동질감이 느껴지는데요?,2026-01-14,https://www.youtube.com/watch?v=oY69517yXj4
루태TV,"양띵 유튜브, 삼식, 서넹, 후추, 콩콩이다, 다주",닥터 옥토퍼스,2026-01-14,https://www.youtube.com/watch?v=UlbSIzj_u_4
따효니DDaHyoNi,인간젤리,하드코어 엔더드래곤 런 : 3 원정대 9,2026-01-14,https://www.youtube.com/watch?v=l_aQz0fpyCI
나나양,탬탬버린,[공겜동 신년 마니또] 3화: 벌칙은 탬탬버린이 받는데 상처는 왜 내가...,2026-01-14,https://www.youtube.com/watch?v=tBCjS5GWuFE
이초홍,"YouTube지누, 김뿡, 연비니, 뇨롱이_YouTube",누렁이 아니라 뇨롱인데요#이초홍 #뇨롱이 #픽셀네트워크,2026-01-15,https://www.youtube.com/watch?v=U46JBJ-rDYQ
태경 TV,쁘허,쁘허 몰래 왕창 현질했는데 오히려 칭찬을?! 드디어 봉인 해제된 태경 ㅋㅋㅋ (로블록스),2026-01-15,https://www.youtube.com/watch?v=7LfAH9sJ4V0
아오쿠모 린 AOKUMO RIN,"텐코 시부키 TENKO SHIBUKI, 유즈하 리코 YUZUHA RIKO, 하나코 나나 HANAKO NANA",[속보],2026-01-15,https://www.youtube.com/watch?v=_viZ8BX9pr0
중력유튜브,"너불, 핑맨",추억은 엘소드와 함께..,2026-01-15,https://www.youtube.com/watch?v=LxLZO6rCS7I
꼬예유 & 한예찬의 게임저장소,조밈,마크 프로게이머!? 쇼츠의 황제 *조밈* 님에게 철퇴를 배워보자!,2026-01-15,https://www.youtube.com/watch?v=iIClpq8UbTc
멋사유튜브,"강지, Youtube고차비",이나이에 육아라니...,2026-01-15,https://www.youtube.com/watch?v=zKv0LfY2iIQ
실프,김뚜띠,번호 유출,2026-01-15,https://www.youtube.com/watch?v=qrmuF2HxIZI
푸린,"아구이뽀 A924, 왈도쿤",고인물이 뉴비 괴롭히는 방법ㅋㅋ,2026-01-15,https://www.youtube.com/watch?v=RKoqB2_2AiA
따효니DDaHyoNi,인간젤리,하드코어 엔더드래곤 런 : 3 원정대 10,2026-01-15,https://www.youtube.com/watch?v=NvvtdBpBK3Q
루태TV,"양띵 유튜브, 삼식, 서넹, 후추, 콩콩이다, 다주",스틱맨,2026-01-15,https://www.youtube.com/watch?v=dXlbe-05EW8
따효니DDaHyoNi,인간젤리,하드코어 엔더드래곤 런 : 3 원정대 11,2026-01-15,https://www.youtube.com/watch?v=7-1EiW9sGNg
악어 유튜브,"너불, 핑맨, 중력유튜브, 만득유튜브, 수닝유튜브",나쁜말을 하면 죽는 세상 #shorts,2026-01-15,https://www.youtube.com/watch?v=Ou-uS3Ca_qQ
악어 유튜브,"너불, 핑맨, 중력유튜브, 만득유튜브, 수닝유튜브",사신수는 얼마나 강할까?｜마크에이지 리턴즈3 사신수 무기테스트,2026-01-15,https://www.youtube.com/watch?v=QZ4dG6urzAs
악어 유튜브,"너불, 핑맨, 중력유튜브, 만득유튜브, 수닝유튜브",마크에이지 리턴즈3 새로운 길 7회차 2부 | 악어 마인크래프트 M.C.Age Returns 3,2026-01-16,https://www.youtube.com/watch?v=F4fdAEcPr1U
따효니DDaHyoNi,인간젤리,하드코어 엔더드래곤 런 : 3 원정대 12,2026-01-16,https://www.youtube.com/watch?v=sr3OXZOmXXU
강소연 Youtube,후추,"물에 떠있는 후추를 이동시키는 초능력, 이것이 '과학'이다!",2026-01-16,https://www.youtube.com/watch?v=MCOs9XgFopI
플레임[이호종],강소연 Youtube,믿힌 돌던져 [하드코어 엔더런],2026-01-16,https://www.youtube.com/watch?v=flogQRhLFIA
너불,아야츠노 유니 AYATSUNO YUNI,너한테는 안 좋은 날,2026-01-16,https://www.youtube.com/watch?v=vDoIWostngk
따효니DDaHyoNi,인간젤리,하드코어 엔더드래곤 런 : 3 원정대 13,2026-01-16,https://www.youtube.com/watch?v=8jB9KCRaPVk
희지,위도 W2RDØ,미츄에 돌고 있는 역병,2026-01-16,https://www.youtube.com/watch?v=yK8SPJWezgc
다주,"양띵 유튜브, 삼식, 서넹, 후추, 콩콩이다",흑백요리사2 왜이렇게 재미있나요?,2026-01-16,https://www.youtube.com/watch?v=z8FtNRmc8YI
태경 TV,쁘허,나랑 하고싶은거 뭐냐고 물어봤는데 라이벌이라네요.. 눈치없는 쁘허 참교육 갈게요 (로블록스),2026-01-16,https://www.youtube.com/watch?v=gCaeLheJmT0
코아 TV,라디유,♥️라디유&쵸쵸우♥️둘 손 잡고 행복한 힐링세상으로 떠났습니다 ㅋㅋㅋ,2026-01-16,https://www.youtube.com/watch?v=hFMxD09M3G8
이초홍,"YouTube지누, 김똘복, 설백, 연비니",그 얼굴로 19세라고?,2026-01-16,https://www.youtube.com/watch?v=imEddXKCijU
레드,콩콩이다,"오늘도 이 TRPG 파티는 평화롭습니다 [독스프 3화] (w. 니야, 아야, 콩콩)",2026-01-16,https://www.youtube.com/watch?v=NJvIvn-z2A4
텐코 시부키 TENKO SHIBUKI,강지,강(지)행(복)해야해,2026-01-16,https://www.youtube.com/watch?v=5NXFiMTUHNg
짬타수아,계화,계화탕 그만먹고 싶어요 이모어...,2026-01-16,https://www.youtube.com/watch?v=DlcuRrXFrIc
루태TV,"양띵 유튜브, 삼식, 서넹, 후추, 콩콩이다, 다주",슛,2026-01-16,https://www.youtube.com/watch?v=_6D9mRL6Sww
시라유키 히나 SHIRAYUKI HINA,아라하시 타비 ARAHASHI TABI,나 뿔 뿌러질 거야!!!!!!! #cartoon #comic #vtuber #shorts,2026-01-16,https://www.youtube.com/watch?v=murMxcccIyI
서넹,양띵 유튜브,똥머리 가발 머리 왜 이럼?,2026-01-16,https://www.youtube.com/watch?v=44C-Hnv65qQ
여까네 유튜브,이무지,스트리머 평균 건강 상태  |  여까 라디오 하이라이트,2026-01-16,https://www.youtube.com/watch?v=SOoj5fbAbTc
악어 유튜브,"너불, 핑맨, 중력유튜브, 만득유튜브, 수닝유튜브",마크에이지 리턴즈3 새로운 길 7회차 1부 | 악어 마인크래프트 M.C.Age Returns 3,2026-01-16,https://www.youtube.com/watch?v=bXnuBnOcFQE
하나코 나나 HANAKO NANA,강지,"부키 오빠, 나야 리코야???",2026-01-17,https://www.youtube.com/watch?v=uRBW-76Ht2c
이춘향,"탬탬버린, 코렛트YouTube",갑자기 탬탬버린에게 고백 공격을 하는 코렛트,2026-01-17,https://www.youtube.com/watch?v=b1MdtFHE3c8
아카네 리제 AKANE LIZE,"김똘복, Youtube고차비, 백곰파",누구 닮아서 이럴까~요? [멋사공책 RPG - 4화],2026-01-17,https://www.youtube.com/watch?v=3lTC_SlV97k
악어 유튜브,"너불, 핑맨, 중력유튜브, 만득유튜브, 수닝유튜브",마크에이지 리턴즈3 불가피한 선택의 순간 7회차 3부 | 악어 마인크래프트 M.C.Age Returns 3,2026-01-17,https://www.youtube.com/watch?v=rKzGrc8L4Y4
유즈하 리코 YUZUHA RIKO,양아지,퍼리 좋아...!,2026-01-17,https://www.youtube.com/watch?v=lI_uunumPZ4
루태TV,"양띵 유튜브, 삼식, 서넹, 후추, 콩콩이다, 다주",꿀꺽,2026-01-17,https://www.youtube.com/watch?v=Ka6GL2ZsVu4
시라유키 히나 SHIRAYUKI HINA,"아라하시 타비 ARAHASHI TABI, 사키하네 후야 SAKIHANE HUYA, 텐코 시부키 TENKO SHIBUKI",아이돌의 고품격 대화 모음집,2026-01-17,https://www.youtube.com/watch?v=G3jUfnMgbrI
채현찌,너불,여캠포기선언,2026-01-17,https://www.youtube.com/watch?v=jpJuljeOQDk
악어 유튜브,"너불, 핑맨, 중력유튜브, 만득유튜브, 수닝유튜브",상온초전도체 #shorts,2026-01-17,https://www.youtube.com/watch?v=7TfVRpWrgXo
다주,"양띵 유튜브, 삼식, 서넹, 후추, 콩콩이다",다주 핫클립 모음집! 날 놔라!!!!!! 서새봄!!!!,2026-01-17,https://www.youtube.com/watch?v=-Ii46h8n6BE
하지유,"미녕이데려오깨, 앵보",그거 어떻게 하는 건데,2026-01-17,https://www.youtube.com/watch?v=d2RCjAMkbFU
서넹,"양띵 유튜브, 후추, 다주",이 오빠는 힐링게임에서도...여미새 후추🤦🏻‍♀️ [두근두근 타운 w.양띵크루],2026-01-17,https://www.youtube.com/watch?v=uWIqv5kKOjo
1분마뫄,강지,역대급 강지 편애컵 ㅋㅋㅋㅋㅋ,2026-01-17,https://www.youtube.com/watch?v=xHFQGG-dVQo
여까네 유튜브,"델로략국, 이무지",첫만남에 탱킹하는 김영규 씨  |  여까 라디오 하이라이트,2026-01-17,https://www.youtube.com/watch?v=UqR9E06w0jE
따효니DDaHyoNi,인간젤리,"목숨 3개로 마크에서 살아남기 ㅣ마인크래프트 3원정대 (w.룩삼,소우릎,인간젤리)",2026-01-17,https://www.youtube.com/watch?v=SKeqo-9DmEg
강지,Youtube고차비,ㄴ... 내 딸 아니야...!,2026-01-17,https://www.youtube.com/watch?v=gMgACYJdasA
중력유튜브,"너불, 핑맨",[맹든링 EP.3] 최초업적달성자,2026-01-17,https://www.youtube.com/watch?v=l4DD9P-zaIk
따효니DDaHyoNi,인간젤리,하드코어 엔더드래곤 런 : 3 원정대 14,2026-01-17,https://www.youtube.com/watch?v=ptUy1ozp5tA
악어 유튜브,"너불, 핑맨, 중력유튜브, 만득유튜브, 수닝유튜브",마크에이지 리턴즈3 불가피한 선택의 순간 7회차 4부 (완결) | 악어 마인크래프트 M.C.Age Returns 3,2026-01-17,https://www.youtube.com/watch?v=quRr48oW54M
루태TV,"양띵 유튜브, 삼식, 서넹, 후추, 콩콩이다, 다주",도플갱어,2026-01-18,https://www.youtube.com/watch?v=RpYwT1vSxYA
나나양,탬탬버린,탬탬버린 새해 덕담 매드무비,2026-01-18,https://www.youtube.com/watch?v=_X23UAr8sMQ
나나양,탬탬버린,거기서 거기인 애들의 말싸움,2026-01-18,https://www.youtube.com/watch?v=v-8n_ak8yyk
쌍튜브,강소연 Youtube,강쌍소의 오합지졸 좀비 학살 대작전 [좀보이드 : 좀비 킬 챌린지],2026-01-18,https://www.youtube.com/watch?v=Qo_amfJNmO0
푸린,"아구이뽀 A924, 악녀, 왈도쿤","푸린,왈도쿤 드디어 죽다.",2026-01-18,https://www.youtube.com/watch?v=j40nRmW_Jwg
멋사유튜브,"강지, Youtube고차비, 댕균",엄마는 늘 그런식이야!!,2026-01-18,https://www.youtube.com/watch?v=wtO7h6zrwNQ
악어 유튜브,"너불, 핑맨, 중력유튜브, 만득유튜브, 수닝유튜브",혈기왕성한 나이😏｜늪지대 노가리,2026-01-18,https://www.youtube.com/watch?v=92lyAwjbm64
시라유키 히나 SHIRAYUKI HINA,"아라하시 타비 ARAHASHI TABI, Youtube고차비",나도 산타복 볼래 #cartoon #comic #vtuber #shorts,2026-01-18,https://www.youtube.com/watch?v=Md_betPuYcI
아카네 리제 AKANE LIZE,"강지, 금휘, 백곰파",엄마가 뭘 알아! 아무것도 모르면서! [멋사공책 RPG - 5화 完],2026-01-18,https://www.youtube.com/watch?v=69L9uh-GXpk
다주,"양띵 유튜브, 삼식, 서넹, 후추, 콩콩이다",양띵크루와 힐링은 존재하는 거였나?,2026-01-18,https://www.youtube.com/watch?v=G_4i8VUj5AM
여까네 유튜브,왈도쿤,유료 가슴 |  여까 라디오 하이라이트,2026-01-18,https://www.youtube.com/watch?v=Qd7Xjao_f_Y
따효니DDaHyoNi,인간젤리,하드코어 엔더드래곤 런 : 3 원정대 15,2026-01-18,https://www.youtube.com/watch?v=65T_3gJan5o
서넹,"양띵 유튜브, 후추, 다주",가족같은 양띵크루의 얼평 타임 ^^,2026-01-18,https://www.youtube.com/watch?v=ZeFBvOcro6A
연비니,YouTube지누,마인크래프트 너무 어려워요ㅠ,2026-01-19,https://www.youtube.com/watch?v=8DwBTOOVVEo
루태TV,"양띵 유튜브, 삼식, 서넹, 후추, 콩콩이다, 다주",당구,2026-01-19,https://www.youtube.com/watch?v=ZORQJW4_6Cg
강소연 Youtube,플레임[이호종],마인크래프트 하드코어 엔더런 지옥의 시작..,2026-01-19,https://www.youtube.com/watch?v=pMODBv9EcB0
중력유튜브,"너불, 핑맨",전금례 등장? | 두근두근타운,2026-01-19,https://www.youtube.com/watch?v=ONegqFQxBa8
따효니DDaHyoNi,인간젤리,하드코어 엔더드래곤 런 : 3 원정대 17,2026-01-19,https://www.youtube.com/watch?v=SSwieJi6B5g
치킨쿤,양아지,마크서버에서 울고있는 스트리머 도와주기 (멋공알서버),2026-01-19,https://www.youtube.com/watch?v=P7A1B7_paGY
1분마뫄,치킨쿤,치킨쿤에게 하드코어엔더런 지목당한 마뫄,2026-01-19,https://www.youtube.com/watch?v=KFALjy9XYzA
뇨롱이_YouTube,"YouTube지누, 김뿡",뒤에서 자꾸 귀신 소리가 나요... 【픽셀 공포게임】,2026-01-19,https://www.youtube.com/watch?v=Iota56ECEjk
따효니DDaHyoNi,인간젤리,하드코어 엔더드래곤 런 : 3 원정대 16,2026-01-19,https://www.youtube.com/watch?v=-2Fk6qw3fQ0
다주,"양띵 유튜브, 삼식, 서넹, 후추, 콩콩이다",예쁜 사람이 만들면 더 맛있는 두쫀쿠,2026-01-19,https://www.youtube.com/watch?v=_6jzNrADfsc
탬탬버린,이춘향,【 탬탬버린 】 - 아니 근데 이건 이춘향이 AI라서 가능한거자나!!!!!!!!!!,2026-01-19,https://www.youtube.com/watch?v=N5kAp3lCW2g
악어 유튜브,"너불, 핑맨, 중력유튜브, 만득유튜브, 수닝유튜브",나의 작은 너불이｜빵을 가지고 튀어라 : 커플 특집,2026-01-19,https://www.youtube.com/watch?v=Jzg-9Q0lbAc
시라유키 히나 SHIRAYUKI HINA,강지,숨겨?왔던? 사장님의 진심 #vtuber #shorts,2026-01-19,https://www.youtube.com/watch?v=89DJ89v6luw
아카네 리제 AKANE LIZE,"금휘, 백곰파",국가권력급 동탄 미시 #vtuber #shorts,2026-01-20,https://www.youtube.com/watch?v=TWPi2klNO3I
강소연 Youtube,플레임[이호종],정신이 혼미해져가는 마크 하드코어 엔더런ㅋㅋㅋㅋㅋ,2026-01-20,https://www.youtube.com/watch?v=Dq_feOBrPwI
시라유키 히나 SHIRAYUKI HINA,"아라하시 타비 ARAHASHI TABI, 하나코 나나 HANAKO NANA, Youtube고차비",고상한 회식에 개초딩 등쟝.,2026-01-20,https://www.youtube.com/watch?v=NmwbFwPorQ8
유즈하 리코 YUZUHA RIKO,탬탬버린,언니잖아 왜 그래,2026-01-20,https://www.youtube.com/watch?v=3skJO6eYZUg
루태TV,"양띵 유튜브, 삼식, 서넹, 후추, 콩콩이다, 다주",스타,2026-01-20,https://www.youtube.com/watch?v=Z_mU_agx6XE
유콘,"쁘허, 꽃핀",유콘이 꽃핀 유튜브 썸네일러를 그만둔 진짜 이유?!💦,2026-01-20,https://www.youtube.com/watch?v=_KxejaJFPBI
아오쿠모 린 AOKUMO RIN,"아카네 리제 AKANE LIZE, 시라유키 히나 SHIRAYUKI HINA, 네네코 마시로 NENEKO MASHIRO, 텐코 시부키 TENKO SHIBUKI, 유즈하 리코 YUZUHA RIKO, 하나코 나나 HANAKO NANA",지 두눈으로 똑똑히 봤구먼유!,2026-01-20,https://www.youtube.com/watch?v=Jk8rgQk77o8
태경 TV,쁘허,부릉부릉이 아닌 이젠 따르릉따르릉 이네요 쁘허랑 자전거 데이트를 하려는데..쓰나미?! (로블록스),2026-01-20,https://www.youtube.com/watch?v=UurhoarDaYs
류으미,김똘복,스트리머들의 연애이야기,2026-01-20,https://www.youtube.com/watch?v=s3d-Noed9k0
따효니DDaHyoNi,인간젤리,하드코어 엔더드래곤 런 : 3 원정대 18,2026-01-20,https://www.youtube.com/watch?v=dYXsKPA_InM
다주,"양띵 유튜브, 삼식, 서넹, 후추, 콩콩이다",일단 느껴,2026-01-20,https://www.youtube.com/watch?v=WzbIAtCh3Gw
악어 유튜브,"너불, 핑맨, 중력유튜브, 만득유튜브, 수닝유튜브",굿바이 맹든링｜맹든링 EP.10,2026-01-20,https://www.youtube.com/watch?v=eC_YjPSTTyE
따효니DDaHyoNi,인간젤리,하드코어 엔더드래곤 런 : 3 원정대 19,2026-01-20,https://www.youtube.com/watch?v=ZShBEXTmFgw
푸린,"아구이뽀 A924, 왈도쿤",비명 지르면 죽는 공포게임 이거 깰 수 있는거 맞아..?,2026-01-21,https://www.youtube.com/watch?v=DvSL1t5teU4
Hyang Ah Chi 향아치,러끼,조선시대 출신인 나보다 더 연상이 살아있다고?,2026-01-21,https://www.youtube.com/watch?v=zFSjX459iZQ
삐부찡,"꽃핀, 앵보",일주일서버에 주간퀘가 있다고? #삐부 #게임 #앵보 #꽃핀 #short #멋사rpg,2026-01-21,https://www.youtube.com/watch?v=IBushQ193L8
치킨쿤,러너,러너 리그 제발 불러만 주세요(선수로만),2026-01-21,https://www.youtube.com/watch?v=W_AqnD7q5hE
중력유튜브,"너불, 핑맨",[맹든링 EP.4] 우리 같은 팀이지...?,2026-01-21,https://www.youtube.com/watch?v=Yqr9ZyEabsE
플레임[이호종],"강소연 Youtube, 순당무",인챈트 6공주 팝업스토어 야방,2026-01-21,https://www.youtube.com/watch?v=aQ0nARZ7qMI
따효니DDaHyoNi,인간젤리,하드코어 엔더드래곤 런 : 3 원정대 21,2026-01-21,https://www.youtube.com/watch?v=5iNqVgVNEJU
아카네 리제 AKANE LIZE,"강지, 백곰파",수상할 정도로 막 대해주면 좋아하는 동생,2026-01-21,https://www.youtube.com/watch?v=qcletr41p1k
따효니DDaHyoNi,인간젤리,하드코어 엔더드래곤 런 : 3 원정대 20,2026-01-21,https://www.youtube.com/watch?v=RU11ph_ri7M
루태TV,"양띵 유튜브, 삼식, 서넹, 후추, 콩콩이다, 다주",닥터피쉬,2026-01-21,https://www.youtube.com/watch?v=lyBSRFZghYo
여까네 유튜브,"델로략국, 이무지",공감의 악마 |  여까 라디오 하이라이트,2026-01-21,https://www.youtube.com/watch?v=-EHucuzRCPY
연비니,"램램, YouTube지누, 설백",지누님 제발 한번만 살려주세요 ㅠㅠ,2026-01-21,https://www.youtube.com/watch?v=ALmdi2JFPZ4
하지유,"연비니, 모아",메이드카페 진상손님,2026-01-21,https://www.youtube.com/watch?v=nQYgm_FdYDs
다주,"양띵 유튜브, 삼식, 서넹, 후추, 콩콩이다",힐링캠프 메이드카페,2026-01-21,https://www.youtube.com/watch?v=nF_MeqkOvB4
강소연 Youtube,플레임[이호종],내가 진짜 미안해.......,2026-01-21,https://www.youtube.com/watch?v=VxQu3zhElSs
악어 유튜브,"너불, 핑맨, 중력유튜브, 만득유튜브, 수닝유튜브",우끼끼!!!ㅣ리그오브레전드,2026-01-21,https://www.youtube.com/watch?v=Hna5VivebZE
후추,삼식,삼식님 역시..ㄱㄱ #공책서버 #삼식,2026-01-21,https://www.youtube.com/watch?v=AwlH-6ZIv7s
루태TV,"양띵 유튜브, 삼식, 서넹, 후추, 콩콩이다, 다주",마크 스타일로 지어줘 2,2026-01-22,https://www.youtube.com/watch?v=3kXFYqqS7NQ
시라유키 히나 SHIRAYUKI HINA,"아라하시 타비 ARAHASHI TABI, Youtube고차비",누가 과일을 구워 먹어요 #cartoon #comic #vtuber #shorts,2026-01-22,https://www.youtube.com/watch?v=cVQiOoq9R3U
악어 유튜브,"너불, 핑맨, 중력유튜브, 만득유튜브, 수닝유튜브",야생 능력자 서바이벌 : 랜덤블럭 특집,2026-01-22,https://www.youtube.com/watch?v=5h2drmJPDd8
악어 유튜브,"너불, 핑맨, 중력유튜브, 만득유튜브, 수닝유튜브",백호 : 얘 믿어도 되나? #shorts,2026-01-22,https://www.youtube.com/watch?v=3MA7tVT0CNM
태경 TV,쁘허,결혼 하자!!,2026-01-22,https://www.youtube.com/watch?v=b4TT2-OCFTI
푸린,쫀득TV,군대 다녀오더니 바로 꽃신 신겨주는 쫀득이ㅋㅋㅋㅋ,2026-01-22,https://www.youtube.com/watch?v=rpSBScvEr48
1분마뫄,빅헤드,전혀 예상하지 못한 춘냐가 부탁한 이유,2026-01-22,https://www.youtube.com/watch?v=QtElCEiaO5E
따효니DDaHyoNi,인간젤리,하드코어 엔더드래곤 런 : 3 원정대 22,2026-01-22,https://www.youtube.com/watch?v=i_a0DHbwwcU
따효니DDaHyoNi,인간젤리,하드코어 엔더드래곤 런 : 3 원정대 23,2026-01-22,https://www.youtube.com/watch?v=OEnnRHZOaSc
조밈,꼬예유 & 한예찬의 게임저장소,조밈 실력 논란 해명합니다..🥲,2026-01-22,https://www.youtube.com/watch?v=u50n_eprLEU
강지,탬탬버린,탬탬버린에게 입양된 나,2026-01-22,https://www.youtube.com/watch?v=X7IGKWnflrE
꼬예유 & 한예찬의 게임저장소,조밈,[조밈 vs 시청자 100명] 마크 프로는 과연 이길 수 있을것인가..!,2026-01-22,https://www.youtube.com/watch?v=v5bx_wjrMgE
여까네 유튜브,앵보,예언자 그롤투탄 마르만 함의 예언┃스포일러가 너무 심한 발더스 게이트 3 하이라이트#1,2026-01-23,https://www.youtube.com/watch?v=ev-4mNxr6rw
멋사유튜브,쫀득TV,치지직 대표 에겐남✨ 멋사가 만드는 두쫀쿠 쿡방🧆,2026-01-23,https://www.youtube.com/watch?v=0exZQ1UfuLk
서넹,양띵 유튜브,마인크래프트 하드코어 깨는 방법 : 가오 빼기,2026-01-23,https://www.youtube.com/watch?v=j1r-ZKM26oc
악어 유튜브,"너불, 핑맨, 중력유튜브, 만득유튜브, 수닝유튜브",늪지대 수장의 마크 실력 #shorts,2026-01-23,https://www.youtube.com/watch?v=VLsPS_3ehI0
아오쿠모 린 AOKUMO RIN,"사키하네 후야 SAKIHANE HUYA, 유즈하 리코 YUZUHA RIKO",거짓말 같니?,2026-01-23,https://www.youtube.com/watch?v=bB7cBs-A2cs
실프,너불,진정해 너불아 기업세야,2026-01-23,https://www.youtube.com/watch?v=9MDSEnDp0hc
테스터훈 TesterHoon,"텔론, 밍모, 모아",총상금 1000만원 메이플 대회 시작합니다.. | 켠김에끝까지 with 세글자/청묘/텔론/밍모/김데데/모아재 [테스터훈],2026-01-23,https://www.youtube.com/watch?v=vAx2LO5HwYY
하지유,"세노, 아쿠루 akuru",갑작스러운 패드립,2026-01-23,https://www.youtube.com/watch?v=RJ3hZcxEi-o
따효니DDaHyoNi,인간젤리,하드코어 엔더드래곤 런 : 3 원정대 24,2026-01-23,https://www.youtube.com/watch?v=ajOLAl4kE5E
1분마뫄,빅헤드,라고 할뻔~~,2026-01-23,https://www.youtube.com/watch?v=yxd51i9e1zE
아구이뽀 A924,"푸린, 너불, 채현찌",다시는 요리를 하지 않으려 했건만... [픽셀 요리대회],2026-01-23,https://www.youtube.com/watch?v=ePlrdPWfxYQ
루태TV,"양띵 유튜브, 삼식, 서넹, 후추, 콩콩이다, 다주",댕댕이,2026-01-23,https://www.youtube.com/watch?v=fs9mgGKTF1M
뇨롱이_YouTube,"YouTube지누, 김뿡, 이초홍, 연비니",채현아 어디있니ㅠㅠㅠㅠ 【픽셀 싱크룸】,2026-01-23,https://www.youtube.com/watch?v=fFMi9yBdI80
따효니DDaHyoNi,인간젤리,"마크에서 마피아를 하는 사람들ㅣ마인크래프트 3원정대 (w.룩삼,소우릎,인간젤리)",2026-01-23,https://www.youtube.com/watch?v=sz_gv0Iv0uc
중력유튜브,"너불, 핑맨",[맹든링 EP.5] 악어방위대,2026-01-23,https://www.youtube.com/watch?v=vCXoHDCyyYg
따효니DDaHyoNi,인간젤리,하드코어 엔더드래곤 런 : 3 원정대 25,2026-01-23,https://www.youtube.com/watch?v=WyIkUVoEgrU
태경 TV,쁘허,염장 주의.. 나랑 하고싶은게 뭐야? 3회차 더욱 과감해진 쁘허의 현실갱 -_- (로블록스),2026-01-23,https://www.youtube.com/watch?v=IiNSijEFuhE
악어 유튜브,"너불, 핑맨, 중력유튜브, 만득유튜브, 수닝유튜브",하드코어 엔더런｜늪지대 핫클립,2026-01-23,https://www.youtube.com/watch?v=5qHOT-5UV3c
악어 유튜브,"너불, 핑맨, 중력유튜브, 만득유튜브, 수닝유튜브",늪지대에 적응된 개리,2026-01-23,https://www.youtube.com/watch?v=j6lsgHqA7K8
레드,콩콩이다,"그들의 결말 [TRPG 독스프 4화(完)] (w. 니야, 아야, 콩콩)",2026-01-24,https://www.youtube.com/watch?v=RFMnlnna5a0
태경 TV,쁘허,태경의 모든 말을 알콩달콩으로 알아듣는 쁘허.. 무슨말을 하던 감동?! (로블록스),2026-01-24,https://www.youtube.com/watch?v=wPF0Uap2ERY
따효니DDaHyoNi,인간젤리,하드코어 엔더드래곤 런 : 3 원정대 27,2026-01-24,https://www.youtube.com/watch?v=Av2-tJDK-vQ
1분마뫄,빅헤드,한껏 커여워진 삐부 ㅋㅋㅋㅋㅋ,2026-01-24,https://www.youtube.com/watch?v=st_z44okfx8
후추,양띵 유튜브,당했다... 로맨스 스캠 [ 멋사 공책RPG ],2026-01-24,https://www.youtube.com/watch?v=ykQ6pHLLLgY
따효니DDaHyoNi,인간젤리,하드코어 엔더드래곤 런 : 3 원정대 26,2026-01-24,https://www.youtube.com/watch?v=n724QvP8Mh4
아카네 리제 AKANE LIZE,강지,오늘 분탕 많이 당할 거야 근데 그런 분탕도 필요해,2026-01-24,https://www.youtube.com/watch?v=8yFhr_fTdJM
다주,"양띵 유튜브, 삼식, 서넹, 후추, 콩콩이다",김동현밈 감염당했다,2026-01-24,https://www.youtube.com/watch?v=e6teJUcovdY
악어 유튜브,"너불, 핑맨, 중력유튜브, 만득유튜브, 수닝유튜브",늪지대에서의 마지막 식사,2026-01-24,https://www.youtube.com/watch?v=udnxZ8tMYYo
미녕이데려오깨,양아지,새로 사귄 친구한테 저질러버렸다..❤️,2026-01-24,https://www.youtube.com/watch?v=QPtrWV0CN-s
순당무,압둘알리과로사,ㅋㅋㅋㅋㅋㅋㅋㅋㅋㅋㅋㅋㅋㅋㅋㅋㅋㅋㅋㅋㅋㅋㅋㅋ 과로사 마크 하코런 따따따따따잇~!!!!!!!!,2026-01-24,https://www.youtube.com/watch?v=3xJC_9Lqe3k
강소연 Youtube,플레임[이호종],내가 악질이 돼서 방해해줄게ㅋㅋㅋㅋㅋ,2026-01-24,https://www.youtube.com/watch?v=o7WVlMLUCiE
푸린,"레드, 플레임[이호종]",신들 사이에 내가 있어도 되는걸까..?,2026-01-24,https://www.youtube.com/watch?v=RswHawjwaZc
아야츠노 유니 AYATSUNO YUNI,"강지, 핑맨",똔 피하쟈 ☠️☠️☠️ #스텔라이브 #유니 #stellive,2026-01-24,https://www.youtube.com/watch?v=YBHlpKHMsMM
여까네 유튜브,앵보,이지적이며 냉철한 선성향 바바리안┃ 스포일러가 너무 심한 발더스게이트3 #2,2026-01-24,https://www.youtube.com/watch?v=wRyzDRGJMMo
너불,아야츠노 유니 AYATSUNO YUNI,너도 외노자야?,2026-01-24,https://www.youtube.com/watch?v=ajP2zeh9uaE
루태TV,"양띵 유튜브, 삼식, 서넹, 후추, 콩콩이다, 다주",모드 제작해줘,2026-01-24,https://www.youtube.com/watch?v=Q6eb0-0JfNY
연비니,"김똘복, 이초홍, 설백",우리 오래오래 보는 거다??,2026-01-24,https://www.youtube.com/watch?v=GCv9l4OFQ5k
악어 유튜브,"너불, 핑맨, 중력유튜브, 만득유튜브, 수닝유튜브",먹어주세요,2026-01-25,https://www.youtube.com/watch?v=49a9J1eDfuY
아카네 리제 AKANE LIZE,강지,스텔라이브에 숨겨진 멘헤라 맛집,2026-01-25,https://www.youtube.com/watch?v=1YfD14BiAKw
루태TV,"양띵 유튜브, 삼식, 서넹, 후추, 콩콩이다, 다주",기묘한 이야기3,2026-01-25,https://www.youtube.com/watch?v=9kANKTzYWys
시라유키 히나 SHIRAYUKI HINA,"아라하시 타비 ARAHASHI TABI, 하나코 나나 HANAKO NANA, Youtube고차비",걱정 마 너 또한 수요가 있다.,2026-01-25,https://www.youtube.com/watch?v=MaYtZQsXh08
태경 TV,쁘허,쁘허 돈 뜯기 ㅋㅋ,2026-01-25,https://www.youtube.com/watch?v=zILgT3PUWwY
잠뜰 TV,공룡,공룡은 언제부터 배신자가 되었을까?,2026-01-25,https://www.youtube.com/watch?v=Sr9N8ir5fxc
다주,"양띵 유튜브, 삼식, 서넹, 후추, 콩콩이다",마라...햄버거....?,2026-01-25,https://www.youtube.com/watch?v=quR2drg_emA
아구이뽀 A924,"푸린, 너불, 채현찌",와버린 그녀의 차례... [픽셀 요리대회],2026-01-25,https://www.youtube.com/watch?v=kwn8-3Xq5Ds
아라하시 타비 ARAHASHI TABI,Youtube고차비,차비님 저희 전교 몇 등 같아요??,2026-01-25,https://www.youtube.com/watch?v=aqI0jNpUfy8
따효니DDaHyoNi,인간젤리,하드코어 엔더드래곤 런 : 3 원정대 28,2026-01-25,https://www.youtube.com/watch?v=n8uvYczO_oU
푸린,"YouTube지누, 아구이뽀 A924, 너불, 채현찌",픽셀 요리대회 배신자의 최후...💀,2026-01-26,https://www.youtube.com/watch?v=cfVrtcqtdDY
빅헤드,치킨쿤,【 빅헤드 vs 치킨쿤 】누가 더 X같게 게임하나,2026-01-26,https://www.youtube.com/watch?v=RGGtrzk02pM
루태TV,"양띵 유튜브, 삼식, 서넹, 후추, 콩콩이다, 다주",썰매,2026-01-26,https://www.youtube.com/watch?v=wuajZ66e9OM
임나은,연비니,후배 앞에서 잔뜩 끼부리기... 【스타레조】,2026-01-26,https://www.youtube.com/watch?v=1yL4I57rjAs
너불,악녀,너는 내가 꼬시고 만다,2026-01-26,https://www.youtube.com/watch?v=3kPPkWDHJtg
악어 유튜브,"너불, 핑맨, 중력유튜브, 만득유튜브, 수닝유튜브",아무래도 AI한테 자아가 있는 거 같다..｜신들의 전쟁 AI 특집,2026-01-26,https://www.youtube.com/watch?v=abgA9VZoc-s
연비니,임나은,정말 이런 커마는 참을 수 없어..! [블루 프로토콜: 스타 레조넌스],2026-01-26,https://www.youtube.com/watch?v=hdbsBfmvBeI
강소연 Youtube,플레임[이호종],가스트와의 전쟁,2026-01-26,https://www.youtube.com/watch?v=vT1OBCOW5eo
양띵 유튜브,"삼식, 서넹, 후추, 콩콩이다, 다주",[간식친구] 양띵크루 맏라인 양띵X다주,2026-01-26,https://www.youtube.com/watch?v=8eH8sVehBo0
서넹,양띵 유튜브,서넹 남친 검거,2026-01-26,https://www.youtube.com/watch?v=Zinc6cMpu9s
유즈하 리코 YUZUHA RIKO,"탬탬버린, 이춘향",호칭 정리하는 고아온 #vtuber #shorts #스텔라이브 #리코 #용사툰,2026-01-26,https://www.youtube.com/watch?v=w4VbNafEpIA
일루전 ILLUSION,아이치,※실제상황※ 수위 조절이 불가능한 오버워치 유튜버들의 그림 실력;;; | 빵점크루 갈틱폰,2026-01-26,https://www.youtube.com/watch?v=wRP85m44veM
태경 TV,쁘허,쁘허: 헬프~,2026-01-26,https://www.youtube.com/watch?v=Y-7VDJRCg2A
따효니DDaHyoNi,인간젤리,하드코어 엔더드래곤 런 : 3 원정대 29,2026-01-26,https://www.youtube.com/watch?v=Ol2I74EFmdY
아라하시 타비 ARAHASHI TABI,"강지, Youtube고차비",타비의 시즌 3번째 오열  [공책 RPG -완-],2026-01-27,https://www.youtube.com/watch?v=M0j8_QyK9ek
루태TV,"양띵 유튜브, 삼식, 서넹, 후추, 콩콩이다, 다주",월드 엑스레이,2026-01-27,https://www.youtube.com/watch?v=sfFQOjcQTxY
서넹,양띵 유튜브,두근두근 타운 주차 빌런,2026-01-27,https://www.youtube.com/watch?v=vgP9x1_BkP0
악어 유튜브,"너불, 핑맨, 중력유튜브, 만득유튜브, 수닝유튜브",일본 여행 가서 극대노한 썰 푼다｜늪지대 노가리,2026-01-27,https://www.youtube.com/watch?v=AmreyiXbllI
삐부찡,"나나양, 꽃핀",나나양이랑 맞짱 뜰 뻔했다 #삐부 #픽셀네트워크 #shorts #꽃핀 #샌드박스,2026-01-27,https://www.youtube.com/watch?v=yQAYnlndrzg
하나코 나나 HANAKO NANA,"YouTube지누, 김뿡, 이오몽",사장 사장님에게 분탕용 아이템을 실수로 써버렸다..,2026-01-27,https://www.youtube.com/watch?v=zJZ8__iCuPA
멋사유튜브,"너불, 따효니DDaHyoNi",먹어본 사람만 안다는 멋쫀쿠의 감동,2026-01-27,https://www.youtube.com/watch?v=XkcNMMNemqc
따효니DDaHyoNi,인간젤리,하드코어 엔더드래곤 런 : 3 원정대 31,2026-01-27,https://www.youtube.com/watch?v=cHCGYiWMUfc
다주,"양띵 유튜브, 삼식, 서넹, 후추, 콩콩이다",내가 먹고싶은 흑백요리사 음식은?,2026-01-27,https://www.youtube.com/watch?v=3hTRP7wMv6o
따효니DDaHyoNi,인간젤리,하드코어 엔더드래곤 런 : 3 원정대 30,2026-01-27,https://www.youtube.com/watch?v=AxegqFqhH8o
태경 TV,쁘허,하고싶은거 없어? 물어봤더니..,2026-01-27,https://www.youtube.com/watch?v=HtiQfWAoa2Q
아오쿠모 린 AOKUMO RIN,"사키하네 후야 SAKIHANE HUYA, 유즈하 리코 YUZUHA RIKO",린의 한국어 교실,2026-01-27,https://www.youtube.com/watch?v=oWwC5gTmfrU
임나은,"강지, 너불",구라아님 진짜로!!!!!!!!!,2026-01-27,https://www.youtube.com/watch?v=Uj3rWyyVLDU
양띵 유튜브,"삼식, 서넹, 후추, 콩콩이다, 다주","[💌멤버십 맛보기] 아 킹받네... *눈꽃, 콩콩 시점*",2026-01-27,https://www.youtube.com/watch?v=tcNwgczPIvo
중력유튜브,"너불, 핑맨",박리타 나락?,2026-01-27,https://www.youtube.com/watch?v=t33af6urBFU
서넹,"양띵 유튜브, 아야츠노 유니 AYATSUNO YUNI, 임나은, 핑맨, 삼식, 피닉스박",마크 블럭쟁이는 이게 맞아,2026-01-28,https://www.youtube.com/watch?v=36XkkK8czW4
소니쇼게임방송,금휘,(엄격.근엄.진지) 다들 취향이 확고하구나!!,2026-01-28,https://www.youtube.com/watch?v=twG_PELHABw
태경 TV,쁘허,쁘허를 먹고 거대 괴물 거미로 변하는 게임 ㅋㅋㅋ (로블록스),2026-01-28,https://www.youtube.com/watch?v=-1WCCfjHccQ
태경 TV,쁘허,현실갱 뽀뽀 ㄷㄷㄷㄷㄷㄷㄷㄷㄷㄷ,2026-01-28,https://www.youtube.com/watch?v=diT9sHZXPQo
여까네 유튜브,"왈도쿤, 러너",에이브라함 스메셔..!   |  여까 라디오 하이라이트,2026-01-28,https://www.youtube.com/watch?v=u_Io22SJG8U
양띵 유튜브,"삼식, 서넹, 후추, 콩콩이다, 다주, 루태TV",[양띵이 핵을 쏜다구요...?] - ☢️핵전쟁 RPG #20-4,2026-01-28,https://www.youtube.com/watch?v=yl0LQXSKZqs
Hyang Ah Chi 향아치,러끼,"아, 이것은 교토화법이라는 것이다",2026-01-28,https://www.youtube.com/watch?v=AxVjf1M0khE
아카네 리제 AKANE LIZE,강지,조금만 보는 건 괜찮겠지...?,2026-01-28,https://www.youtube.com/watch?v=AV10GXPEjVY
담유이 DamYui,허니츄러스 HoneyChurros,허니츄러스 언니한테 이상한 게임을 선물받았습니다...,2026-01-28,https://www.youtube.com/watch?v=FU6cRYd_yiM
쫀득TV,임나은,유후가 헤어진 이유=피아노 슈러그,2026-01-28,https://www.youtube.com/watch?v=YJ4DaZFqN9M
쫀득TV,장마군,드디어 내 방송에 출몰한 장마군...,2026-01-28,https://www.youtube.com/watch?v=eVid4fwBj3w
루태TV,"양띵 유튜브, 삼식, 서넹, 후추, 콩콩이다, 다주",영원한 아기,2026-01-28,https://www.youtube.com/watch?v=HlJBFuF1coE
악어 유튜브,"너불, 핑맨, 중력유튜브, 만득유튜브, 수닝유튜브",늪지대 수장의 마크 실력 2,2026-01-28,https://www.youtube.com/watch?v=IfulJOY2buY
악어 유튜브,"너불, 핑맨, 중력유튜브, 만득유튜브, 수닝유튜브",악어가 168cm인 세계관ㅣ리그오브레전드,2026-01-28,https://www.youtube.com/watch?v=0n0QWtIYgxg
조밈,파이브,창 vs 철퇴 😱,2026-01-28,https://www.youtube.com/watch?v=m171Z0Y5Hyc
따효니DDaHyoNi,인간젤리,하드코어 엔더드래곤 런 : 3 원정대 32,2026-01-28,https://www.youtube.com/watch?v=MSV_SZN21Yc
강소연 Youtube,플레임[이호종],가스트 키우기,2026-01-28,https://www.youtube.com/watch?v=Sqows938jDo
따효니DDaHyoNi,인간젤리,하드코어 엔더드래곤 런 : 3 원정대 33,2026-01-28,https://www.youtube.com/watch?v=sFBBIq_ZAiY
다주,"양띵 유튜브, 삼식, 서넹, 후추, 콩콩이다",오랜만에 미용실 갔어요,2026-01-29,https://www.youtube.com/watch?v=2JooVX4exCY
아라하시 타비 ARAHASHI TABI,Youtube고차비,새참 파티 '실제로' 만났습니다!!,2026-01-29,https://www.youtube.com/watch?v=PTiigEqO820
이춘향,"탬탬버린, 서넹, 다주",누가 보면 다른 거는 칭찬 못 받은 줄 알겠어~ (헉),2026-01-29,https://www.youtube.com/watch?v=tokLL0c8Pz4
쫀득TV,장마군,아오오옥 아옥 쫀득이형~ 나 짤려어~,2026-01-29,https://www.youtube.com/watch?v=nJN6gkhOMRE
아구 TV,아구이뽀 A924,'아구이뽀' 스타2 가르치기 ← 이게 사람이냐,2026-01-29,https://www.youtube.com/watch?v=KC1W5la5dfM
쫀득TV,장마군,아오옥~ 쫀득이혀어엉~,2026-01-29,https://www.youtube.com/watch?v=1lPpw5aKjMQ
중력유튜브,"너불, 핑맨",[마크에이지 리턴즈3 3회차] 저 3끼들만 따라가,2026-01-29,https://www.youtube.com/watch?v=kRzCDennvKA
악어 유튜브,"너불, 핑맨, 중력유튜브, 만득유튜브, 수닝유튜브",폭로전 | 늪지대 노가리,2026-01-29,https://www.youtube.com/watch?v=TQbgEx-2Jus
따효니DDaHyoNi,인간젤리,하드코어 엔더드래곤 런 : 3 원정대 35,2026-01-29,https://www.youtube.com/watch?v=pY-3CnOQzGk
아야츠노 유니 AYATSUNO YUNI,쫀득TV,【핫클립】두바이 쫀득 먹금하기 (......),2026-01-29,https://www.youtube.com/watch?v=dVIv9PqQlzQ
탬탬버린,강지,【 탬탬버린 】 - 강지가 초대해 줘서 스텔라이브 콘서트에 다녀온 나 가자마자 길을 잃어 버렸다.,2026-01-29,https://www.youtube.com/watch?v=xy0HOS1MMhk
루태TV,"양띵 유튜브, 삼식, 서넹, 후추, 콩콩이다, 다주",수인,2026-01-29,https://www.youtube.com/watch?v=X3XD88pIm3A
여까네 유튜브,왈도쿤,엔드필드는 이터널 리턴의 제자 같은 거지? 역시 닮은 구석이 있어  |  여까 라디오 하이라이트,2026-01-29,https://www.youtube.com/watch?v=FOBF2tZ2B7E
따효니DDaHyoNi,인간젤리,하드코어 엔더드래곤 런 : 3 원정대 34,2026-01-29,https://www.youtube.com/watch?v=8bTAOGkU7Aw
양띵 유튜브,"삼식, 서넹, 후추, 콩콩이다, 다주, 루태TV",[쏴!!! 이어서 계속 쏴!!!!] - ☢️핵전쟁 RPG #20-5,2026-01-29,https://www.youtube.com/watch?v=1rJhA4GqVEE
아오쿠모 린 AOKUMO RIN,아라하시 타비 ARAHASHI TABI,집 안에서 4명이서..,2026-01-30,https://www.youtube.com/watch?v=GZugMd8Mny4
서넹,양띵 유튜브,쿠팡에서 반품된 틴트가 왔어요...😥,2026-01-30,https://www.youtube.com/watch?v=wz712fJyAOY
따효니DDaHyoNi,인간젤리,하드코어 엔더드래곤 런 : 3 원정대 37,2026-01-30,https://www.youtube.com/watch?v=Ice0jxWIOKs
하지유,"미녕이데려오깨, 앵보",지옥으로 레츠고,2026-01-30,https://www.youtube.com/watch?v=GcXsuI1DW5c
인간젤리,따효니DDaHyoNi,1.2억 글로벌 청춘들이 선택한 깊이있는 스토리..보다 SSR 3% 뽑기 드가자! With 따효니 [DX:각성자들],2026-01-30,https://www.youtube.com/watch?v=WzYwO8Y224s
악어 유튜브,"너불, 핑맨, 중력유튜브, 만득유튜브, 수닝유튜브",마크에이지 리턴즈3 사흉수의 각성 8회차 2부 | 악어 마인크래프트 M.C.Age Returns 3,2026-01-30,https://www.youtube.com/watch?v=G5aPU3puV1M
다주,"양띵 유튜브, 삼식, 서넹, 후추, 콩콩이다",제 꿈은 건물주? 아니 공장주,2026-01-30,https://www.youtube.com/watch?v=LwwdRuT7ehQ
강지,YouTube지누,사장님의 호출이 두려운 이유,2026-01-30,https://www.youtube.com/watch?v=EBnJ8Lq3O3M
희지,앵보,앵보선배 되게 소박하당ㅋ | 마크 미츄서버,2026-01-30,https://www.youtube.com/watch?v=9ZFkttkud2Y
이초홍,"연비니, 뇨롱이_YouTube",내 동생 티뭉,2026-01-30,https://www.youtube.com/watch?v=Cs4wvYUlxaA
따효니DDaHyoNi,인간젤리,하드코어 엔더드래곤 런 : 3 원정대 36,2026-01-30,https://www.youtube.com/watch?v=3Gjp-ETK1mA
양띵 유튜브,"삼식, 서넹, 후추, 콩콩이다, 다주, 루태TV",[회차가 여기서 끝나지 않을 수가 있다...!] - ☢️핵전쟁 RPG #20-6,2026-01-30,https://www.youtube.com/watch?v=8qayZkS6kmE
류으미,"악녀, 라디유",4년만에 돌아온【류악투라 】그 첫 영상을 공개합니다,2026-01-30,https://www.youtube.com/watch?v=GcRlmw5HuEQ
위도 W2RDØ,이오몽,이오몽이 미쳤다💥 (각오함),2026-01-30,https://www.youtube.com/watch?v=joTtfSZ_rbs
루태TV,"양띵 유튜브, 삼식, 서넹, 후추, 콩콩이다, 다주",바이러스 2,2026-01-30,https://www.youtube.com/watch?v=TAOyZ7-z_AU
쫀득TV,장마군,초거대 장마군님과 촉각슈트 첫 방 송 ♡,2026-01-30,https://www.youtube.com/watch?v=mFCDQ7kGUzs
악어 유튜브,"너불, 핑맨, 중력유튜브, 만득유튜브, 수닝유튜브",마크에이지 리턴즈3 사흉수의 각성 8회차 1부 | 악어 마인크래프트 M.C.Age Returns 3,2026-01-30,https://www.youtube.com/watch?v=PZBVIjJFRKs
쫀득TV,장마군,촉각 슈트 입은 레제육 장마군의 IRIS OUT,2026-01-30,https://www.youtube.com/watch?v=K02Z9_X3bf0
나나양,실프,넷이서 픽셀 방탈출 카페 다녀왔습니다,2026-01-30,https://www.youtube.com/watch?v=eKhORNUkOVo
모아,세노,"【개웃김주의】아씨 왜 또 ""티라노""가 나와..!!🦖 (w.배비꼬, 세노, 무룩)",2026-01-30,https://www.youtube.com/watch?v=1V8WuGXglW0
중력유튜브,"너불, 핑맨",[맹든링 EP.6] 어떠한 자가 있었다...,2026-01-30,https://www.youtube.com/watch?v=tggGUOPiSY8
태경 TV,쁘허,오늘은 싸우지 말고 협동하자.. 쁘허 위에 올라타버린 태경 ㅋㅋㅋ (로블록스),2026-01-30,https://www.youtube.com/watch?v=_TleSHhpDU8
쫀득TV,금휘,우리 살쪘다 금휘야ㅋㅋ,2026-01-31,https://www.youtube.com/watch?v=Hhw1d1ZKJJs
끠끼,감블러,초면인 대선배님한테 '기습 무례' 저지르기🔥,2026-01-31,https://www.youtube.com/watch?v=eVm5rEQCkHM
라디유,Hyang Ah Chi 향아치,향아치랑 싸우는 AI버튜버 라디안※디안이 첫 외부합방※,2026-01-31,https://www.youtube.com/watch?v=pKKF3V3fONQ
아카네 리제 AKANE LIZE,강지,2기생 군기반장 정리제,2026-01-31,https://www.youtube.com/watch?v=qKzsjwJDIyM
루태TV,"양띵 유튜브, 삼식, 서넹, 후추, 콩콩이다, 다주",리미트 해제,2026-01-31,https://www.youtube.com/watch?v=L4fglSE5IwU
따효니DDaHyoNi,인간젤리,"제발 지옥 같은 이곳에서 우릴 꺼내줘ㅣ마인크래프트 3원정대 (w.룩삼,소우릎,인간젤리)",2026-01-31,https://www.youtube.com/watch?v=Is6CQuCHV0M
연비니,"라디유, 유콘",살아있는게 다행인 친구들....!,2026-01-31,https://www.youtube.com/watch?v=HmM1zXcVn6I
마젯 Mazet,"이오몽, 미녕이데려오깨, 위도 W2RDØ",야 이 김미녕 대가리 악세사리X아!!!!!!!!【WASD】,2026-01-31,https://www.youtube.com/watch?v=N41_bQeSE3o
여까네 유튜브,델로략국,꿈속의 사이코패스 김여까  |  여까 라디오 하이라이트,2026-01-31,https://www.youtube.com/watch?v=uOY77wheomU
양띵 유튜브,"삼식, 서넹, 후추, 콩콩이다, 다주, 루태TV",🥶극한 추위에서 살아남기🥶 - 윈터 서바이벌 #1,2026-01-31,https://www.youtube.com/watch?v=uDkcd-n_dyY
악어 유튜브,"너불, 핑맨, 중력유튜브, 만득유튜브, 수닝유튜브",마크에이지 리턴즈3 최강자를 가리는 토너먼트 8회차 4부 (완결) | 악어 마인크래프트 M.C.Age Returns 3,2026-01-31,https://www.youtube.com/watch?v=jc5XHkG9Lt0
따효니DDaHyoNi,인간젤리,하드코어 엔더드래곤 런 : 3 원정대 38,2026-01-31,https://www.youtube.com/watch?v=pe9ISaFV0Kk
중력유튜브,"너불, 핑맨",[마크에이지 리턴즈3 4회차] 김수닝 Tl봉ㄴ 배신을해?!?!,2026-01-31,https://www.youtube.com/watch?v=8KkPI8SLluo
악어 유튜브,"너불, 핑맨, 중력유튜브, 만득유튜브, 수닝유튜브",마크에이지 리턴즈3 최강자를 가리는 토너먼트 8회차 3부 | 악어 마인크래프트 M.C.Age Returns 3,2026-01-31,https://www.youtube.com/watch?v=VmMLzVSTwU8
후추,양띵 유튜브,두쫀쿠가 뭔데 이렇게 근들갑이야,2026-01-31,https://www.youtube.com/watch?v=WTR7oYyH2aw
하지유,"이오몽, 위도 W2RDØ, 부쿠키",냥체 쓰는 미츄 선배들 구경하기,2026-01-31,https://www.youtube.com/watch?v=FruYj5fvHO0
태경 TV,쁘허,태경의 뽀뽀 현실갱?,2026-01-31,https://www.youtube.com/watch?v=DWx4q8xaaPw
강지,"악동 김블루, 백곰파, 빅헤드",이 년 봐라...?,2026-02-01,https://www.youtube.com/watch?v=DZrlBvN8ydg
양띵 유튜브,"삼식, 서넹, 후추, 콩콩이다, 다주, 루태TV",뭐야?!! 너희 어떻게 들어갔어??? - 윈터 서바이벌 #2,2026-02-01,https://www.youtube.com/watch?v=w_JAY9H7t9U
쫀득TV,"이초홍, 금휘",앞니 사이로 침뱉다가 앞니 벌어진사람ㅋㅋㅋㅋㅋㅋ 첫인상 블라인드 테스트 레전드ㅋㅋㅋㅋㅋㅋ,2026-02-01,https://www.youtube.com/watch?v=BejkJwyErfA
악어 유튜브,"너불, 핑맨, 중력유튜브, 만득유튜브, 수닝유튜브",늪지대 멤버에게 고백 받았습니다. #shorts,2026-02-01,https://www.youtube.com/watch?v=E0Xq_o1xcwc
루태TV,"양띵 유튜브, 삼식, 서넹, 후추, 콩콩이다, 다주",우블렉,2026-02-01,https://www.youtube.com/watch?v=1G0orfTdg8w
핑맨,"실프, 빅헤드, 댕균",한국 vs 일본 한일전 일본이 극찬한 한국 플레이 [ 레식 ],2026-02-01,https://www.youtube.com/watch?v=x3iLQM-FA3k
강소연 Youtube,플레임[이호종],엔더드래곤을 찾아서,2026-02-01,https://www.youtube.com/watch?v=ijwfqjfMz68
악어 유튜브,"너불, 핑맨, 중력유튜브, 만득유튜브, 수닝유튜브",핑맨이랑 싸웠습니다..｜틀린 마크 찾기,2026-02-01,https://www.youtube.com/watch?v=OytX803kwnU
YouTube지누,똘킹,똘킹 내가 너 좀 좋아하면 안 되냐,2026-02-01,https://www.youtube.com/watch?v=yP9LkB-f4Jo
여까네 유튜브,델로략국,대화 주제가 제일 하드코어한 | 마인크래프트 하드코어 챌린지 하이라이트,2026-02-01,https://www.youtube.com/watch?v=5UQ3RKiJlEM
따효니DDaHyoNi,인간젤리,하드코어 엔더드래곤 런 : 3 원정대 39,2026-02-01,https://www.youtube.com/watch?v=DxzatzOmEOo
소니쇼게임방송,금휘,치지직 간담회 내향인 테이블 후기,2026-02-01,https://www.youtube.com/watch?v=Ag7QMwhhZ9Q
아카네 리제 AKANE LIZE,강지,요즘 사장님 에겐력 왜 이래요...?,2026-02-01,https://www.youtube.com/watch?v=UD6TgS2IuXE
푸린,"아구이뽀 A924, 악녀",잡히는 순간 결혼 시작이다...,2026-02-01,https://www.youtube.com/watch?v=wECD8pfo7jM
머독,"수탉, 끠끼","공포 게임 보다 무서운 수탉 님ㅎ,,,",2026-02-01,https://www.youtube.com/watch?v=Spf3VBtyY0U
세찬 SECHAN,밍모,10년만에 모니터 바꾸고 경쟁전 해봤습니다,2026-02-02,https://www.youtube.com/watch?v=AZY6Y2CG58I
악어 유튜브,"너불, 핑맨, 중력유튜브, 만득유튜브, 수닝유튜브",스켈레톤 인생 최후의 드롭샷｜하드코어 엔더런,2026-02-02,https://www.youtube.com/watch?v=levv2v8bQhw
강소연 Youtube,플레임[이호종],어디까지가 진짜이고 어디까지가 가짜인가,2026-02-02,https://www.youtube.com/watch?v=h_Y9f0uCEHo
푸린,"아구이뽀 A924, 악녀",악녀 누나 백룸 스피드런 체험시켜주기 ㅋㅋㅋㅋ,2026-02-02,https://www.youtube.com/watch?v=oIAOq_OQ3U0
연비니,"램램, YouTube지누, 설백",지누님 제발 보내주세요ㅠㅠ,2026-02-02,https://www.youtube.com/watch?v=izKFQDdXQmA
텐코 시부키 TENKO SHIBUKI,강지,머리컸섬 #shorts #vtuber,2026-02-02,https://www.youtube.com/watch?v=JYnmEWHBELg
따효니DDaHyoNi,인간젤리,하드코어 엔더드래곤 런 : 3 원정대 40,2026-02-02,https://www.youtube.com/watch?v=wogiwzMpJ58
양띵 유튜브,"삼식, 서넹, 후추, 콩콩이다, 다주, 루태TV",눈꽃과 후추만 모르는 비밀🤫 - 윈터 서바이벌 #3,2026-02-02,https://www.youtube.com/watch?v=cs85iK4TBWM
따효니DDaHyoNi,인간젤리,하드코어 엔더드래곤 런 : 3 원정대 41,2026-02-02,https://www.youtube.com/watch?v=hk2pA3PZhXY
쫀득TV,금휘,해봄 = 여자 카라미,2026-02-02,https://www.youtube.com/watch?v=TObjTMlW8Q8
태경 TV,쁘허,이기면 소원들어주기 쁘허VS태경 진심모드 라이벌 대결 ㄷㄷㄷ (로블록스),2026-02-02,https://www.youtube.com/watch?v=CqKrNxQcvPQ
코렛트YouTube,램램,진우야 램램아 우리 어디가??,2026-02-02,https://www.youtube.com/watch?v=dVP_Alixrwk
DawNHS,허니츄러스 HoneyChurros,지구 멸망의 날.. 던마메 x 츄마메 (w.허니츄러스)  [ 던 슈퍼 마리오 메이커2 ],2026-02-02,https://www.youtube.com/watch?v=XHkMSoa3VYI
루태TV,"양띵 유튜브, 삼식, 서넹, 후추, 콩콩이다, 다주",랜덤 아이템,2026-02-02,https://www.youtube.com/watch?v=PTLjIn1sfqE
하나코 나나 HANAKO NANA,텐코 시부키 TENKO SHIBUKI,명탐정 텐코 시부키.. 두고보자....,2026-02-02,https://www.youtube.com/watch?v=-_JRw9pDAY0
시라유키 히나 SHIRAYUKI HINA,강지,이것도 바람이야!!!!!! 【히나 핫클립 #66】,2026-02-03,https://www.youtube.com/watch?v=QClEdKQLlnA
강소연 Youtube,플레임[이호종],나는 강소연보다 밑이고 강소연은 나보다 확실히 우월하다,2026-02-03,https://www.youtube.com/watch?v=AKWqly3wqNw
뇨롱이_YouTube,탬탬버린,신입이 탬탬버린 선배님 독점한 날,2026-02-03,https://www.youtube.com/watch?v=7ik3kNk8pMM
류으미,라디유,【류으미&라디유】RAY(BUMP OF CHICKEN) COVER,2026-02-03,https://www.youtube.com/watch?v=z4GrWVV1Fl8
따효니DDaHyoNi,인간젤리,하드코어 엔더드래곤 런 : 3 원정대 42,2026-02-03,https://www.youtube.com/watch?v=foALLi0Xpx0
여까네 유튜브,델로략국,세상에서 가장 야한 숫자  #shorts #13021,2026-02-03,https://www.youtube.com/watch?v=dNUqKImhbag
루태TV,"양띵 유튜브, 삼식, 서넹, 후추, 콩콩이다, 다주",메이플스토리,2026-02-03,https://www.youtube.com/watch?v=NlzDad24Kn4
푸린,쫀득TV,드디어 진결 하는건가..?,2026-02-03,https://www.youtube.com/watch?v=zA5nrNclGDI
악어 유튜브,"너불, 핑맨, 중력유튜브, 만득유튜브, 수닝유튜브",저희 친해요^^ ｜증강 칼바람 내전,2026-02-03,https://www.youtube.com/watch?v=AmmCKu3PLe4
아구 TV,아구이뽀 A924,아구이뽀가 자신있게 가져온 게임 ㅋㅋㅋㅋㅋㅋㅋ,2026-02-03,https://www.youtube.com/watch?v=5vznG0ZMqGM
따효니DDaHyoNi,인간젤리,하드코어 엔더드래곤 런 : 3 원정대 43,2026-02-03,https://www.youtube.com/watch?v=VZBNop4bBII
아오쿠모 린 AOKUMO RIN,"텐코 시부키 TENKO SHIBUKI, 유즈하 리코 YUZUHA RIKO, 하나코 나나 HANAKO NANA",나는 오이가 싫다,2026-02-03,https://www.youtube.com/watch?v=EyEF5NRVOic
유즈하 리코 YUZUHA RIKO,강지,해줄 거죠? 해줘잉! #vtuber #shorts #스텔라이브 #리코 #용사툰,2026-02-03,https://www.youtube.com/watch?v=av4_OBqO6sg
아카네 리제 AKANE LIZE,강지,아무래도 키만 큰 게 아니죠? #vtuber #shorts,2026-02-03,https://www.youtube.com/watch?v=ZS5i2XbfUEw
꼬예유 & 한예찬의 게임저장소,"조밈, 파이브","마인크래프트, 3인 1조 조별과제 시참PVP with. 파이브, 조밈",2026-02-03,https://www.youtube.com/watch?v=yTUUVLDxrlM
서넹,"양띵 유튜브, 후추, 다주",친오빠의 메이드복 (시청주의),2026-02-03,https://www.youtube.com/watch?v=Ga1eMtL3lXI
태경 TV,쁘허,닭태경이 되었는데 자꾸 쁘허가 귀엽다고 한다 -_- (로블록스),2026-02-03,https://www.youtube.com/watch?v=iKAQoJzMlkA
다주,"양띵 유튜브, 삼식, 서넹, 후추, 콩콩이다",사심 채우고 다녀온 치지직 파티,2026-02-03,https://www.youtube.com/watch?v=7vjCQmOCZPk
치킨쿤,김뿡,"이리 오도록 해,  김뿡",2026-02-03,https://www.youtube.com/watch?v=IdQ5zmBkoAA
끠끼,"수탉, 머독",100만 유튜버를 '돈통'으로 보는 사람💸,2026-02-03,https://www.youtube.com/watch?v=iyrGjTjETZc
양띵 유튜브,"삼식, 서넹, 후추, 콩콩이다, 다주",[간식친구] 롤만 하면 싸이코 되는 양띵,2026-02-03,https://www.youtube.com/watch?v=dQd3P3WnkJA
이오몽,러끼,얘들아 영상 식기 전에 빨리와 러끼님이 글쎄🍀,2026-02-03,https://www.youtube.com/watch?v=vp7sDh5sQZk
임나은,김뚜띠,왜요옹~?????????,2026-02-04,https://www.youtube.com/watch?v=Mp4SD0CgzJU
강지,김뚜띠,몰래 감자 덕질하는 뚜띠 #감자툰 #김뚜띠 #덕질,2026-02-04,https://www.youtube.com/watch?v=y3plGAyUtHQ
멋사유튜브,인간젤리,일본에서 규리양이랑...,2026-02-04,https://www.youtube.com/watch?v=RwC3xa57v-Q
다주,"양띵 유튜브, 삼식, 서넹, 후추, 콩콩이다",방송한지 벌써 13년,2026-02-04,https://www.youtube.com/watch?v=Y0eSkgp0HVE
악어 유튜브,"너불, 핑맨, 중력유튜브, 만득유튜브, 수닝유튜브",멍청하면 안되는 이유｜늪지대 카르텔,2026-02-04,https://www.youtube.com/watch?v=QfC40DPsx_g
양띵 유튜브,"삼식, 서넹, 후추, 콩콩이다, 다주, 루태TV",[얘들아 준비 됐지? 하던대로 하는 거야] - ☢️핵전쟁 RPG #20-7,2026-02-04,https://www.youtube.com/watch?v=C9PWyKVQ35E
따효니DDaHyoNi,인간젤리,하드코어 엔더드래곤 런 : 3 원정대 45,2026-02-04,https://www.youtube.com/watch?v=KIo2rtexmCw
연비니,"라디유, 유콘",한 명만 걸려라,2026-02-04,https://www.youtube.com/watch?v=Ao6DefpnJ8I
나나양,나부,선택받은 외노자 [2026년 1월 상반기 하이라이트],2026-02-04,https://www.youtube.com/watch?v=cCEZuTkna04
루태TV,"양띵 유튜브, 삼식, 서넹, 후추, 콩콩이다, 다주",애벌레,2026-02-04,https://www.youtube.com/watch?v=ZYVKF3X9bac
희지,부쿠키,선배 가지고 노는 막내 #shorts,2026-02-04,https://www.youtube.com/watch?v=ZWJip1HZsSs
유즈하 리코 YUZUHA RIKO,"강지, 핑맨",한 대 마렵네 [봉봉팜 #1],2026-02-04,https://www.youtube.com/watch?v=MpcUBkN_BAg
아카네 리제 AKANE LIZE,"강지, 금휘, 백곰파",당신이 스텔라이브에 입사하면 일상적으로 겪을 일...,2026-02-04,https://www.youtube.com/watch?v=l1CrbsJSUYE
따효니DDaHyoNi,인간젤리,하드코어 엔더드래곤 런 : 3 원정대 44,2026-02-04,https://www.youtube.com/watch?v=6Fsd_biZIKE
서넹,양띵 유튜브,오버워치 신규 영웅이 10개나 나온다고?,2026-02-05,https://www.youtube.com/watch?v=fhMvdzkM5qs
치킨쿤,빅헤드,어딜 내놓아도 부끄러운 한국인 듀오,2026-02-05,https://www.youtube.com/watch?v=vfdedBofpEY
루태TV,"양띵 유튜브, 삼식, 서넹, 후추, 콩콩이다, 다주",협동 파쿠르,2026-02-05,https://www.youtube.com/watch?v=T3ctzF_zRYw
서넹,푸린,오버워치x산리오 콜라보 한다고?,2026-02-05,https://www.youtube.com/watch?v=RCKgJgg3iB0
악어 유튜브,"너불, 핑맨, 중력유튜브, 만득유튜브, 수닝유튜브",생방송 도중에 일어난 싸움사건｜늪지대 노가리,2026-02-05,https://www.youtube.com/watch?v=iXUw7faqibg
인간젤리,플레임[이호종],"플레임님께 ""로망""이 뭔지 알려드렸습니다",2026-02-05,https://www.youtube.com/watch?v=KVZGvwnu0lY
감스트GAMST,두치와뿌꾸,감스트 본캐 7경짜리 ws호날두 9카 떴다!! 3천만원 현질,2026-02-05,https://www.youtube.com/watch?v=B22PBZCDhFk
여까네 유튜브,"연비니, 뇨롱이_YouTube, 장마군, 앵보",가난이 싫은 형태의 스트리머들  |  여까 라디오 하이라이트,2026-02-05,https://www.youtube.com/watch?v=PvZILDzRFqQ
강지,"김뚜띠, 이춘향",그렇게 어머니가 된다,2026-02-05,https://www.youtube.com/watch?v=6eJvDswhWOU
태경 TV,쁘허,쁘허의 찐텐웃음 ㅋㅋ,2026-02-05,https://www.youtube.com/watch?v=d3exJpTRBlU
따효니DDaHyoNi,인간젤리,하드코어 엔더드래곤 런 : 3 원정대 46,2026-02-05,https://www.youtube.com/watch?v=fetiAJK1Qi8
아이치,위도 W2RDØ,위도우메이커 역대급 감다살 스킨 등장,2026-02-05,https://www.youtube.com/watch?v=CsqPfgnnslg
양띵 유튜브,"삼식, 서넹, 후추, 콩콩이다, 다주, 루태TV",[양띵의 인벤에 생긴 의문의 XX 자 이거 들고 드가 볼까?] - ☢️핵전쟁 RPG #20-8,2026-02-05,https://www.youtube.com/watch?v=qM3Vx-IpA3A
태경 TV,쁘허,쁘허랑 인형뽑기 데이트 하는날 (로블록스),2026-02-05,https://www.youtube.com/watch?v=1h0zO5Exwtw
LookSam,시라유키 히나 SHIRAYUKI HINA,룩삼은 왜 달리게 됐을까?,2026-02-05,https://www.youtube.com/watch?v=5Lyu4CnCxw0
케인 TV,공룡,[케인] 생일 축하 해주러 택시 타고 온 공룡,2026-02-06,https://www.youtube.com/watch?v=7o8-rdHT8ow
뇨롱이_YouTube,"실프, 장마군",치지직 스트리머 평균;; 【봉봉팜】,2026-02-06,https://www.youtube.com/watch?v=qWdYmdOOARE
다주,"양띵 유튜브, 삼식, 서넹, 후추, 콩콩이다",내 아내임,2026-02-06,https://www.youtube.com/watch?v=nBROIKFLo3I
레드,콩콩이다,개인전인데 3대1로 뭐하는거냐고 [신년 윷놀이],2026-02-06,https://www.youtube.com/watch?v=8ZnUgoXTtXQ
쫀득TV,푸린,유후님 저 어때요?,2026-02-06,https://www.youtube.com/watch?v=eUzrW6BQ8CY
악어 유튜브,"너불, 핑맨, 중력유튜브, 만득유튜브, 수닝유튜브",마크에이지 리턴즈3 잠들었던 흑룡의 귀환 9회차 2부 | 악어 마인크래프트 M.C.Age Returns 3,2026-02-06,https://www.youtube.com/watch?v=NMjoYBR9reA
악어 유튜브,"너불, 핑맨, 중력유튜브, 만득유튜브, 수닝유튜브",마크에이지 리턴즈3 잠들었던 흑룡의 귀환 9회차 1부 | 악어 마인크래프트 M.C.Age Returns 3,2026-02-06,https://www.youtube.com/watch?v=e5u76cJiBrw
악어 유튜브,"너불, 핑맨, 중력유튜브, 만득유튜브, 수닝유튜브",늪지대에서 사기 당하는 이유 #shorts,2026-02-06,https://www.youtube.com/watch?v=Rs1p9sWA6gg
장마군,쫀득TV,드디어 성사된 장마군&쫀득 촉각슈트 합방,2026-02-06,https://www.youtube.com/watch?v=q5nLL7oRiwQ
양띵 유튜브,"삼식, 서넹, 후추, 콩콩이다, 다주, 루태TV",[길었던 여정의 끝이 막을 내렸습니다] - ☢️핵전쟁 RPG #20-9 *완결*,2026-02-06,https://www.youtube.com/watch?v=jey7dJ8VqR8
시라유키 히나 SHIRAYUKI HINA,"Youtube고차비, 윤가놈",일본 오사카 덴노지 동물원에 사는 말레이곰 마즈 #cartoon #comic #vtuber #shorts,2026-02-06,https://www.youtube.com/watch?v=5U-ZqZ8VJqI
따효니DDaHyoNi,인간젤리,하드코어 엔더드래곤 런 : 3 원정대 47,2026-02-06,https://www.youtube.com/watch?v=5n5UFeN6jnI
따효니DDaHyoNi,인간젤리,하드코어 엔더드래곤 런 : 3 원정대 48,2026-02-06,https://www.youtube.com/watch?v=7cMp5fbVWm8
루태TV,"양띵 유튜브, 삼식, 서넹, 후추, 콩콩이다, 다주",확장,2026-02-06,https://www.youtube.com/watch?v=cLeWfO1y5Tc
서넹,아론 페이지,오버워치 디렉터에게 그님티? MBTI? 시전한 서넹,2026-02-06,https://www.youtube.com/watch?v=Gb7rmbXadeQ
아구 TV,아구이뽀 A924,아구이뽀한테 건담을 가르쳐보자,2026-02-06,https://www.youtube.com/watch?v=g5jcoAyzaDw
채현찌,"금휘, 후추",생방송에서 뽀뽀 갈겼습니다..,2026-02-06,https://www.youtube.com/watch?v=egMNprESMts
이초홍,"나나양, 설백, 연비니, 뇨롱이_YouTube",세 명이 오리라,2026-02-06,https://www.youtube.com/watch?v=NLiyfxFuMnM
아오쿠모 린 AOKUMO RIN,"강지, 김뿡, 아라하시 타비 ARAHASHI TABI, 시라유키 히나 SHIRAYUKI HINA, 텐코 시부키 TENKO SHIBUKI, 유즈하 리코 YUZUHA RIKO, 너불, 이춘향",춘향님 오해입니다,2026-02-06,https://www.youtube.com/watch?v=y1ALkjEvXNU
중력유튜브,"너불, 핑맨",[마크에이지 리턴즈3 5회차] 대현무 악어 줘팬다,2026-02-06,https://www.youtube.com/watch?v=uGb1XZceM_c
루태TV,"양띵 유튜브, 삼식, 서넹, 후추, 콩콩이다, 다주",침식 작용,2026-02-07,https://www.youtube.com/watch?v=lXXNIRrYia4
유즈하 리코 YUZUHA RIKO,강지,이 용사가 입사한 이유,2026-02-07,https://www.youtube.com/watch?v=lkdRVgVCZ8E
여까네 유튜브,"연비니, 뇨롱이_YouTube, 장마군, 앵보",Q. 합방 끝나고 뇨롱이 님이 할것은?  A. 장마군 턱주가리 찢어버리기  |  여까 더 유 퀴즈 하이라이트 #1,2026-02-07,https://www.youtube.com/watch?v=NmXiUZM3c64
임나은,강지,강지님도 믿는 나의 🔥저돌맹진🔥,2026-02-07,https://www.youtube.com/watch?v=1orCZrZ6tC0
연비니,"램램, 꽃핀",똥겜믈리에 모임,2026-02-07,https://www.youtube.com/watch?v=aiA_eaMrrPU
악어 유튜브,"너불, 핑맨, 중력유튜브, 만득유튜브, 수닝유튜브",젊은 피 성능 #shorts,2026-02-07,https://www.youtube.com/watch?v=i5UaiOdX0bM
잠뜰 TV,"각별, 공룡",조회수에 미친 사람들이 만든 영상들,2026-02-07,https://www.youtube.com/watch?v=MwWFwVMsrs4
태경 TV,쁘허,쁘허 공격 vs 태경 수비,2026-02-07,https://www.youtube.com/watch?v=m-393DJUGtE
강지,"김뿡, 실프, 핑맨, 피닉스박",0기생 시절 이후... 오랜만에 깨어나려는 애교 세포?! [봉봉팜 - 1편],2026-02-07,https://www.youtube.com/watch?v=Bac0A3yTXE4
미녕이데려오깨,양아지,찐목 방송 할 때 제발 아무도 안 왔으면..,2026-02-07,https://www.youtube.com/watch?v=itv1_bpPlfU
부쿠키,탬탬버린,【실제상황】탬탬버린님께 고백받았습니다 💗 - 봉봉팜 1화,2026-02-07,https://www.youtube.com/watch?v=08lwf6tJ8s4
후추,"양띵 유튜브, 삼식",하읏... 아나스타샤!! [삼식 세족식],2026-02-07,https://www.youtube.com/watch?v=V-Q-yfynFbw
쫀득TV,푸린,인스타 알고리즘에 ㅗㅜㅑ만 나오는 남자,2026-02-07,https://www.youtube.com/watch?v=0CgtAJoXJhE
악어 유튜브,"너불, 핑맨, 중력유튜브, 만득유튜브, 수닝유튜브",마크에이지 리턴즈3 판을 뒤집은 한 수 9회차 4부 (완결) | 악어 마인크래프트 M.C.Age Returns 3,2026-02-07,https://www.youtube.com/watch?v=yWmEdntBzP4
러끼,이오몽,대반전🔥 이오몽이 말아주는 '유부녀' 대사?!,2026-02-07,https://www.youtube.com/watch?v=ld9W1wpXV1k
쫀득TV,푸린,새로운 여자가 생긴 푸린,2026-02-07,https://www.youtube.com/watch?v=5LV84gnl-rw
핑맨,임나은,늪지대 새로운 멤버 개리 소개팅,2026-02-07,https://www.youtube.com/watch?v=JW4UDRUpZKM
아라하시 타비 ARAHASHI TABI,강지,타비의 앙탈 챌린지! #shorts #vtuber #타비,2026-02-07,https://www.youtube.com/watch?v=Y2v4trTKE7M
따효니DDaHyoNi,인간젤리,하드코어 엔더드래곤 런 : 3 원정대 49,2026-02-07,https://www.youtube.com/watch?v=_GlFmxMZ2M8
양띵 유튜브,"삼식, 서넹, 후추, 콩콩이다, 다주, 루태TV",에이~ 설마 죽겠냐?ㅋ - 윈터 서바이벌 #4,2026-02-07,https://www.youtube.com/watch?v=rmzlTPuMGYE
악어 유튜브,"너불, 핑맨, 중력유튜브, 만득유튜브, 수닝유튜브",마크에이지 리턴즈3 판을 뒤집은 한 수 9회차 3부 | 악어 마인크래프트 M.C.Age Returns 3,2026-02-07,https://www.youtube.com/watch?v=vty0ahsABCg
1분마뫄,푸린,합방중에도 마뫄 방송을 챙겨주는 푸린이 ㅋㅋㅋㅋㅋ,2026-02-07,https://www.youtube.com/watch?v=Z3-gye0PBFE
루태TV,"양띵 유튜브, 삼식, 서넹, 후추, 콩콩이다, 다주",이런 게 늘 있어,2026-02-08,https://www.youtube.com/watch?v=0atb4Nr95t0
텐코 시부키 TENKO SHIBUKI,강지,그럼.. 새아빠라고 부르면 되나요..?,2026-02-08,https://www.youtube.com/watch?v=bFaJYSQlWwQ
중력유튜브,"너불, 핑맨",[맹든링 EP.7] 두쫀쿠보다 악어,2026-02-08,https://www.youtube.com/watch?v=DRYJ6qVyngU
라디유,류으미,날 모욕한 류으미 퍼리여캐타락공주님보컬로이드만들기.,2026-02-08,https://www.youtube.com/watch?v=C4PWle9QmY8
따효니DDaHyoNi,인간젤리,하드코어 엔더드래곤 런 : 3 원정대 50,2026-02-08,https://www.youtube.com/watch?v=D-CHpo4iMmE
양띵 유튜브,"삼식, 서넹, 후추, 콩콩이다, 다주, 루태TV",그럼 너는 왜 온 건데??? - 윈터 서바이벌 #5,2026-02-08,https://www.youtube.com/watch?v=sBTfbbbjbJQ
유콘,설백,설백이는 그런거 모르는구나..💦 그렇구나..[스트리머 옷입히기],2026-02-08,https://www.youtube.com/watch?v=j9f9yoNDON0
양아지,미녕이데려오깨,이게 미녕이 진짜 목소리라고????,2026-02-08,https://www.youtube.com/watch?v=kEM988ZAFXo
강지,"탬탬버린, 이춘향, 피닉스박","""야 오타쿠들 나가서 얘기하라고"" [봉봉팜 - 2편]",2026-02-08,https://www.youtube.com/watch?v=sssP6ZPwi04
태경 TV,쁘허,쁘허가 현실갱을 한다면 일어나는 일,2026-02-08,https://www.youtube.com/watch?v=_NL6WkOAmiI
이춘향,탬탬버린,그냥 몇 개 있는지 궁금했구나~,2026-02-08,https://www.youtube.com/watch?v=ihIl-hW0o0Y
쫀득TV,푸린,나는 쫀득이가 연희랑 만났으면 좋겠어...,2026-02-08,https://www.youtube.com/watch?v=k_5JFlrdHFU
채현찌,"금휘, 후추",후추님.. 이러시면 안돼요...!,2026-02-08,https://www.youtube.com/watch?v=YDx6JNu4j7s
태경 TV,쁘허,영상 시작부터 쁘허에게 큰 실수를 해버린 태경 ㄷㄷ (로블록스),2026-02-08,https://www.youtube.com/watch?v=HwzqZSpqRIc
악어 유튜브,"너불, 핑맨, 중력유튜브, 만득유튜브, 수닝유튜브",만득이 화나면 생기는 일 | 플라WAR,2026-02-08,https://www.youtube.com/watch?v=O6Bt3ktHdwg
장마군,쫀득TV,남자 두 명이서 촉각슈트 입고 벌칙 젠가 하기,2026-02-09,https://www.youtube.com/watch?v=lwmrgF_Rqxo
강지,악녀,사랑이 고픈 악녀 #강지 #악녀 #감자툰,2026-02-09,https://www.youtube.com/watch?v=8weVIaCN1nk
다주,"양띵 유튜브, 삼식, 서넹, 후추, 콩콩이다",너무 부끄럽다,2026-02-09,https://www.youtube.com/watch?v=nro8yqpKkTc
러끼,왈도쿤,"다음 화 📖 왈도쿤, 왈도순 되다!",2026-02-09,https://www.youtube.com/watch?v=F63yqHLM_6Y
태경 TV,쁘허,나랑 뭐하고싶냐니까 자꾸 뽀뽀해달라는 쁘허 라이벌에서 참교육 갈게요 (로블록스),2026-02-09,https://www.youtube.com/watch?v=cF4wQ1Jm6E0
악어 유튜브,"너불, 핑맨, 중력유튜브, 만득유튜브, 수닝유튜브","나야, 악쪽이｜증강 칼바람 내전",2026-02-09,https://www.youtube.com/watch?v=wj8vy5qRwqA
악어 유튜브,"너불, 핑맨, 중력유튜브, 만득유튜브, 수닝유튜브",악어 브금 논란 #shorts,2026-02-09,https://www.youtube.com/watch?v=tpGB7EhGO5Q
따효니DDaHyoNi,인간젤리,하드코어 엔더드래곤 런 : 3 원정대 51,2026-02-09,https://www.youtube.com/watch?v=K6450JV0b9A
루태TV,"양띵 유튜브, 삼식, 서넹, 후추, 콩콩이다, 다주",마크 동상 만드는 법,2026-02-09,https://www.youtube.com/watch?v=cvjg6ktFTzQ
따효니DDaHyoNi,인간젤리,"여정의 끝 ㅣ마인크래프트 3원정대 (w.룩삼,소우릎,인간젤리)",2026-02-09,https://www.youtube.com/watch?v=HbqyvuAVPLk
따효니DDaHyoNi,인간젤리,하드코어 엔더드래곤 런 : 3 원정대 52,2026-02-09,https://www.youtube.com/watch?v=vRp1FzXtMew
양띵 유튜브,"삼식, 서넹, 후추, 콩콩이다, 다주, 루태TV",마지막까지 알 수 없었던 이들의 운명 - 윈터 서바이벌 #6 *완결*,2026-02-09,https://www.youtube.com/watch?v=_XsN0Lqrt8Y
나나양,악동 김블루,주키니님을 처음 뵙지만 보는 눈이 있으시다.,2026-02-10,https://www.youtube.com/watch?v=jnXNkDNb5m0
따효니DDaHyoNi,인간젤리,하드코어 엔더드래곤 런 : 3 원정대 53,2026-02-10,https://www.youtube.com/watch?v=Ox0YuP4uMOo
악어 유튜브,"너불, 핑맨, 중력유튜브, 만득유튜브, 수닝유튜브",하드코어 엔더런 '노갑옷' 클리어,2026-02-10,https://www.youtube.com/watch?v=hdVudcT_RLQ
태경 TV,쁘허,현실갱 뽀뽀 안 해주니까.. 직접 하러 온 쁘허?ㄱ- (로블록스),2026-02-10,https://www.youtube.com/watch?v=nBzmIu1gGlE
아오쿠모 린 AOKUMO RIN,"시라유키 히나 SHIRAYUKI HINA, 텐코 시부키 TENKO SHIBUKI, 유즈하 리코 YUZUHA RIKO",JANE DOE,2026-02-10,https://www.youtube.com/watch?v=HAUkm3bW694
채현찌,"텐코 시부키 TENKO SHIBUKI, 아오쿠모 린 AOKUMO RIN",내 별명으로 아이돌 타락시키기,2026-02-10,https://www.youtube.com/watch?v=op5g07UQNas
다주,"양띵 유튜브, 삼식, 서넹, 후추, 콩콩이다",진짜 싫다,2026-02-10,https://www.youtube.com/watch?v=mk75WgYTzHw
루태TV,"양띵 유튜브, 삼식, 서넹, 후추, 콩콩이다, 다주",드래곤볼,2026-02-10,https://www.youtube.com/watch?v=IS6awgdP4K4
꼬예유 & 한예찬의 게임저장소,"조밈, 파이브",[철퇴의 조밈 vs 삼지창의 파이브] 100인 시참PVP 에서 킬내기를 진행한다면!?,2026-02-10,https://www.youtube.com/watch?v=MPVhvYl1vJw
쫀득TV,푸린,쫀득 학창시절 논란...,2026-02-10,https://www.youtube.com/watch?v=LWeGrZ_iVpM
따효니DDaHyoNi,인간젤리,하드코어 엔더드래곤 런 : 3 원정대 54,2026-02-10,https://www.youtube.com/watch?v=stMjacxZB5Y
양띵 유튜브,"삼식, 서넹, 후추, 콩콩이다, 다주, 루태TV",김도님 이게 저라고요..?,2026-02-10,https://www.youtube.com/watch?v=IHc3YwFaIkQ
유즈하 리코 YUZUHA RIKO,강지,유니 선배를 절대 이길 수 없는 이유 [봉봉팜 #2],2026-02-10,https://www.youtube.com/watch?v=jUKI9DAGg6k
여까네 유튜브,"왈도쿤, 이무지","""어흥"" ┃ 명조:워더링 웨이브 튜닝 대결 하이라이트",2026-02-11,https://www.youtube.com/watch?v=XSQztmCMLcs
미녕이데려오깨,양아지,이적했더니 내가 분내 버튜버?,2026-02-11,https://www.youtube.com/watch?v=svnp3FeIecY
루태TV,"양띵 유튜브, 삼식, 서넹, 후추, 콩콩이다, 다주",도깨비불,2026-02-11,https://www.youtube.com/watch?v=ulRpungVGOA
양띵 유튜브,"삼식, 서넹, 후추, 콩콩이다, 다주, 루태TV",[역대급 사건사고들을 같이 영상으로 되짚어 볼까요?] - ☢️핵전쟁 RPG #비하인드 토크쇼 1편,2026-02-11,https://www.youtube.com/watch?v=nJbMiUsr2Cw
아카네 리제 AKANE LIZE,"금휘, 백곰파",아니라고요? 에이 거짓말 ㅋㅋ,2026-02-11,https://www.youtube.com/watch?v=sMqSPhavr9U
태경 TV,쁘허,누나에게 닿기를 (쁘허 흐뭇),2026-02-11,https://www.youtube.com/watch?v=AmlR3blY1OY
다주,"양띵 유튜브, 삼식, 서넹, 후추, 콩콩이다",마크서버에서 리액션으로 돈벌기,2026-02-11,https://www.youtube.com/watch?v=mNCW3pxG4o0
쫀득TV,윤가놈,내 친구 윤가놈 ;;;;,2026-02-11,https://www.youtube.com/watch?v=GxDXIb7SZ5k
왈도쿤,"푸린, 연비니",게임 스트리머의 분류,2026-02-11,https://www.youtube.com/watch?v=WVzHh3H98to
악어 유튜브,"너불, 핑맨, 중력유튜브, 만득유튜브, 수닝유튜브",올해부터 욕 안 합니다(함) ｜늪지대 노가리,2026-02-11,https://www.youtube.com/watch?v=hwQbpVBk0wc
따효니DDaHyoNi,인간젤리,하드코어 엔더드래곤 런 : 3 원정대 55,2026-02-11,https://www.youtube.com/watch?v=K4YaMAeRY1g
희지,앵보,마크 엔더진주 쓰는 법 #shorts,2026-02-11,https://www.youtube.com/watch?v=8JlQXijy57c
세찬 SECHAN,일루전 ILLUSION,"신규 영웅 ""엠레""로 스트리머 스크림방에서 챔피언 성능 보여줬습니다. [오버워치]",2026-02-11,https://www.youtube.com/watch?v=LqppiUvpXVs
양띵 유튜브,"삼식, 서넹, 후추, 콩콩이다, 다주, 루태TV",[삼식이 처음으로 컨텐츠에서 멘탈 다 털린 순간 ㅋㅋ] - ☢️핵전쟁 RPG #비하인드 토크쇼 2편,2026-02-12,https://www.youtube.com/watch?v=sD5PxFX3zF0
세찬 SECHAN,일루전 ILLUSION,"버프먹은 신규 영웅 ""안란""으로 스트리머들 맨탈 박살냈습니다ㅋㅋㅋ [오버워치]",2026-02-12,https://www.youtube.com/watch?v=eKnQgdLq33c
나나양,악동 김블루,케이크만 먹었는데 치지직 배그 티어가 오른 사람,2026-02-12,https://www.youtube.com/watch?v=tX2ZRyRZH48
태경 TV,쁘허,쁘허에게 잘해 줬더니.. 현실갱을 와버린 쁘허?! (로블록스),2026-02-12,https://www.youtube.com/watch?v=05_RTBOBO6M
채현찌,아구이뽀 A924,아 이걸 지네,2026-02-12,https://www.youtube.com/watch?v=xlqnXtfcDMU
악어 유튜브,"너불, 핑맨, 중력유튜브, 만득유튜브, 수닝유튜브",흑룡은 얼마나 강할까?｜마크에이지 리턴즈3 무기테스트,2026-02-12,https://www.youtube.com/watch?v=tS7dw_gPPI4
삐부찡,연비니,연비니 술먹고 사고 쳤던 썰 #삐부 #shorts #픽셀네트워크 #game,2026-02-12,https://www.youtube.com/watch?v=0jTrkM1aDz8
쫀득TV,푸린,함 줘라! 레전드 음지 방송ㅋㅋㅋㅋ,2026-02-12,https://www.youtube.com/watch?v=r_HcU9zJOD8
루태TV,"양띵 유튜브, 삼식, 서넹, 후추, 콩콩이다, 다주",좀민이,2026-02-12,https://www.youtube.com/watch?v=ypoUd4M_vz8
쫀득TV,"임나은, 윤가놈","""악마의 열매 능력자 윤가놈"" 첫인상 블라인드 테스트 레전드 ㅋㅋㅋㅋㅋㅋㅋㅋ",2026-02-12,https://www.youtube.com/watch?v=eO7Lg98xlpM
다주,"양띵 유튜브, 삼식, 서넹, 후추, 콩콩이다",근이코패스와 대화하기,2026-02-12,https://www.youtube.com/watch?v=Jojs0AwZ39Y
멋사유튜브,"실프, 너불",듣지마 넌... 그뭐냐 그거다...,2026-02-12,https://www.youtube.com/watch?v=nWzMhTomXJ8
악어 유튜브,"너불, 핑맨, 중력유튜브, 만득유튜브, 수닝유튜브",불량한 개리 #shorts,2026-02-12,https://www.youtube.com/watch?v=My-ZOdubUMc
따효니DDaHyoNi,인간젤리,하드코어 엔더드래곤 런 : 3 원정대 57,2026-02-12,https://www.youtube.com/watch?v=AHCDitHv5IM
앵보,이오몽,이오몽님 확실하게 말해주세요! [앵보쇼 / 이오몽편],2026-02-12,https://www.youtube.com/watch?v=Bs_AzH4_GkQ
따효니DDaHyoNi,인간젤리,하드코어 엔더드래곤 런 : 3 원정대 56,2026-02-12,https://www.youtube.com/watch?v=Sy_6cv1fdrA
희지,"앵보, 부쿠키",앵보 빨대 꽂고 부쿠키 되기 #타로,2026-02-13,https://www.youtube.com/watch?v=gqN5LokzuKI
꼬예유 & 한예찬의 게임저장소,파이브,100인 시참서버에 몰래 잠입한 히든유튜버 5명 (나 빼고),2026-02-13,https://www.youtube.com/watch?v=RnAUFSu3SkU
미녕이데려오깨,공룡,공룡이 세상에서 제일 멋져,2026-02-13,https://www.youtube.com/watch?v=dhtVdcHQyf4
악어 유튜브,"너불, 핑맨, 중력유튜브, 만득유튜브, 수닝유튜브",마크에이지 리턴즈3 봉인된 신의 안경 10회차 1부 | 악어 마인크래프트 M.C.Age Returns 3,2026-02-13,https://www.youtube.com/watch?v=XuDClD6OYdU
따효니DDaHyoNi,인간젤리,하드코어 엔더드래곤 런 : 3 원정대 58,2026-02-13,https://www.youtube.com/watch?v=Axvb41V9wis
뇨롱이_YouTube,"너불, 다주",그녀의 리액션 때문에 후원을 멈출 수 없었다... 【봉봉팜 / 다주】,2026-02-13,https://www.youtube.com/watch?v=a9V_sFZ2g9c
양띵 유튜브,"삼식, 서넹, 후추, 콩콩이다, 다주, 루태TV",[가스라이팅으로 가득했던 핵피지] - ☢️핵전쟁 RPG #비하인드 토크쇼 3편,2026-02-13,https://www.youtube.com/watch?v=NPxjQkEnngY
루태TV,"양띵 유튜브, 삼식, 서넹, 후추, 콩콩이다, 다주",불가능,2026-02-13,https://www.youtube.com/watch?v=RtsIBwyr0Tc
강지,"악동 김블루, 나나양",리액션이 맛있는 이 남자...ㅎㅎ,2026-02-13,https://www.youtube.com/watch?v=bCSAS3YYuvY
이춘향,"나나양, 탬탬버린, 김뚜띠",난 모두의 마니또야,2026-02-13,https://www.youtube.com/watch?v=EZverH6C8_w
나나양,강지,귀여워...거기다가 부자야...,2026-02-13,https://www.youtube.com/watch?v=oXbKgwdT3dc
악어 유튜브,"너불, 핑맨, 중력유튜브, 만득유튜브, 수닝유튜브",마크에이지 리턴즈3 봉인된 신의 안경 10회차 2부 | 악어 마인크래프트 M.C.Age Returns 3,2026-02-13,https://www.youtube.com/watch?v=bV65Wd-hi8Y
아오쿠모 린 AOKUMO RIN,"아라하시 타비 ARAHASHI TABI, 시라유키 히나 SHIRAYUKI HINA, 아야츠노 유니 AYATSUNO YUNI, 텐코 시부키 TENKO SHIBUKI, 실프, Youtube고차비, 다주",손님을 패는 메이드 실존,2026-02-13,https://www.youtube.com/watch?v=unZ8kooZLiQ
쫀득TV,"임나은, 윤가놈",여친이랑 헤어진 이유가 때려서인 윤가놈ㅋㅋㅋㅋ,2026-02-13,https://www.youtube.com/watch?v=rSTqvoI-uqU
이초홍,"강지, 나나양, 악녀, 설백, 임나은, 윤이샘, 너불, 행돌, 연비니, 뇨롱이_YouTube",강지악녀뚜띠설백임나은윤이샘너불행돌눈꽃루다남봉연비니 집합,2026-02-13,https://www.youtube.com/watch?v=Jca0GNTs6WM
쫀득TV,윤가놈,포켓몬 울음소리 100가지를 넘게 알고 있습니까..?,2026-02-13,https://www.youtube.com/watch?v=KuK889-jsbk
다주,"양띵 유튜브, 삼식, 서넹, 후추, 콩콩이다",마크서버 스토리파괴범,2026-02-13,https://www.youtube.com/watch?v=CRthhYNE6QE
강지,백곰파,요즘 수상할 정도로 내 주변에 변태들이 많이 모여드는 것 같다...,2026-02-14,https://www.youtube.com/watch?v=NLv5d48HmKc
여까네 유튜브,"연비니, 장마군, 앵보",이거 시그널이죠?  |  여까 더 유 퀴즈 하이라이트 #2,2026-02-14,https://www.youtube.com/watch?v=egk1xhTuZss
후추,양띵 유튜브,꺼드럭 거리지 않겠습니다 주인님.. [마크 하코런],2026-02-14,https://www.youtube.com/watch?v=XgVWIaDQItM
치킨쿤,"삐부찡, 탬탬버린, 아구이뽀 A924",마크 안하고 십덕토크하기,2026-02-14,https://www.youtube.com/watch?v=psH9tPjYUxk
다주,"양띵 유튜브, 삼식, 서넹, 후추, 콩콩이다",봉봉팜 카페의 라떼 생산과정을 알려하지마,2026-02-14,https://www.youtube.com/watch?v=GJM-lZF4jOk
악어 유튜브,"너불, 핑맨, 중력유튜브, 만득유튜브, 수닝유튜브",마크에이지 리턴즈3 누가 해적인가 10회차 3부 | 악어 마인크래프트 M.C.Age Returns 3,2026-02-14,https://www.youtube.com/watch?v=tqShd8M47N8
쫀득TV,윤가놈,맞짱카페 회원 윤가놈 레전드 썰ㅋㅋㅋㅋ,2026-02-14,https://www.youtube.com/watch?v=F5DOp4ybTg0
악어 유튜브,"너불, 핑맨, 중력유튜브, 만득유튜브, 수닝유튜브",마크에이지 리턴즈3 누가 해적인가 10회차 4부(완결) | 악어 마인크래프트 M.C.Age Returns 3,2026-02-14,https://www.youtube.com/watch?v=LIN1fJEZu3E
연비니,"램램, 꽃핀",내 발음이 어때서!!!!!,2026-02-14,https://www.youtube.com/watch?v=xt52CkD_1z4
사키하네 후야 SAKIHANE HUYA,아야츠노 유니 AYATSUNO YUNI,CHEWING LUV [아야츠노 유니] l 사키하네 후야(Sakihane Huya) Cover,2026-02-14,https://www.youtube.com/watch?v=Sj51pWOnW1o
양띵 유튜브,"삼식, 서넹, 후추, 콩콩이다, 다주, 루태TV",삼식님 세족식 시작할게요,2026-02-14,https://www.youtube.com/watch?v=M9H4O_8n4sc
푸린,"연비니, 왈도쿤",스트리머들이 포기한 '연비니 난이도' 공략 가능할까...?,2026-02-14,https://www.youtube.com/watch?v=lQz9haWC3Yc
유즈하 리코 YUZUHA RIKO,탬탬버린,엣...? 거짓말... [봉봉팜 #3 完],2026-02-14,https://www.youtube.com/watch?v=jiUj_MXUECg
희지,"이오몽, 앵보",그대 춤을 추는 나물 같아요 #shorts,2026-02-14,https://www.youtube.com/watch?v=0XhXCwugf60
아오쿠모 린 AOKUMO RIN,아야츠노 유니 AYATSUNO YUNI,chocolate box [dezzy(一億円P)] - 아오쿠모 린 x 아야츠노 유니 Cover,2026-02-14,https://www.youtube.com/watch?v=9a_qB79ntPQ
압둘알리과로사,순당무,순당무말고 레바테인같은 여동생이 잇었으면 좋겠다,2026-02-14,https://www.youtube.com/watch?v=xHmc4K9IEkE
태경 TV,쁘허,로블록스 인기겜 녹아웃! 다른 사람을.. 쁘허로 착각 했다?! 헉!! (로블록스),2026-02-14,https://www.youtube.com/watch?v=OiYx9DgfQ_o
시라유키 히나 SHIRAYUKI HINA,강지,정강지의 안산식 교육법【히나 핫클립 #67】,2026-02-14,https://www.youtube.com/watch?v=3YH8ThQhN8M
하지유,"델로략국, 러끼, 모아",물음표 살인마들,2026-02-14,https://www.youtube.com/watch?v=zJIxkQSyR3g
채현찌,Bang,안성재 마요피뇨 치킨 먹방 #shorts,2026-02-14,https://www.youtube.com/watch?v=AgL1lFL8M3w
플레임[이호종],강소연 Youtube,정실대전,2026-02-14,https://www.youtube.com/watch?v=_7sdjyZFSxg
따효니DDaHyoNi,인간젤리,하드코어 엔더드래곤 런 : 3 원정대 59,2026-02-14,https://www.youtube.com/watch?v=xfqR5wDde_I
댕균,레드,약탈하고 생존하고 탈출하는 FPS게임 | 델타포스,2026-02-14,https://www.youtube.com/watch?v=4bmF9K-tTW4
루태TV,"양띵 유튜브, 삼식, 서넹, 후추, 콩콩이다, 다주",사이보그3,2026-02-14,https://www.youtube.com/watch?v=Po35BGqgWHY
따효니DDaHyoNi,인간젤리,하드코어 엔더드래곤 런 : 3 원정대 60,2026-02-15,https://www.youtube.com/watch?v=2qDrxHuNXTY
따효니DDaHyoNi,인간젤리,하드코어 엔더드래곤 런 : 3 원정대 完,2026-02-15,https://www.youtube.com/watch?v=_GVHLGSo4HI
류으미,코아 TV,사기피해자들 30명 모아서 사기치는 게임시켜보기 ㅋㅋㅋㅋㅋㅋㅋ,2026-02-15,https://www.youtube.com/watch?v=W5ySIUFU8JA
아카네 리제 AKANE LIZE,"금휘, 백곰파",결국 리제에게 깨달음을 주기로 결심한 불법스님,2026-02-15,https://www.youtube.com/watch?v=bQ-OeCLcPT0
양띵 유튜브,"삼식, 서넹, 후추, 콩콩이다, 다주",[밥친구] 설날특집_인생게임2 1부,2026-02-15,https://www.youtube.com/watch?v=alO6fJsibC0
악어 유튜브,"너불, 핑맨, 중력유튜브, 만득유튜브, 수닝유튜브",악어가 잡일을 하면 생기는 일..｜마크존,2026-02-15,https://www.youtube.com/watch?v=Z8jRwXiZuUw
쫀득TV,윤가놈,마크 물낙법 실제로 하는 사람 윤가놈ㄷㄷ,2026-02-15,https://www.youtube.com/watch?v=2jynM5RHwJE
악어 유튜브,"너불, 핑맨, 중력유튜브, 만득유튜브, 수닝유튜브",전설 속의 검 엑스칼리버 #shorts,2026-02-15,https://www.youtube.com/watch?v=9IOOwftVchQ
루태TV,"양띵 유튜브, 삼식, 서넹, 후추, 콩콩이다, 다주",침식 작용2,2026-02-15,https://www.youtube.com/watch?v=L5iorJ8uFOs
새옴,핑맨,키말하는거지???? 핑맨???!!!! 맞지???? 대답.,2026-02-15,https://www.youtube.com/watch?v=SAgX9aiKHHU
나나양,램램,램램티비 기강잡는 거 실제로 봐버렸다,2026-02-15,https://www.youtube.com/watch?v=lIdhRvyL-Wg
다주,"양띵 유튜브, 삼식, 서넹, 후추, 콩콩이다",게임 동의 안(못)하는 사람,2026-02-15,https://www.youtube.com/watch?v=knVGtpthnww
푸린,"연비니, 왈도쿤",왈도쿤 연비니한테 백룸 스피드런 체험 시켜줬습니다 ㅋㅋㅋㅋ,2026-02-15,https://www.youtube.com/watch?v=8UUv4hxF740
루태TV,"양띵 유튜브, 삼식, 서넹, 후추, 콩콩이다, 다주",냄새,2026-02-16,https://www.youtube.com/watch?v=h95ti8_f0uM
나나양,뇨롱이_YouTube,픽셀에 심하게 MZ한 신입이 들어왔다.,2026-02-16,https://www.youtube.com/watch?v=PQuAsAuX2HI
이초홍,"나나양, 뇨롱이_YouTube",조용히 하세욧,2026-02-16,https://www.youtube.com/watch?v=an6dVAiINXQ
쫀득TV,푸린,요즘 애들의 플러팅 방법,2026-02-16,https://www.youtube.com/watch?v=XOcTbVjivM0
삐부찡,다주,다주사랑개,2026-02-16,https://www.youtube.com/watch?v=rtD-EThlEeg
코아 TV,꼬예유 & 한예찬의 게임저장소,⚡돌소장인 꼬예유의 2차제자 라장 🆚 1차제자 그냥찌⚡과연 이번에도 그냥찌의 승리일까요??,2026-02-16,https://www.youtube.com/watch?v=WBDzlYUutA0
양띵 유튜브,후추,보자 보자 후추 사진이,2026-02-16,https://www.youtube.com/watch?v=rXQwbmqlzjs
악어 유튜브,"너불, 핑맨, 중력유튜브, 만득유튜브, 수닝유튜브",놔라 내가 침 발라놨다｜빵을 가지고 튀어라 : 두쫀쿠 특집,2026-02-16,https://www.youtube.com/watch?v=NvfhrqNA8ec
강지,"램램, 탬탬버린",【설날 특집】귀성길 시간 가는 줄 모르고 보게 되는 추리 게임 모음,2026-02-16,https://www.youtube.com/watch?v=J2s7s1RBF7E
머독,"수탉, 끠끼",수탉 님 저 보이스피싱인데요 전화받으세요,2026-02-16,https://www.youtube.com/watch?v=BTcForOggXk
양띵 유튜브,"삼식, 서넹, 후추, 콩콩이다, 다주",[밥친구] 설날특집_인생게임2 2부,2026-02-16,https://www.youtube.com/watch?v=Ln1rL_v2tlQ
너불,레드,진짜 미안; [델타포스],2026-02-16,https://www.youtube.com/watch?v=T6ZykcsRddM
너불,시라유키 히나 SHIRAYUKI HINA,그럼 난 뭐야?,2026-02-17,https://www.youtube.com/watch?v=CyNsUkW935c
양띵 유튜브,"삼식, 서넹, 후추, 콩콩이다, 다주, 루태TV",두쫀쿠 강도단,2026-02-17,https://www.youtube.com/watch?v=kxS2gaEuJF8
꼬예유 & 한예찬의 게임저장소,조밈,새로운 무기 *창으로 쇼츠에디션 콤보* 를 배워온 조밈 초대석 2,2026-02-17,https://www.youtube.com/watch?v=E-1v3pYnk0Q
중력유튜브,"너불, 핑맨",[맹든링 EP.8] 맹든링 2의 시작?!,2026-02-17,https://www.youtube.com/watch?v=qRgwI_pPbzQ
루태TV,"양띵 유튜브, 삼식, 서넹, 후추, 콩콩이다, 다주",불가능2,2026-02-17,https://www.youtube.com/watch?v=R9C0IRebHpA
류으미,에렌디라,결국 엄한데서도 스트리머 팔아먹으러 간 사람,2026-02-17,https://www.youtube.com/watch?v=slfb4uKzSVI
악어 유튜브,"너불, 핑맨, 중력유튜브, 만득유튜브, 수닝유튜브",🎉설특집🎉 2025 클립 돌아보기｜늪지대 핫클립,2026-02-17,https://www.youtube.com/watch?v=OmDw5QuLh0E
악어 유튜브,"너불, 핑맨, 중력유튜브, 만득유튜브, 수닝유튜브",'노방패' '노갑옷' 하드코어의 결말은?,2026-02-17,https://www.youtube.com/watch?v=DVUg92aXq2I
설백,YouTube지누,[연휴특선] 픽셀 토크 모음집💦,2026-02-17,https://www.youtube.com/watch?v=-cvc3jboxtE
뇨롱이_YouTube,"YouTube지누, 김뿡, 나나양, 탬탬버린, 김똘복, 아구이뽀 A924, 이초홍, 악녀, 설백, 연비니, 채현찌",【설 연휴 특집】 뇨롱이 픽셀 합방 모음집🎁,2026-02-17,https://www.youtube.com/watch?v=lwkN00UoipY
이춘향,"나나양, 탬탬버린, 김뚜띠",탬탬버린! 난 항상 너의 마니또야,2026-02-17,https://www.youtube.com/watch?v=T3KczNd_feA
양띵 유튜브,"삼식, 서넹, 후추, 콩콩이다, 다주, 루태TV",[콩콩이 양띵한테 제일 긁혔던 날ㅋㅋ] - ☢️핵전쟁 RPG #비하인드 토크쇼 4편,2026-02-18,https://www.youtube.com/watch?v=pO56SDUaz_8
루태TV,"양띵 유튜브, 삼식, 서넹, 후추, 콩콩이다, 다주",3단 합체,2026-02-18,https://www.youtube.com/watch?v=YUeVunryYYc
여까네 유튜브,"왈도쿤, 이무지",21세기인의 필수품 저주받을 김한백 인형!   |  여까 라디오 하이라이트,2026-02-18,https://www.youtube.com/watch?v=tbrANbWRFOk
따효니DDaHyoNi,"김뿡, 삼식, 피닉스박",동생 질투하는 사촌형들,2026-02-18,https://www.youtube.com/watch?v=xXmV9whGxz4
다주,"양띵 유튜브, 삼식, 서넹, 후추, 콩콩이다",좀비 검문하기. 선택은?,2026-02-18,https://www.youtube.com/watch?v=qVuohChdZGc
쫀득TV,윤가놈,포켓몬 맞히기 포평 수준ㅋㅋㅋㅋ,2026-02-18,https://www.youtube.com/watch?v=jIE6UFQ_6Pc
악어 유튜브,"너불, 핑맨, 중력유튜브, 만득유튜브, 수닝유튜브",그냥괴물｜이세계 요리전쟁: 흑백요리사 특집,2026-02-18,https://www.youtube.com/watch?v=tzziHxG0IkI
악동 김블루,꽃핀,다들 레벨 좀 귀엽네?ㅋㅋ 추억의 좀비게임을 유튜버 16명과 해봤습니다 [카스온라인],2026-02-18,https://www.youtube.com/watch?v=_Qkr-EasgNM
유즈하 리코 YUZUHA RIKO,텐코 시부키 TENKO SHIBUKI,[설날특집]연휴의 마무리는 양배추와 여우신의 티격태격 공포게임과 함께!,2026-02-18,https://www.youtube.com/watch?v=3rQcyINLCHI
시라유키 히나 SHIRAYUKI HINA,아오쿠모 린 AOKUMO RIN,슬슬 선배랑 함 트자.,2026-02-18,https://www.youtube.com/watch?v=qBztjb3IPis
악어 유튜브,"너불, 핑맨, 중력유튜브, 만득유튜브, 수닝유튜브",피의 검무 공개｜마크에이지 리턴즈3 무기테스트,2026-02-19,https://www.youtube.com/watch?v=G-VFASITkbw
양띵 유튜브,"삼식, 서넹, 후추, 콩콩이다, 다주, 루태TV",[과거의 콩콩아 그러면 안 돼!!! 멈춰!!!!!] - ☢️핵전쟁 RPG #비하인드 토크쇼 5편,2026-02-19,https://www.youtube.com/watch?v=HrVyRQXt6DU
따효니DDaHyoNi,"김뿡, 삼식, 피닉스박",공격의 따효니 수비의 삼식,2026-02-19,https://www.youtube.com/watch?v=bSjoRSy9ZBM
이초홍,"나나양, 뇨롱이_YouTube",낮방 늙은이 츄츄초#이초홍 #티뭉 #뇨롱이 #픽셀네트워크,2026-02-19,https://www.youtube.com/watch?v=HoFmafdTG7Y
악어 유튜브,"너불, 핑맨, 중력유튜브, 만득유튜브, 수닝유튜브",롤 대회 도중 영구정지 해명합니다 #shorts,2026-02-19,https://www.youtube.com/watch?v=_5eu39ya2FI
아오쿠모 린 AOKUMO RIN,"시라유키 히나 SHIRAYUKI HINA, 텐코 시부키 TENKO SHIBUKI",우리는 메이드 카페를 열어 세상을 지배할 것입니다,2026-02-19,https://www.youtube.com/watch?v=XNHH4VKraS4
끠끼,"수탉, 머독",스트리머한테 '동거' 하자는 말을 듣게 된 이유는..?!,2026-02-19,https://www.youtube.com/watch?v=g-MgnQq3Zd4
루태TV,"양띵 유튜브, 삼식, 서넹, 후추, 콩콩이다, 다주",비밀 통로,2026-02-19,https://www.youtube.com/watch?v=-4F0W7DwUrc
설백,램램,[연휴특선] 리썰컴퍼니 모음집😈,2026-02-19,https://www.youtube.com/watch?v=AIg-5GBnrt8
아라하시 타비 ARAHASHI TABI,"아구이뽀 A924, 하시요 HaSiyo",이건 벌목왕이 최고의 다단계가 되기까지의 이야기 [봉봉팜 1화],2026-02-19,https://www.youtube.com/watch?v=G0HFdb6xrvo
쫀득TV,윤가놈,포켓몬 덕후 컷 높네;;,2026-02-19,https://www.youtube.com/watch?v=-pV7WtS0n9M
여까네 유튜브,"델로략국, 왈도쿤","방심하지마라, 왈도쿤..! (방심함) ┃ 여까 우노 데스매치 하이라이트",2026-02-20,https://www.youtube.com/watch?v=SP3ZmKan404
인간젤리,따효니DDaHyoNi,일퀘=일괄 퀘스트 수행 (w.따효니) [DX:각성자들],2026-02-20,https://www.youtube.com/watch?v=wbIgAQrMGQI
뇨롱이_YouTube,"김뿡, 나나양, 채현찌",뇨황 진짜 씹간지네 【픽셀 노가리】,2026-02-20,https://www.youtube.com/watch?v=6EMEVgjmaXo
루태TV,"양띵 유튜브, 삼식, 서넹, 후추, 콩콩이다, 다주",사이보그4,2026-02-20,https://www.youtube.com/watch?v=3SYIQTZAvJA
희지,이오몽,미츄 장녀 vs 막내 🔥 영물이랑 MZ의 줄임말 맞히기,2026-02-20,https://www.youtube.com/watch?v=ZW0rg9HwIXs
양띵 유튜브,"삼식, 서넹, 후추, 콩콩이다, 다주, 루태TV",[양띵TV 대규모 중 역대급 창창창 사건😭] - ☢️핵전쟁 RPG #비하인드 토크쇼 6편,2026-02-20,https://www.youtube.com/watch?v=49rCB3mRIHI
악어 유튜브,"너불, 핑맨, 중력유튜브, 만득유튜브, 수닝유튜브",마크에이지 리턴즈3 흑룡에 대항할 자 11회차 2부 | 악어 마인크래프트 M.C.Age Returns 3,2026-02-20,https://www.youtube.com/watch?v=1_N8J-Xhbz4
1분마뫄,러너,분내 음미하는 둥포티,2026-02-20,https://www.youtube.com/watch?v=Hw12BZfO-jE
따효니DDaHyoNi,삼식,삼따듀오 랭크점수도난사건,2026-02-20,https://www.youtube.com/watch?v=f3J3nQWkh-c
악동 김블루,강지,와 시체가 말을하네,2026-02-20,https://www.youtube.com/watch?v=PSZ4VqvLJGo
퀸톨 TV,꼬예유 & 한예찬의 게임저장소,방송 끝난 줄 알고 속마음 나와버린?! 우결 커플! [진심 주의],2026-02-20,https://www.youtube.com/watch?v=TgMF8cAuLDo
악어 유튜브,"너불, 핑맨, 중력유튜브, 만득유튜브, 수닝유튜브",마크에이지 리턴즈3 흑룡에 대항할 자 11회차 1부 | 악어 마인크래프트 M.C.Age Returns 3,2026-02-20,https://www.youtube.com/watch?v=2-Yw8WRUA-o
다주,"양띵 유튜브, 삼식, 서넹, 후추, 콩콩이다",내 별명이 생겼는데 숭하다,2026-02-20,https://www.youtube.com/watch?v=pCAYcseCflY
코뚱잉,류제홍 RYUJEHONG,오뎅탕에 위스키 한잔 (ft.류제홍),2026-02-21,https://www.youtube.com/watch?v=AE3ublISerk
다주,"양띵 유튜브, 삼식, 서넹, 후추, 콩콩이다, 모아",무림에 모아이... 이거 맞아?,2026-02-21,https://www.youtube.com/watch?v=Pc3_qQBP_Fg
따효니DDaHyoNi,삼식,점수는 높아졌어도 두뇌는 그대로,2026-02-21,https://www.youtube.com/watch?v=W7U2VZ9BKbI
양띵 유튜브,"삼식, 서넹, 후추, 콩콩이다, 다주, 루태TV",[💌멤버십 맛보기] 양띵과 다주의 뒤바뀐 세계,2026-02-21,https://www.youtube.com/watch?v=4vPETgwCo68
피닉스박,괴물쥐 유튜브,[속보] 괴물 신입 원딜 영입,2026-02-21,https://www.youtube.com/watch?v=n71fBRTmcNU
도티 TV,샘웨,'도티(미혼) X 샘웨(기혼)' 위기의 남자들👬🏻 페이트트리거 행사장 방문기,2026-02-21,https://www.youtube.com/watch?v=fy3MUaMSW-M
악어 유튜브,"너불, 핑맨, 중력유튜브, 만득유튜브, 수닝유튜브",마크에이지 리턴즈3 수성의 귀재 11회차 3부 | 악어 마인크래프트 M.C.Age Returns 3,2026-02-21,https://www.youtube.com/watch?v=r1KOA6HyvXI
금휘,쫀득TV,서로 닮았다는 소리만 듣다가 드디어 만났다..,2026-02-21,https://www.youtube.com/watch?v=SO6kH0cfj18
태경 TV,쁘허,쁘허를 이기기위해 똥겜 현질을 해버린 태경 ㄷㄷㄷ (로블록스),2026-02-21,https://www.youtube.com/watch?v=AWI7fU_JYI0
강소연 Youtube,디디디용 DDDDragon,디용디용아 편하게 대하니까 내가 친구같아?,2026-02-21,https://www.youtube.com/watch?v=Ly8iZeQ-VNU
시라유키 히나 SHIRAYUKI HINA,아오쿠모 린 AOKUMO RIN,갑자기 떨어진 사형선고,2026-02-21,https://www.youtube.com/watch?v=ZYDJf_4lLhw
유즈하 리코 YUZUHA RIKO,강지,반역의 현장을 목격했습니다,2026-02-21,https://www.youtube.com/watch?v=kiboynPNjcQ
아라하시 타비 ARAHASHI TABI,쫀득TV,두쫀쿠 사줄 뿡댕이 구해요@@@@@ #shorts #vtuber #타비,2026-02-21,https://www.youtube.com/watch?v=96nD1FynKF0
류으미,"악녀, 라디유, 원정상",지는놈은 옷 벗는 설날기념 류악투라 맞고 특집 ㅋㅋㅋㅋㅋㅋㅋㅋㅋㅋ,2026-02-21,https://www.youtube.com/watch?v=4PZhfF0S9tU
하지유,"러끼, 모아, 부쿠키",사랑해요 쿠키선배,2026-02-21,https://www.youtube.com/watch?v=cflbStekbcY
루태TV,"양띵 유튜브, 삼식, 서넹, 후추, 콩콩이다, 다주",침식작용3,2026-02-21,https://www.youtube.com/watch?v=qMJjhw_yVi4
연비니,"푸린, 왈도쿤",2026년 크리스마스 대기방🤎,2026-02-21,https://www.youtube.com/watch?v=V_UW6c3Xu50
쫀득TV,금휘,눈가리고 보면 이쁜 금휘..,2026-02-21,https://www.youtube.com/watch?v=Naln34tUuH8
강지,"김뿡, 김뚜띠, 이춘향",딸내미 직장에서 시원하게 깽판치기 [봉봉팜 - 3편 完],2026-02-21,https://www.youtube.com/watch?v=maMtsd2su5Q
악어 유튜브,"너불, 핑맨, 중력유튜브, 만득유튜브, 수닝유튜브",마크에이지 리턴즈3 수성의 귀재 11회차 4부(완결) | 악어 마인크래프트 M.C.Age Returns 3,2026-02-21,https://www.youtube.com/watch?v=SQ9DhQ88QBA
후추,양띵 유튜브,200만원짜리 모니터를 사긴 했는데...,2026-02-22,https://www.youtube.com/watch?v=Vgzc761XTbM
여까네 유튜브,"델로략국, 사모장, 왈도쿤, 앵보",델로략국 (신랑) 쇼케이스 ┃ 여까 라디오 하이라이트,2026-02-22,https://www.youtube.com/watch?v=qLPWjp5_-ZU
중력유튜브,"너불, 핑맨",[마크에이지 리턴즈3 6회차] 백호의 주인,2026-02-22,https://www.youtube.com/watch?v=oGe5Qqzr-2k
양띵 유튜브,"삼식, 서넹, 후추, 콩콩이다, 다주, 루태TV",저 사람 양띵크루 아님,2026-02-22,https://www.youtube.com/watch?v=bhvYdzaxX6U
푸린,이로나묭 치카 【Ch. Mao Chika】,진짜 '리틀 나이트메어3'가 드디어 나왔습니다!,2026-02-22,https://www.youtube.com/watch?v=21UjNVCGdiY
쫀득TV,금휘,금휘 실체를 알고 도망치는 소개팅남..,2026-02-22,https://www.youtube.com/watch?v=igHm8ZHLlgk
루태TV,"양띵 유튜브, 삼식, 서넹, 후추, 콩콩이다, 다주",다이어트 실패,2026-02-22,https://www.youtube.com/watch?v=AFmSyrMDQO8
악어 유튜브,"너불, 핑맨, 중력유튜브, 만득유튜브, 수닝유튜브",X지 푸딩이요..? | 늪지대 노가리,2026-02-22,https://www.youtube.com/watch?v=VUtD1Ou0ZTo
일루전 ILLUSION,러너,다시 돌아온 러너리그...이번에도 선수들이 심상치 않은데요? | 오버워치 러너리그 시즌4 EP.01,2026-02-22,https://www.youtube.com/watch?v=h8BX39cPeXY
강소연 Youtube,디디디용 DDDDragon,테라리아하면서 하루종일 기잔치,2026-02-22,https://www.youtube.com/watch?v=6awyO_W0qlc
강지,악동 김블루,블루의 깜짝 이벤트(?),2026-02-22,https://www.youtube.com/watch?v=ezbJ2jaC8VM
아카네 리제 AKANE LIZE,강지,연습생 시절 내가 짤렸다고 생각한 이유,2026-02-22,https://www.youtube.com/watch?v=jijwE3EiKqU
악어 유튜브,"임나은, 너불, 핑맨, 중력유튜브, 만득유튜브, 수닝유튜브",늪평 올리기 #shorts,2026-02-22,https://www.youtube.com/watch?v=MN7brZ1VApY
피닉스박,괴물쥐 유튜브,이세계에서 하는 갈비찜의 복수,2026-02-22,https://www.youtube.com/watch?v=MsAFlPN8VWg
따효니DDaHyoNi,삼식,명탐정의 탈출법,2026-02-22,https://www.youtube.com/watch?v=FS086hoYWk8
왈도쿤,이무지,이무지의 빨간약은 작습니다(?),2026-02-23,https://www.youtube.com/watch?v=Fw2I9RMpMNE
연비니,"푸린, 왈도쿤",얘들아 나 버리지마..!!,2026-02-23,https://www.youtube.com/watch?v=U8spKHp7fuY
양띵 유튜브,"삼식, 서넹, 후추, 콩콩이다, 다주",[간식친구] 알아두면 다~ 쓸데있는 콩콩이의 잡지식 모음집,2026-02-23,https://www.youtube.com/watch?v=eXuQNapAvH0
이초홍,이춘향,ㅊㅎ 언니 일어나!!!,2026-02-23,https://www.youtube.com/watch?v=uvi0EnLQWkA
시라유키 히나 SHIRAYUKI HINA,윤가놈,히나는 실망했다 #vtuber #shorts,2026-02-23,https://www.youtube.com/watch?v=48SWxElceE4
악동 김블루,"강지, YouTube지누",그걸 왜 강지누나한테 물어보냐고,2026-02-23,https://www.youtube.com/watch?v=CLv_LnvjxRg
악어 유튜브,"너불, 핑맨, 중력유튜브, 만득유튜브, 수닝유튜브",너불이 스트레스 많이 받을 거야｜마인옵스,2026-02-23,https://www.youtube.com/watch?v=fz7-Qwm61dE
1분마뫄,"러너, 일루전 ILLUSION",귀하게 자란 내가 이런걸 봐도 될까,2026-02-23,https://www.youtube.com/watch?v=nubkfyf5T04
서넹,양띵 유튜브,치지직 정상화 시킨 스트리머,2026-02-23,https://www.youtube.com/watch?v=6j6efGTafM8
루태TV,"양띵 유튜브, 삼식, 서넹, 후추, 콩콩이다, 다주",1인칭 시점,2026-02-23,https://www.youtube.com/watch?v=421rNZrl3QU
테스터훈 TesterHoon,텔론,세븐나이츠 리버스 랭킹 1위의 실시간 결투장 승률 100% 찍는 방법 공개..! | 텔론 장인초대석 [테스터훈],2026-02-23,https://www.youtube.com/watch?v=NfPQx07v2tI
쌍튜브,"디디디용 DDDDragon, 강소연 Youtube","쌍베 vs 송강, 강소연의 선택은? [테라리아(w.강소띠용)]",2026-02-23,https://www.youtube.com/watch?v=X_yMyyi8eII
삐부찡,"탬탬버린, 뇨롱이_YouTube",막내랑 대화하는법,2026-02-23,https://www.youtube.com/watch?v=iBytUJqA-B8
피닉스박,탬탬버린,탬탬님 저를 속이신건가요,2026-02-23,https://www.youtube.com/watch?v=A7hgoT4FKlo
너불,채현찌,그렇게 됐다,2026-02-23,https://www.youtube.com/watch?v=H_G323euiBI
채현찌,너불,운전 시작했습니다,2026-02-23,https://www.youtube.com/watch?v=EyiUrcN8SZk
아라하시 타비 ARAHASHI TABI,"강지, 김뿡",아니 치지직 스트리머 강지님. [봉봉팜 2화],2026-02-24,https://www.youtube.com/watch?v=W_KMbjnVOZU
피닉스박,탬탬버린,판자 팝니다 제발요,2026-02-24,https://www.youtube.com/watch?v=p6uMEsSwO_g
양띵 유튜브,"삼식, 서넹, 후추, 콩콩이다, 다주, 루태TV",요즘 인방 쉽지 않네,2026-02-24,https://www.youtube.com/watch?v=t-JtAnhC5gQ
서넹,양띵 유튜브,드디어 오버워치 다이아 찍었습니다!,2026-02-24,https://www.youtube.com/watch?v=kHy_i01KHsQ
다주,"양띵 유튜브, 삼식, 서넹, 후추, 콩콩이다",아이브 콘서트 티켓팅 도전,2026-02-24,https://www.youtube.com/watch?v=M1YQco51ivE
텐코 시부키 TENKO SHIBUKI,강지,사장님한테 모데궁 걸렸습니다...,2026-02-24,https://www.youtube.com/watch?v=JnJG67UFTAU
루태TV,"양띵 유튜브, 삼식, 서넹, 후추, 콩콩이다, 다주",생중계,2026-02-24,https://www.youtube.com/watch?v=Ugfat4JI-20
악어 유튜브,"너불, 핑맨, 중력유튜브, 만득유튜브, 수닝유튜브",마크에서 돈 버는 방법 #shorts,2026-02-24,https://www.youtube.com/watch?v=anFhMk58Ico
따효니DDaHyoNi,강소연 Youtube,강소연과 숫자야구,2026-02-24,https://www.youtube.com/watch?v=rCE85NtcRPc
악어 유튜브,"너불, 핑맨, 중력유튜브, 만득유튜브, 수닝유튜브",개리의 위험한 한마디｜증강 칼바람,2026-02-24,https://www.youtube.com/watch?v=0jUizoW86sA
이춘향,탬탬버린,얘들아.. 어디갔어?,2026-02-24,https://www.youtube.com/watch?v=VUdGYKV2ckE
나나양,뇨롱이_YouTube,스트리머 뇨롱이님.,2026-02-24,https://www.youtube.com/watch?v=4bkvFiMbfmo
1분마뫄,러너,유니유니야 그게 무슨 소리니,2026-02-24,https://www.youtube.com/watch?v=G8Vhe4_aZbA
태경 TV,쁘허,쁘허가 태경에게 요리선물을 해주는 게임 (로블록스),2026-02-25,https://www.youtube.com/watch?v=fqiAMAdCIEk
따효니DDaHyoNi,강소연 Youtube,강소연과 지뢰찾기,2026-02-25,https://www.youtube.com/watch?v=ZPrY9Gzf49E
머독,레드,야 전화 받아봐. 전화 받아 보라니까?,2026-02-25,https://www.youtube.com/watch?v=ytkj_4bwWaQ
다주,"양띵 유튜브, 삼식, 서넹, 후추, 콩콩이다",이거 역대급 물건인데...?,2026-02-25,https://www.youtube.com/watch?v=3sWtTr67H8k
댕균,빅헤드,뉴 개세마리,2026-02-25,https://www.youtube.com/watch?v=nW8I2ZWCKO4
1분마뫄,러너,창식 코치의 파멸적인 일갈 ㅋㅋㅋㅋㅋ,2026-02-25,https://www.youtube.com/watch?v=QVZm2Bv2a4w
아카네 리제 AKANE LIZE,"강지, 풍월량, 철면수심",놀리기 좋아하는 삼촌들 앞에서 말실수하면 생기는 일,2026-02-25,https://www.youtube.com/watch?v=mXwdk67ATZc
퀸톨 TV,"꼬예유 & 한예찬의 게임저장소, 코아 TV",라이벌 크루 대전!! 1등 크루는 ? [팀큐브 VS 꽥꽥탐험대 😆],2026-02-25,https://www.youtube.com/watch?v=uLZRPdsVuAI
멋사유튜브,"이춘향, 부쿠키",이거.. 믿어도 되는거야?,2026-02-25,https://www.youtube.com/watch?v=gaPFLdNEpBM
루태TV,"양띵 유튜브, 삼식, 서넹, 후추, 콩콩이다, 다주",바꿔치기,2026-02-25,https://www.youtube.com/watch?v=G8HgCX6Cwx4
악어 유튜브,"너불, 핑맨, 중력유튜브, 만득유튜브, 수닝유튜브",대통령님한테 선물 받았습니다｜늪지대 노가리,2026-02-25,https://www.youtube.com/watch?v=QEIOacQzFnU
연비니,꽃핀,이거 진짜야? 꿈 아니지?!,2026-02-25,https://www.youtube.com/watch?v=dh3BaKGXk94
양띵 유튜브,"삼식, 서넹, 후추, 콩콩이다, 다주, 루태TV",[이런 말은 하지 마세요🙏] - ☢️핵전쟁 RPG #비하인드 토크쇼 7편,2026-02-25,https://www.youtube.com/watch?v=T6SG3elNAic
우주하마,얍얍,음성인식 마법 발사 협동 게임,2026-02-25,https://www.youtube.com/watch?v=efgszkNS-eU
뇨롱이_YouTube,YouTube지누,"픽셀 신입, 잡도리 선배들에게 살아남기 1일차 【픽크타2】",2026-02-26,https://www.youtube.com/watch?v=Bvzt3ic-Ax0
악어 유튜브,"너불, 핑맨, 중력유튜브, 만득유튜브, 수닝유튜브",마크판 피코파크,2026-02-26,https://www.youtube.com/watch?v=BWspjH-Ti8o
태경 TV,쁘허,감자 태경이 감자 쁘허를 먹는 날 (로블록스),2026-02-26,https://www.youtube.com/watch?v=nmGhSZcXFgQ
강지,철면수심,애들 어린이집을 바꿨는데...,2026-02-26,https://www.youtube.com/watch?v=E2XWKen_E4E
양띵 유튜브,"삼식, 서넹, 후추, 콩콩이다, 다주, 루태TV",[삼식이 후혐 하게 된 이유] - ☢️핵전쟁 RPG #비하인드 토크쇼 8편,2026-02-26,https://www.youtube.com/watch?v=Q8SI-aUuS_I
여까네 유튜브,이무지,"김 ""The 맵찔이"" 여까 ┃ 여까 라디오 하이라이트",2026-02-26,https://www.youtube.com/watch?v=CknzGPKP5tU
1분마뫄,러너,예상치 못한 강팀에 발끈한 이센세 ㅋㅋㅋㅋㅋㅋㅋㅋ,2026-02-26,https://www.youtube.com/watch?v=4JzZ_AlsLFk
루태TV,"양띵 유튜브, 삼식, 서넹, 후추, 콩콩이다, 다주",크흠크흠,2026-02-26,https://www.youtube.com/watch?v=fEqtoKrlRPM
망내 MangNae,너불,악어크루의 너불님. 죄송합니다.,2026-02-26,https://www.youtube.com/watch?v=QNb-PWrB3EU
아라하시 타비 ARAHASHI TABI,"아카네 리제 AKANE LIZE, 얍얍",소리 지르면 마법이 나가는 공겜을 해봤습니다,2026-02-26,https://www.youtube.com/watch?v=9IQFWvwzQjI
따효니DDaHyoNi,강소연 Youtube,나 혼자만 지능이 있는 세계,2026-02-26,https://www.youtube.com/watch?v=rzr9Z-Sc8Wg
강소연 Youtube,디디디용 DDDDragon,강소연과 소풍왔니에게 절대 밉보이지 마,2026-02-26,https://www.youtube.com/watch?v=RNUa3yF8kTM
여까네 유튜브,왈도쿤,"내가 약해졌다고 해서, 딱히 네가 강해진 건 아니잖냐 ┃ 여까 라디오 하이라이트",2026-02-27,https://www.youtube.com/watch?v=gvgrgAUP-cM
1분마뫄,러너,표정에서 모든게 드러나는 솔직한 청년 ㅋㅋㅋㅋㅋ,2026-02-27,https://www.youtube.com/watch?v=iyCiVzYQ300
아오쿠모 린 AOKUMO RIN,"강지, YouTube지누, 빅헤드, 노돌리",도망가지마!!,2026-02-27,https://www.youtube.com/watch?v=WvJ9k3nhJH4
설백,YouTube지누,지누의 픽크타2 많은 관심 부탁드립니다,2026-02-27,https://www.youtube.com/watch?v=ha_6freYTlU
루태TV,"양띵 유튜브, 삼식, 서넹, 후추, 콩콩이다, 다주",크루시오,2026-02-27,https://www.youtube.com/watch?v=LjO2yGRt2ks
악어 유튜브,"너불, 핑맨, 중력유튜브, 만득유튜브, 수닝유튜브",마크에이지 리턴즈3 점령전 12회차 1부 | 악어 마인크래프트 M.C.Age Returns 3,2026-02-27,https://www.youtube.com/watch?v=D-I8giR0eNg
아오니,혜안,※소름주의※ 추리 개잘하는 혜안져스 덕몽어스 아오니 시점,2026-02-27,https://www.youtube.com/watch?v=ai8CDvzGM1g
중력유튜브,"너불, 핑맨",[맹든링 EP.9] 2계층 퍼클 도전,2026-02-27,https://www.youtube.com/watch?v=SB31aukzuYo
다주,"양띵 유튜브, 삼식, 서넹, 후추, 콩콩이다",특이점이 온 갤럭시 북 AI 기능 근황,2026-02-27,https://www.youtube.com/watch?v=k8fYmMjpiDk
양띵 유튜브,"삼식, 서넹, 후추, 콩콩이다, 다주, 루태TV","[굿바이, 핵전쟁 RPG!🤚] - ☢️핵전쟁 RPG #비하인드 토크쇼 9편 *완결*",2026-02-27,https://www.youtube.com/watch?v=4EDIl-ZdSJA
악동 김블루,"백곰파, 꼬예유 & 한예찬의 게임저장소",술자리에 갔더니 모르는 여자가.. 곰파님과 술한잔 했습니다 [생일카페 썰],2026-02-27,https://www.youtube.com/watch?v=jeqpcQ-Qahs
다주,"양띵 유튜브, 삼식, 서넹, 후추, 콩콩이다, 강소연 Youtube",선물로 두쫀쿠주는 좋은 MCN,2026-02-27,https://www.youtube.com/watch?v=rSri7DARwmY
이초홍,이춘향,티뭉아 나야 ㅇㅊㅎ 티뭉아 나야  ㅇㅊㅎ 티뭉아 나야  ㅇㅊㅎ 티뭉아 나야  ㅇㅊㅎ 티뭉아 나야  ㅇㅊㅎ 티뭉아 나야  ㅇㅊㅎ 티뭉아 나야  ㅇㅊㅎ,2026-02-27,https://www.youtube.com/watch?v=IaJUxMkOuak
너불,아라하시 타비 ARAHASHI TABI,아 진짜 좀,2026-02-27,https://www.youtube.com/watch?v=UG1n4F6boFk
악어 유튜브,"너불, 핑맨, 중력유튜브, 만득유튜브, 수닝유튜브",마크에이지 리턴즈3 점령전 12회차 2부 | 악어 마인크래프트 M.C.Age Returns 3,2026-02-27,https://www.youtube.com/watch?v=pugGh597DHk
하지유,세노,때려서 고치기,2026-02-27,https://www.youtube.com/watch?v=GRzLfWPw5n4
강소연 Youtube,디디디용 DDDDragon,밸런스게임 착한 쌍베vs나쁜 송강,2026-02-27,https://www.youtube.com/watch?v=lxsQe1jtdPs
서넹,양띵 유튜브,자장가 부르면 잠드는 강아지,2026-02-27,https://www.youtube.com/watch?v=8TF5fYgWqm4
감스트GAMST,두치와뿌꾸,감스트 피파 본캐 2000만원 현질!! 초대박 떴습니다!!,2026-02-28,https://www.youtube.com/watch?v=nfhgRLjHxVg
루태TV,"양띵 유튜브, 삼식, 서넹, 후추, 콩콩이다, 다주",크크흠,2026-02-28,https://www.youtube.com/watch?v=SoFErvfVyPM
아야츠노 유니 AYATSUNO YUNI,채현찌,채현찌도 같이 삐질게! 🎶💘 #스텔라이브 #유니 #삐질게,2026-02-28,https://www.youtube.com/watch?v=-zt3Fn4cRUk
삐부찡,코렛트YouTube,코렛트 바보라고 놀리기ㅋㅋ,2026-02-28,https://www.youtube.com/watch?v=jevmJ6TsHhU
다주,후추,나만 볼 수 없다,2026-02-28,https://www.youtube.com/watch?v=g5y8FgxlKag
악어 유튜브,"너불, 핑맨, 중력유튜브, 만득유튜브, 수닝유튜브",마크에이지 리턴즈3 멸망 위기에 놓인 국가 12회차 4부(완결) | 악어 마인크래프트 M.C.Age Returns 3,2026-02-28,https://www.youtube.com/watch?v=DrUILMza58M
악동 김블루,"채현찌, 금휘, 백곰파",기왕 사과할거면 정장 입어주세요. 배그 클랜원분들,2026-02-28,https://www.youtube.com/watch?v=6H-nsnqgVxk
1분마뫄,러너,[러너리그 시즌4] '센세 어디가' 팀에는 낭만이 있다.,2026-02-28,https://www.youtube.com/watch?v=kAzuzeJTkmE
악어 유튜브,"너불, 핑맨, 중력유튜브, 만득유튜브, 수닝유튜브",15년차 고인물의 역대급 스틸 #shorts,2026-02-28,https://www.youtube.com/watch?v=83a_g-K-3KA
퀸톨 TV,꼬예유 & 한예찬의 게임저장소,라이벌에서 재능 vs 현질 누가 이길까?,2026-02-28,https://www.youtube.com/watch?v=qyNnFia1Ds0
쫀득TV,"델로략국, 장마군",진짜 음지 개인기 하는 델로ㅋㅋㅋㅋㅋㅋㅋㅋㅋㅋㅋㅋㅋ,2026-02-28,https://www.youtube.com/watch?v=PdofGtmBZ2Y
쫀득TV,"델로략국, 장마군",델로략국의 아오옭 참는 버전ㅋㅋㅋㅋㅋ,2026-02-28,https://www.youtube.com/watch?v=iA0z0OfbCc4
피닉스박,"탬탬버린, 삼식",미궁 갈 사람.. 미궁 갈 사람..,2026-02-28,https://www.youtube.com/watch?v=QcrxepFHexQ
강지,"YouTube지누, 김뚜띠, 다주, 장마군",10년 알고 지낸 누나도 결국 고백하게 만드는 남자...,2026-02-28,https://www.youtube.com/watch?v=tJkuNBazknU
여까네 유튜브,왈도쿤,하우카우.. 빡치다..! ┃ 여까 라디오 하이라이트,2026-02-28,https://www.youtube.com/watch?v=ZZ9n6p34Iz0
악어 유튜브,"너불, 핑맨, 중력유튜브, 만득유튜브, 수닝유튜브",마크에이지 리턴즈3 멸망 위기에 놓인 국가 12회차 3부 | 악어 마인크래프트 M.C.Age Returns 3,2026-02-28,https://www.youtube.com/watch?v=DnLkWYgSXjM
양띵 유튜브,"삼식, 서넹, 후추, 콩콩이다, 다주, 루태TV",[로블록스 브레인롯 훔치기]를 마크 버전으로??? - 겨울 산장 탈탈 털기 #1,2026-02-28,https://www.youtube.com/watch?v=LwK9c6dOH3c
강소연 Youtube,디디디용 DDDDragon,엄마 아빠라고 하지 마라 진짜 뒤진다,2026-02-28,https://www.youtube.com/watch?v=G7TR2XXN3bc
1분마뫄,러너,러너리그 동안 쌓인게 많았던 이선생님 ㅋㅋㅋㅋㅋ,2026-03-01,https://www.youtube.com/watch?v=mc7de7MbzBo
쫀득TV,"델로략국, 장마군",결혼 단점=여친이 집에 안 감,2026-03-01,https://www.youtube.com/watch?v=EWKFVVLbv4s
루태TV,"양띵 유튜브, 삼식, 서넹, 후추, 콩콩이다, 다주",프렌드 실드,2026-03-01,https://www.youtube.com/watch?v=nqVbK0MNoes
쫀득TV,"델로략국, 왈도쿤, 장마군",돼지 냄새 날 거 같아요.. 첫인상 블라인드 테스트 레전드 장마군편,2026-03-01,https://www.youtube.com/watch?v=K-GX1oC0qiI
다주,"양띵 유튜브, 삼식, 서넹, 후추, 콩콩이다",나혼자만 즐기는 스트리머 서버 (픽크타2 1편),2026-03-01,https://www.youtube.com/watch?v=e6PDxcqfg2Q
라디유,Hyang Ah Chi 향아치,서로 돈주고 비난할 기회를 산 라디유 향아치,2026-03-01,https://www.youtube.com/watch?v=yhW8tM8YYBQ
악어 유튜브,"너불, 핑맨, 중력유튜브, 만득유튜브, 수닝유튜브",그 녀석들 #shorts,2026-03-01,https://www.youtube.com/watch?v=33bxnHEJUyU
피닉스박,"탬탬버린, 삼식",독수리 내려!!!!!!!!!,2026-03-01,https://www.youtube.com/watch?v=lhza3F2Ftfg
Hyang Ah Chi 향아치,라디유,사실적시 명예훼손을 당할 시간이다,2026-03-01,https://www.youtube.com/watch?v=4nR1t2l72Rw
소니쇼게임방송,위도 W2RDØ,내가 20대 중반에 오버워치 했었는데 너네는 몇 살 때 했니?,2026-03-01,https://www.youtube.com/watch?v=c_MxRoW01b8
양띵 유튜브,"삼식, 서넹, 후추, 콩콩이다, 다주, 루태TV",빈털터리가 된 띵이의 눈물💦 - 겨울 산장 탈탈 털기 #2,2026-03-01,https://www.youtube.com/watch?v=ZgTRHmVWGOA
악어 유튜브,"너불, 핑맨, 중력유튜브, 만득유튜브, 수닝유튜브",중력은 멘탈이 완전히 나가버렸습니다｜증강 칼바람,2026-03-01,https://www.youtube.com/watch?v=p2sgDbN5GBQ
블레어 로즈 Blaire Rose,탬탬버린,탬탬버린님..춘향님...살려주세요.. [봉봉팜 2화],2026-03-01,https://www.youtube.com/watch?v=fdnqbWT9xX0
일루전 ILLUSION,러너,우승 탱커 둥그레가 말도 안되는걸 부탁했습니다...이거 진심인가요? | 오버워치 러너리그 시즌4 EP.02,2026-03-01,https://www.youtube.com/watch?v=MB3yh9VQr6s
금휘,쫀득TV,환승연애 나가려고 이별한 여자,2026-03-01,https://www.youtube.com/watch?v=Dyo9KU6gdK0
악어 유튜브,"너불, 핑맨, 중력유튜브, 만득유튜브, 수닝유튜브",아.. #shorts,2026-03-01,https://www.youtube.com/watch?v=SmaQfA8T9EU
치킨쿤,"빅헤드, 러너",빅헤드를 이기고 치킨쿤마저 이길려고 하는스트리머 상대하기,2026-03-01,https://www.youtube.com/watch?v=MR8lX_t6CN4
루태TV,"양띵 유튜브, 삼식, 서넹, 후추, 콩콩이다, 다주",찐득찐득하다,2026-03-02,https://www.youtube.com/watch?v=iFo_WVDNdco
1분마뫄,러너,나를 열 받게 하는 '그 녀석',2026-03-02,https://www.youtube.com/watch?v=MrVaNkKWRm4
악동 김블루,"채현찌, 금휘, 후추, 백곰파",생방채팅창 폭발한 ‘그녀들과 레전드합방’ 저 진짜 일본 가나요??,2026-03-02,https://www.youtube.com/watch?v=KwM60kWddpQ
장마군,"연비니, 뇨롱이_YouTube, 여까네 유튜브, 앵보",여자 스트리머가 가장 무서워 하는 것,2026-03-02,https://www.youtube.com/watch?v=vYYwhMZoPdQ
두치와뿌꾸,감스트GAMST,피파 감스트랑 놀라버린 이유,2026-03-02,https://www.youtube.com/watch?v=fBnryNj5GCc
강소연 Youtube,디디디용 DDDDragon,스트리머 대회에서 나락가지 않는 방법,2026-03-02,https://www.youtube.com/watch?v=jQqcCtEF-ZI
왈도쿤,델로략국,자신의 전문분야가 나왔을 때,2026-03-02,https://www.youtube.com/watch?v=vX5HMAuQDAw
아라하시 타비 ARAHASHI TABI,아오쿠모 린 AOKUMO RIN,스텔 기강 잡는 나오야 타비 (feat.쿠모린) #shorts #vtuber #타비,2026-03-02,https://www.youtube.com/watch?v=xn33N1cliFU
레드,콩콩이다,"뉴비들 데리고 하드코어 엔더런 1트클, 지금 증명해드립니다 (나말고 쟤가 함)",2026-03-02,https://www.youtube.com/watch?v=qrYfTCvFI6Q
피닉스박,"탬탬버린, 삼식",으아아아!!!!!!!,2026-03-02,https://www.youtube.com/watch?v=_XoFC_8EpOQ
임나은,삼식,"마크에서 ""저돌맹진"" 당한 삼식이💦",2026-03-02,https://www.youtube.com/watch?v=vckoBRxKnqo
일루전 ILLUSION,러너,참을 수 없는 뉴비 냄새를 풍기는 스트리머가 나타났습니다...이 분 괜찮을까요? | 오버워치 러너리그 시즌4 EP.03,2026-03-02,https://www.youtube.com/watch?v=Vd2DmUERFoQ
악어 유튜브,"너불, 핑맨, 중력유튜브, 만득유튜브, 수닝유튜브",나는 틀리지 않았다｜스나이퍼 꼬리잡기,2026-03-02,https://www.youtube.com/watch?v=if7Hj7uxDLY
양띵 유튜브,"삼식, 서넹, 후추, 콩콩이다, 다주, 루태TV",루태를 탓해라!!! - 겨울 산장 탈탈 털기 #3,2026-03-02,https://www.youtube.com/watch?v=XOj_J_7IH1s
뇨롱이_YouTube,YouTube지누,"픽셀 신입, 텃세 돈으로 해결하다 【픽크타2】",2026-03-03,https://www.youtube.com/watch?v=tm-9rfYHnwM
감스트GAMST,두치와뿌꾸,감스트 피파 본캐 모먼트 즐라탄 금카(9경) 붙었습니다!! 개사기입니다..,2026-03-03,https://www.youtube.com/watch?v=wfwaLcbc-9I
나나양,램램,밥 안 먹기로 유명한 3명이랑 팀을 하게 됐다,2026-03-03,https://www.youtube.com/watch?v=IOJu-TThtws
루태TV,"양띵 유튜브, 삼식, 서넹, 후추, 콩콩이다, 다주",진격의 거인,2026-03-03,https://www.youtube.com/watch?v=L8U9l0Sw1MM
악어 유튜브,"너불, 핑맨, 중력유튜브, 만득유튜브, 수닝유튜브",하얗게 불태웠다｜악CK,2026-03-03,https://www.youtube.com/watch?v=SQwYu7gh7JM
시라유키 히나 SHIRAYUKI HINA,"강지, 아라하시 타비 ARAHASHI TABI, 아카네 리제 AKANE LIZE",치매는 인정이지... #cartoon #comic #vtuber #shorts,2026-03-03,https://www.youtube.com/watch?v=L4ZnVIEfS04
양띵 유튜브,"삼식, 서넹, 후추, 콩콩이다, 다주, 루태TV",양띵크루 하코런 평점 떨어트린애,2026-03-03,https://www.youtube.com/watch?v=jiQNhPAiY_4
1분마뫄,러너,보기드문 형님을 만나 신난 순대햄 ㅋㅋㅋㅋㅋ,2026-03-03,https://www.youtube.com/watch?v=lBer3xX-tls
피닉스박,"탬탬버린, 삼식",병사 한 명을 조심하라고?,2026-03-03,https://www.youtube.com/watch?v=2zHcTSzB7I4
중력유튜브,"너불, 핑맨",[마크에이지 리턴즈3 7회차] 어떤 새낄 버릴지?,2026-03-03,https://www.youtube.com/watch?v=WfN99AOhwvU
다주,"양띵 유튜브, 삼식, 서넹, 후추, 콩콩이다",사장님 서버가 너무 재미있어요!!!!!!! (픽크타2 2편),2026-03-03,https://www.youtube.com/watch?v=6K8Tl0N7BIM
잠뜰 TV,공룡,공룡이 상황극 주인공을 못 하는 진짜이유,2026-03-03,https://www.youtube.com/watch?v=5a3M54YuAP8
아오쿠모 린 AOKUMO RIN,"강지, 김뿡, 텐코 시부키 TENKO SHIBUKI, 실프, 행돌, 치킨쿤",코난 안 본 사람,2026-03-03,https://www.youtube.com/watch?v=KNshKjCOMOw
유즈하 리코 YUZUHA RIKO,"강지, 하나코 나나 HANAKO NANA, 이춘향","[속보] 스텔라이브 직원에게 수치심 안겨... 하나코 나나, 눈물을 흘리며 '같은 멤버지만 고발'",2026-03-03,https://www.youtube.com/watch?v=PQOaCsVv17c
쌍튜브,"디디디용 DDDDragon, 강소연 Youtube",※단독※ 강쌍띠용의 소풍왔니 PC 조립 중계 [테라리아(w.강소띠용)],2026-03-03,https://www.youtube.com/watch?v=A_Jca4ofry4
푸린,설백,설백이 파피 챕터5 스피드런 체험시켜줬습니다 ㅋㅋㅋㅋ,2026-03-03,https://www.youtube.com/watch?v=fQOd9zh4EmQ
두치와뿌꾸,감스트GAMST,감스트 본캐 줄 즐라탄에 이어 모먼트 반바 금카 성공 개미쳤다!!,2026-03-04,https://www.youtube.com/watch?v=ACQfvOi_P6s
양띵 유튜브,"삼식, 서넹, 후추, 콩콩이다, 다주",[간식친구] 뚱(이 아빠를)혐 모음집,2026-03-04,https://www.youtube.com/watch?v=FJX-p8KePoQ
악어 유튜브,"너불, 핑맨, 중력유튜브, 만득유튜브, 수닝유튜브",악어가 기절한 이유｜늪지대 노가리,2026-03-04,https://www.youtube.com/watch?v=vvI5_VUqfpQ
일루전 ILLUSION,러너,고인물들 눈 돌아가는 뉴비들이 모인 러너리그...참을 수 없었습니다🥵 | 오버워치 러너리그 시즌4 EP.04,2026-03-04,https://www.youtube.com/watch?v=oYj2WhzW_JE
피닉스박,"탬탬버린, 삼식",머리 쓰지 말라고,2026-03-04,https://www.youtube.com/watch?v=OkRqsM4ffEg
이오몽,T1 Faker,웃음이 페이커급 #shorts,2026-03-04,https://www.youtube.com/watch?v=93V5yNpcFgo
댕균,류제홍 RYUJEHONG,시청자 2만명을 웃고 울게한 역대급 대회,2026-03-04,https://www.youtube.com/watch?v=guYVZG6lGbk
태경 TV,쁘허,쁘허만 노린다고 했더니 반응 ㄷㄷ,2026-03-04,https://www.youtube.com/watch?v=bFRPLfCNvMo
1분마뫄,러너,앞에서만 표독한 새발동 ㅋㅋㅋㅋㅋ,2026-03-04,https://www.youtube.com/watch?v=GBH4f1r5R3Q
따효니DDaHyoNi,"삼식, 강소연 Youtube",꿈의 끝,2026-03-04,https://www.youtube.com/watch?v=BbqvdqJBVMM
루태TV,"양띵 유튜브, 삼식, 서넹, 후추, 콩콩이다, 다주",3D 홀로그램,2026-03-04,https://www.youtube.com/watch?v=ZzVWFuf5eSI
군림보,명예훈장,살아서 받기 힘들다는 미국 명예훈장 받은 준위,2026-03-04,https://www.youtube.com/watch?v=RX-zZUhMuK0
코렛트YouTube,끠끼,끠끼가 예전이랑 달라졌네;; (1월 하이라이트 2부),2026-03-05,https://www.youtube.com/watch?v=BPDGCdPqz3U
다주,"양띵 유튜브, 삼식, 서넹, 후추, 콩콩이다",내가 알던 마크서버가 아니다  (픽크타2 3편),2026-03-05,https://www.youtube.com/watch?v=ZiSieCOtrow
서넹,"양띵 유튜브, 아야츠노 유니 AYATSUNO YUNI, 양아지, 러너",누나한테 서운한 막내 콩콩 ㅋㅋ,2026-03-05,https://www.youtube.com/watch?v=T_zsKmOc5GI
피닉스박,"탬탬버린, 삼식",포획틀 하나만요,2026-03-05,https://www.youtube.com/watch?v=sxfDSpKUr_s
설백,YouTube지누,지누님 이제 죽어요?,2026-03-05,https://www.youtube.com/watch?v=_mqL-ICaYIk
루태TV,"양띵 유튜브, 삼식, 서넹, 후추, 콩콩이다, 다주",초보자 전용 2,2026-03-05,https://www.youtube.com/watch?v=SLcyhqIYzfM
양띵 유튜브,"삼식, 서넹, 후추, 콩콩이다, 다주, 루태TV",[띵무위키] 3D,2026-03-05,https://www.youtube.com/watch?v=NP6CqV7IN70
쫀득TV,원정상,혜찌 ♡ 정상,2026-03-05,https://www.youtube.com/watch?v=YOvVa1MmZuQ
중력유튜브,"너불, 핑맨",[마크에이지 리턴즈3 8회차] 리타 배신자뇬!!!,2026-03-05,https://www.youtube.com/watch?v=HLEAiHCGqeA
악어 유튜브,"너불, 핑맨, 중력유튜브, 만득유튜브, 수닝유튜브",엑스칼리버의 진짜 위력은??? (feat.흑룡) ｜마크에이지 리턴즈3 무기테스트,2026-03-05,https://www.youtube.com/watch?v=eSdGMhZ-ewk
꼬예유 & 한예찬의 게임저장소,플래그,*구버전 1등 vs 신버전 1등* 과연 조선 제일검은 누구인가..!,2026-03-06,https://www.youtube.com/watch?v=CvPwk0H3Jsw
이초홍,"쁘허, 김뿡, 임나은, 채현찌, 다주, 백곰파, 캡틴잭",ㅈ소지만 남들이 ㅈ소라 놀리는 건 참을 수 없다,2026-03-06,https://www.youtube.com/watch?v=KRVd4AqJick
태경 TV,쁘허,쁘허를 괴롭힐 수 있는건 나뿐이다,2026-03-06,https://www.youtube.com/watch?v=ksrKuFyo4qo
이춘향,"김뿡, 탬탬버린",아니!! 탬탬버린님!!!!,2026-03-06,https://www.youtube.com/watch?v=Oa-7pzFYuY8
서넹,양띵 유튜브,치지직 쉰입 버튜버 데뷔,2026-03-06,https://www.youtube.com/watch?v=Y_RDvwxLJf4
유콘,러끼,핑뚝즈가 말아주는 통통꼬리 못참지!!🔥🔥,2026-03-06,https://www.youtube.com/watch?v=DVPVx5ORYEE
희지,하지유,짠🍺선배 금주 중이라고?ㅎ,2026-03-06,https://www.youtube.com/watch?v=IIxQG7BqBvw
하지유,이오몽,미츄 후배가 추는 오몽선배의 영물이다 챌린지!,2026-03-06,https://www.youtube.com/watch?v=M9ErBhrOUVs
양띵 유튜브,"삼식, 서넹, 후추, 콩콩이다, 다주",[간식친구] 서넹 비명 모음집 (feat. 거미 공포),2026-03-06,https://www.youtube.com/watch?v=gDfihgJ9VaM
피닉스박,"탬탬버린, 삼식",똑똑한데 멍청한 사람,2026-03-06,https://www.youtube.com/watch?v=AykdlBjJscU
아쿠루 akuru,"부쿠키, 하지유",부쿠키는 내꺼야!!,2026-03-06,https://www.youtube.com/watch?v=Zy59n-sEdkM
루태TV,"양띵 유튜브, 삼식, 서넹, 후추, 콩콩이다, 다주",천국 모드,2026-03-06,https://www.youtube.com/watch?v=-He8cRzlta4
악어 유튜브,"너불, 핑맨, 중력유튜브, 만득유튜브, 수닝유튜브",마크에이지 리턴즈3 그를 믿을 것인가 13회차 1부 | 악어 마인크래프트 M.C.Age Returns 3,2026-03-06,https://www.youtube.com/watch?v=u4TFEjejiUw
악어 유튜브,"너불, 핑맨, 중력유튜브, 만득유튜브, 수닝유튜브",마크에이지 리턴즈3 그를 믿을 것인가 13회차 2부 | 악어 마인크래프트 M.C.Age Returns 3,2026-03-06,https://www.youtube.com/watch?v=ZLcPc_H5Zn0
쫀득TV,원정상,22년 마술 인생 중 최고의 마술 기술 ;;;;; 진짜 미친 거 아님..?,2026-03-06,https://www.youtube.com/watch?v=7aCCv4TY-z0
다주,"양띵 유튜브, 삼식, 서넹, 후추, 콩콩이다",다들 먹길래 나도 먹는 봄동비빔밥,2026-03-06,https://www.youtube.com/watch?v=wkbW-bnX80M
중력유튜브,"너불, 핑맨",[마크에이지 리턴즈3 9회차] 내 방에서 ㄲㅈ,2026-03-06,https://www.youtube.com/watch?v=mcutGPona7Q
델로략국,얍얍,델리포터와 머저리들의 여정,2026-03-06,https://www.youtube.com/watch?v=YcuxKiA-iQ4
악동 김블루,"쁘허, 백곰파",부키님 오해하지 말아주세요 ( 대형 마크 유튜브 서버 픽크타 1편 ),2026-03-06,https://www.youtube.com/watch?v=H1CyTa83EDQ
삐부찡,탬탬버린,탬탬버린이 합격한 이유 #삐부 #픽셀네트워크 #shorts #샌드박스,2026-03-07,https://www.youtube.com/watch?v=PGViYltrrF0
쫀득TV,원정상,눈이 못 따라가는 카드 올리기 마술...,2026-03-07,https://www.youtube.com/watch?v=vVaMCuzVW1M
탬탬버린,김뿡,【 탬탬버린 】 - 마지막 날 그녀에게 받은 선물.. 근데 이거  페이트 안보고도 이정도의 감정선이라면 본 다음에 다시부르면 더 쩔겟다 그쵸,2026-03-07,https://www.youtube.com/watch?v=a4uzbTMjmn4
양띵 유튜브,"삼식, 서넹, 후추, 콩콩이다, 다주, 루태TV",📢거지단 집합!!! 우리의 작전명은 XX다. - 겨울 산장 탈탈 털기 #4,2026-03-07,https://www.youtube.com/watch?v=wvhoHCaWyzg
연비니,꽃핀,오늘부터 시작..?💕,2026-03-07,https://www.youtube.com/watch?v=6Nf6Q1t5K90
서넹,양띵 유튜브,버튜버 페이셜 테스트,2026-03-07,https://www.youtube.com/watch?v=YXAheuFtsqI
후추,양띵 유튜브,얼마나 성공 하고 싶은지 감도 안옴,2026-03-07,https://www.youtube.com/watch?v=YzTTl5i0Cts
피닉스박,"탬탬버린, 삼식",안전하게 모시겠습니다,2026-03-07,https://www.youtube.com/watch?v=dsmhwR_1ZUA
시라유키 히나 SHIRAYUKI HINA,네네코 마시로 NENEKO MASHIRO,오잉 왜 쳐다보지,2026-03-07,https://www.youtube.com/watch?v=Q9aELB7xvW0
다주,"양띵 유튜브, 삼식, 서넹, 후추, 콩콩이다",늘어나는 신규주민과 다주의 통나무 (픽크타2 4편),2026-03-07,https://www.youtube.com/watch?v=4jnQR_JnfGc
악어 유튜브,"너불, 핑맨, 중력유튜브, 만득유튜브, 수닝유튜브",마크에이지 리턴즈3 미친 공성법 13회차 3부 | 악어 마인크래프트 M.C.Age Returns 3,2026-03-07,https://www.youtube.com/watch?v=nPn1MeS7SjQ
멋사유튜브,"너불, 뇨롱이_YouTube, 장마군","국산이야, 중국산이야?",2026-03-07,https://www.youtube.com/watch?v=Ts784OTu4lo
원정상,쫀득TV,저희 결혼합니다.,2026-03-07,https://www.youtube.com/watch?v=Wt_uwZz4Bsw
하지유,"아쿠루 akuru, 부쿠키",쿠키선배랑 데이트할 사람은 나야,2026-03-07,https://www.youtube.com/watch?v=CghO8KvHXFI
실프,강지,너네 강지한테 이를거야...! [봉봉팜 4편],2026-03-07,https://www.youtube.com/watch?v=HYEizh-Bagc
마젯 Mazet,"이오몽, 미녕이데려오깨, 위도 W2RDØ","미츄, 치지직 이적 방송 비하인드썰ㅋㅋ",2026-03-07,https://www.youtube.com/watch?v=59osjzjDsvA
악동 김블루,"쁘허, 백곰파, 명예훈장, 캡틴잭",‘로스트아크 + 포켓몬’을 합친 역대급 서버.. 마인크래프트에 2억원을 썼다고??,2026-03-07,https://www.youtube.com/watch?v=aLOQsW7so9U
텐코 시부키 TENKO SHIBUKI,"악동 김블루, 백곰파",아...아빠...? 아니 엄마...?,2026-03-07,https://www.youtube.com/watch?v=9ab9NMsQfPY
루태TV,"양띵 유튜브, 삼식, 서넹, 후추, 콩콩이다, 다주",아이언맨 슈트,2026-03-07,https://www.youtube.com/watch?v=uN1gHfk1dZM
악어 유튜브,"너불, 핑맨, 중력유튜브, 만득유튜브, 수닝유튜브",마크에이지 리턴즈3 미친 공성법 13회차 4부(완결)| 악어 마인크래프트 M.C.Age Returns 3,2026-03-07,https://www.youtube.com/watch?v=GurqrxjuoTw
강지,"YouTube지누, 너불",이 맛에 딸랑구들 키웁니다~,2026-03-07,https://www.youtube.com/watch?v=9u8ltuTC22M
나나양,너불,픽셀식 잡도리에 놀란 샌드박스 여러분,2026-03-08,https://www.youtube.com/watch?v=nF5rdjfN374
여까네 유튜브,왈도쿤,전국 너나 해 선수권 대회 ┃ 여까 라디오 하이라이트,2026-03-08,https://www.youtube.com/watch?v=O_ELXfSY8cc
레드,콩콩이다,청소는 사실 핑계고 네명이서 시종일관 노가리만 깝니다 [파워워시 시뮬레이터 2],2026-03-08,https://www.youtube.com/watch?v=FC7IthcFWM4
일루전 ILLUSION,러너,러너리그에서는 볼 수 없는 영웅이 나왔습니다...아니 이거 러너리그급 아닌데? | 오버워치 러너리그 시즌4 EP.05,2026-03-08,https://www.youtube.com/watch?v=i3HytCqyI5c
다주,"양띵 유튜브, 삼식, 서넹, 후추, 콩콩이다",모통알 : 모험을 통해 알아가세요 (픽크타2 5편),2026-03-08,https://www.youtube.com/watch?v=gJaFtMMe8Nw
쫀득TV,원정상,순간 이동하는 레전드 카드 마술...,2026-03-08,https://www.youtube.com/watch?v=6hJybr_cZD8
피닉스박,"탬탬버린, 삼식","많이 성장했구나, 하산하거라",2026-03-08,https://www.youtube.com/watch?v=yWqHoUrMRMY
김뿡,YouTube지누,지누형 통장 텅텅서버 [김뿡],2026-03-08,https://www.youtube.com/watch?v=YHENPp_EXT0
루태TV,"양띵 유튜브, 삼식, 서넹, 후추, 콩콩이다, 다주",레이 트레이싱,2026-03-08,https://www.youtube.com/watch?v=Mt4aJiQZmeE
양띵 유튜브,"삼식, 서넹, 후추, 콩콩이다, 다주, 루태TV",🤯양띵 뇌하수체 터지기 1초 전  - 겨울 산장 탈탈 털기 #5,2026-03-08,https://www.youtube.com/watch?v=FwNDMeOUYz4
부쿠키,"아쿠루 akuru, 하지유",【속보】  천사와 악마가 나를 노린다... 👼👿,2026-03-08,https://www.youtube.com/watch?v=Uyscn0r9o3o
강지,"실프, 악녀, 노돌리",악녀와 손절했을 수도 있습니다,2026-03-08,https://www.youtube.com/watch?v=HjjY5HCLWa4
임나은,강지,후욱 후욱... 강지언니...!!!!!!!!!!!!!,2026-03-08,https://www.youtube.com/watch?v=D5zF2a9fLfw
하나코 나나 HANAKO NANA,레드,셀프 탈룰라를 해버렸던 썰.. [핫클립],2026-03-08,https://www.youtube.com/watch?v=N1FMiO23pkM
악어 유튜브,"너불, 핑맨, 중력유튜브, 만득유튜브, 수닝유튜브",아니 블숨에서는 숨으라니까.......,2026-03-08,https://www.youtube.com/watch?v=VczGLUWeFW4
머독,"수탉, 끠끼",이거 우정잉 신발인가요?ㅎ,2026-03-08,https://www.youtube.com/watch?v=BeQwsURbVSk
연비니,유콘,2주년 기념 데뷔영상 다시보기..?,2026-03-09,https://www.youtube.com/watch?v=PtntFp_zrQA
이초홍,"YouTube지누, 김뿡, 텐코 시부키 TENKO SHIBUKI, 유즈하 리코 YUZUHA RIKO, 김똘복, 행돌, 백곰파, 이춘향, 피닉스박",이분이 족장님이셔? [픽크타2],2026-03-09,https://www.youtube.com/watch?v=KdnHZK6GhA8
쫀득TV,푸린,파피5 40분 클리어 타임의 미친 고인물 푸린;;;; 레전드네 진짜,2026-03-09,https://www.youtube.com/watch?v=cdgFAqN5jYc
루태TV,"양띵 유튜브, 삼식, 서넹, 후추, 콩콩이다, 다주",도감 채우기,2026-03-09,https://www.youtube.com/watch?v=w6ZdduCIGMQ
양띵 유튜브,"삼식, 서넹, 후추, 콩콩이다, 다주, 루태TV",치열한 꼴등 대전ㅋㅋㅋ - 겨울 산장 탈탈 털기 #6 *완결*,2026-03-09,https://www.youtube.com/watch?v=MKzYbsOvyf4
악어 유튜브,"YouTube지누, 너불, 핑맨, 중력유튜브, 만득유튜브, 수닝유튜브",제작비 '3억' 서버에서 도태된 나｜픽크타2,2026-03-09,https://www.youtube.com/watch?v=lbvg5Q7rrSk
쫀득TV,원정상,벽 느껴지는 마술,2026-03-09,https://www.youtube.com/watch?v=hu_zJpeqFwo
일루전 ILLUSION,러너,쓸 데 있어서 알아두면 좋은 오버워치 힐러 꿀팁 몇 개 모아봤습니다 | 러너리그 시즌4 외전,2026-03-09,https://www.youtube.com/watch?v=XNPHojhzFWA
아카네 리제 AKANE LIZE,강지,우리 엄마랑 결혼하고 싶다고?,2026-03-09,https://www.youtube.com/watch?v=WNq7A59aBs8
부쿠키,빅헤드,내향인 빅헤드 기빨아먹기,2026-03-09,https://www.youtube.com/watch?v=c8bBl46zdOk
악어 유튜브,"너불, 핑맨, 중력유튜브, 만득유튜브, 수닝유튜브",플랫폼 논란 #shorts,2026-03-09,https://www.youtube.com/watch?v=7FTChOfL0-Q
코아 TV,꼬예유 & 한예찬의 게임저장소,⚡핑구&너드/씬쌩&냥찌/꼬예유&라장/현삔&냐코/소멸&길냥⚡2차 제자대전 시작하겠습니다 ㅋㅋ,2026-03-09,https://www.youtube.com/watch?v=pWW_G3CmRDI
러끼,윤이샘,성인이 된 '윤이샘'을 만났다,2026-03-09,https://www.youtube.com/watch?v=HBTcNcUCGRE
쌍튜브,"디디디용 DDDDragon, 강소연 Youtube",드디어 4명이 다 모임 [테라리아(w.강소띠용)],2026-03-09,https://www.youtube.com/watch?v=6E89lIikrM4
따효니DDaHyoNi,Youtube고차비,너라고 부를게,2026-03-09,https://www.youtube.com/watch?v=_RBcdHCgtgI
루태TV,"양띵 유튜브, 삼식, 서넹, 후추, 콩콩이다, 다주",뭉치면 살고 흩어지면 죽는다,2026-03-10,https://www.youtube.com/watch?v=FcXMpy_G7xM
나나양,램램,파멸적인 단어 선택... '올드걸',2026-03-10,https://www.youtube.com/watch?v=MQ4EzmgLpyc
이춘향,다주,흑수정 메이드,2026-03-10,https://www.youtube.com/watch?v=VrMU3JSoTR8
일루전 ILLUSION,러너,참가자들에게 감독 어필할 기회가 왔습니다...절 뽑아주세요 | 오버워치 러너리그 시즌4 EP.06 [모의내전],2026-03-10,https://www.youtube.com/watch?v=SPczeA_2PPc
악어 유튜브,"너불, 핑맨, 중력유튜브, 만득유튜브, 수닝유튜브",돌아온 악어의 야생 생존기 ｜하드코어 야생 생존기,2026-03-10,https://www.youtube.com/watch?v=97oVe_pi8_w
양띵 유튜브,"YouTube지누, 삼식, 서넹, 후추, 콩콩이다, 다주, 루태TV",셀프 고려장 - 픽크타2,2026-03-10,https://www.youtube.com/watch?v=w60imN-N6-w
아라하시 타비 ARAHASHI TABI,"악동 김블루, 강지",수상할 정도로 사장님 남친 조건에 딱 맞는 아빠(?),2026-03-10,https://www.youtube.com/watch?v=dg4tUtpHEWQ
태경 TV,쁘허,고퀄 인형뽑기 게임?! 쁘허에게 인형선물을 해주려는데 혼자서 운 대박이 터진 쁘허 -_- (로블록스),2026-03-10,https://www.youtube.com/watch?v=WhZaJLxHUjk
다주,"양띵 유튜브, 삼식, 서넹, 후추, 콩콩이다",오랜만에 등장한 흑삐부  (픽크타2 6편),2026-03-10,https://www.youtube.com/watch?v=ntsdTbLARu8
뇨롱이_YouTube,"나나양, 이초홍",나나양님은 완전히 멘탈이 나가버렸습니다 【픽셀 / 미메시스】,2026-03-10,https://www.youtube.com/watch?v=sJzknro_Esc
시라유키 히나 SHIRAYUKI HINA,"아라하시 타비 ARAHASHI TABI, 아카네 리제 AKANE LIZE, 네네코 마시로 NENEKO MASHIRO",음 평소의 유니버스군,2026-03-10,https://www.youtube.com/watch?v=LouderrDr8s
아오쿠모 린 AOKUMO RIN,"텐코 시부키 TENKO SHIBUKI, 유즈하 리코 YUZUHA RIKO, 하나코 나나 HANAKO NANA",'키뇨피오',2026-03-10,https://www.youtube.com/watch?v=ZVxegeYsRGo
쫀득TV,원정상,소름 돋는 카드 예언 마술,2026-03-10,https://www.youtube.com/watch?v=Wm9kd1dGf2o
강소연 Youtube,"디디디용 DDDDragon, 포포포포 POPOPOPO",회사생활이 ㅈ같으면 때려치고 인챈트로 와!,2026-03-11,https://www.youtube.com/watch?v=eXHM1KP3mUw
하나코 나나 HANAKO NANA,YouTube지누,아 위대한 '시부키' 족장님이요?ㅋㅋㅋㅋ,2026-03-11,https://www.youtube.com/watch?v=TCGHEveSSkg
악어 유튜브,"너불, 핑맨, 중력유튜브, 만득유튜브, 수닝유튜브",그 녀석들｜픽크타2,2026-03-11,https://www.youtube.com/watch?v=w63R8x5Unqw
양띵 유튜브,"삼식, 서넹, 후추, 콩콩이다, 다주",[간식친구] (눈)꽃♥(후)추 듀오,2026-03-11,https://www.youtube.com/watch?v=lIIq5dMXHiw
끠끼,YouTube지누,김진우님이랑 '2년만에' 만나자마자 생긴 일ㅋㅋㅋㅋㅋㅋ,2026-03-11,https://www.youtube.com/watch?v=glYt7DbudQs
유즈하 리코 YUZUHA RIKO,이춘향,미러전 #vtuber #shorts #스텔라이브 #리코 #용사툰,2026-03-11,https://www.youtube.com/watch?v=1jt_8ACgwus
쫀득TV,원정상,22년 경력 마술사의 제일 어려운 카드 마술,2026-03-11,https://www.youtube.com/watch?v=QP4lhhaHYAY
멋사유튜브,"탬탬버린, 설백, 너불",제발 여기서 나가게 해주세요...,2026-03-11,https://www.youtube.com/watch?v=cpYtlIgy-Eo
강지,백곰파,오늘은 너로 정했다 곰파야...ㅋㅋ,2026-03-11,https://www.youtube.com/watch?v=B22HAZkjXCI
루태TV,"양띵 유튜브, 삼식, 서넹, 후추, 콩콩이다, 다주",찰칵,2026-03-11,https://www.youtube.com/watch?v=65MO2bsuqa0
푸린,연비니,16시간 걸린 연비니한테 스피드런 체험 시켜줬습니다 ㅋㅋㅋㅋ,2026-03-11,https://www.youtube.com/watch?v=e4wccTfbxMU
악동 김블루,"연비니, 백곰파, 장마군",캐리했지만 접으라는 ‘배그 클랜 실세 백곰파님’ 죄송합니다 ㅠㅠ ..,2026-03-11,https://www.youtube.com/watch?v=fT76fPEJFBM
아카네 리제 AKANE LIZE,"탬탬버린, 백곰파, 빅헤드, 노돌리",그게 무슨 소리니 리제리제야,2026-03-11,https://www.youtube.com/watch?v=yPWzRN_gmZI
태경 TV,쁘허,쁘허가 아프면.. 태경반응,2026-03-12,https://www.youtube.com/watch?v=k9o6kaDP_g8
쫀득TV,원정상,원하는대로 찾아주는 마술ㄷㄷ,2026-03-12,https://www.youtube.com/watch?v=L1HHSI9pmFc
태경 TV,쁘허,쁘허를 돼지라고 마구 놀렸더니 신화 등급의 돼지를 뽑아버린 쁘허 ㄷㄷ [🐷] 돼지 (로블록스),2026-03-12,https://www.youtube.com/watch?v=hwMak5cbbtE
양띵 유튜브,"YouTube지누, 삼식, 서넹, 후추, 콩콩이다, 다주, 루태TV",하루종일 헤매고 구걸하는 사람 - 픽크타2,2026-03-12,https://www.youtube.com/watch?v=Vw9UROpgZ4Y
여까네 유튜브,왈도쿤,버튜버 RP 헌터 통깡이 ┃ 여까 라디오 하이라이트,2026-03-12,https://www.youtube.com/watch?v=bcdVTwLN_Uo
루태TV,"양띵 유튜브, 삼식, 서넹, 후추, 콩콩이다, 다주",몬스터 엑스레이,2026-03-12,https://www.youtube.com/watch?v=ssKOAFowuZc
러끼,"윤이샘, 이무지, 이오몽","⚠️ 도파민주의⚠️ 윤이샘이 결국 '이오몽, 이무지'를 만났다",2026-03-12,https://www.youtube.com/watch?v=Pz2dEA0bXuU
시라유키 히나 SHIRAYUKI HINA,강지,정강지를 향한 단체 멘헤라,2026-03-12,https://www.youtube.com/watch?v=Tm8Z0RgISlg
소니쇼게임방송,Bang,당신 아직 죄인 아닙니다. 고개 드세요 맥도날드 사장님.,2026-03-12,https://www.youtube.com/watch?v=iz-W0ThmJNM
다주,"양띵 유튜브, 삼식, 서넹, 후추, 콩콩이다",던전을 클리어하지 못하는 이유는? (픽크타2 7편),2026-03-12,https://www.youtube.com/watch?v=vV01-Xh9h6w
악동 김블루,"김뿡, 백곰파",배틀그라운드 9주년!! 보급을 주는 전설의 NPC 업데이트ㅋㅋㅋ,2026-03-12,https://www.youtube.com/watch?v=Ykhb3jOJx-s
악어 유튜브,"너불, 핑맨, 중력유튜브, 만득유튜브, 수닝유튜브",역대급 밸런스 패치｜마크에이지 리턴즈3 무기테스트,2026-03-12,https://www.youtube.com/watch?v=O6q88EOXcmo
강소연 Youtube,"디디디용 DDDDragon, 포포포포 POPOPOPO",누가 더 잘난 인생을 살까? 인생게임 스타트!,2026-03-12,https://www.youtube.com/watch?v=mjKpNKqt-9c
악어 유튜브,"너불, 핑맨, 중력유튜브, 만득유튜브, 수닝유튜브",마크에이지 리턴즈3 양자택일 14회차 1부 | 악어 마인크래프트 M.C.Age Returns 3,2026-03-13,https://www.youtube.com/watch?v=eyzby9TLXSs
양띵 유튜브,"삼식, 서넹, 후추, 콩콩이다, 다주",[간식친구] 양띵만의 작은 루태,2026-03-13,https://www.youtube.com/watch?v=PZ30HeohHFI
류으미,코시,둠피 전문가(아님)한테 둠피 배우기(아님),2026-03-13,https://www.youtube.com/watch?v=Ry1SSJbBZxo
나나양,러너,가방끈이 긴만큼 성격이 나쁜 사람,2026-03-13,https://www.youtube.com/watch?v=oQy6EwBhB6c
악어 유튜브,"너불, 핑맨, 중력유튜브, 만득유튜브, 수닝유튜브",마크에이지 리턴즈3 양자택일 14회차 2부 | 악어 마인크래프트 M.C.Age Returns 3,2026-03-13,https://www.youtube.com/watch?v=I7geCIqpZD4
이초홍,"임나은, 행돌, 연비니, 금사향, 뇨롱이_YouTube, 사모장",얘들아 같이 가자고 했자나... [픽크타2],2026-03-13,https://www.youtube.com/watch?v=wvxsZ3YJEVo
댕균,"악녀, 얍얍","내 자리를 넘보는 놈 (w.이도원,악녀,로빈)",2026-03-13,https://www.youtube.com/watch?v=Z9GLjtOhPtM
쫀득TV,원정상,말하는 그대로 나오는 마술,2026-03-13,https://www.youtube.com/watch?v=ixWGMAnZo3A
아오쿠모 린 AOKUMO RIN,"텐코 시부키 TENKO SHIBUKI, 유즈하 리코 YUZUHA RIKO, 하나코 나나 HANAKO NANA",거지린,2026-03-13,https://www.youtube.com/watch?v=GTxc9uElb1M
태경 TV,쁘허,대답 못하면 목숨이 날아가는날.. 쁘허의 기념일 맞추기 (?!) (로블록스),2026-03-13,https://www.youtube.com/watch?v=NasRjlFt9y8
유즈하 리코 YUZUHA RIKO,"강지, 다주",평균 나이 31세 스텔라이브 4기생,2026-03-13,https://www.youtube.com/watch?v=4UcMthu2Bc0
감스트GAMST,두치와뿌꾸,감스트 피파4 벌써 구단가치 1등? 2천만원 현질 초대박 떴습니다!!,2026-03-13,https://www.youtube.com/watch?v=v2cTtkK38EM
여까네 유튜브,"델로략국, 왈도쿤",아들~ 엄마가 건담 사왔다 ┃ 건담 맞추기 하이라이트 #1,2026-03-13,https://www.youtube.com/watch?v=S0NhV0EaR-0
루태TV,"양띵 유튜브, 삼식, 서넹, 후추, 콩콩이다, 다주",집 짓기,2026-03-13,https://www.youtube.com/watch?v=ZC6KtVaR7cc
마젯 Mazet,세노,미츄 최고의 마케터 #shorts,2026-03-13,https://www.youtube.com/watch?v=yLAydEPStoI
강소연 Youtube,"디디디용 DDDDragon, 포포포포 POPOPOPO",노딱 때문에 제목을 못 적겠어요 -편집자-,2026-03-13,https://www.youtube.com/watch?v=PQrn4cOag8s
악어 유튜브,"너불, 핑맨, 중력유튜브, 만득유튜브, 수닝유튜브",마크에이지 리턴즈3 산적과 해적 14회차 3부 | 악어 마인크래프트 M.C.Age Returns 3,2026-03-14,https://www.youtube.com/watch?v=1jbagX5fT78
웁TV,공룡,60명의 원시인들과 위험천만 공룡시대 생존기!  - 《아크 어센디드: 원소 종족 1화》🦖,2026-03-14,https://www.youtube.com/watch?v=GVztHX-O4iQ
강지,악녀,내 새끼들이 가장 경계해야 될 스트리머,2026-03-14,https://www.youtube.com/watch?v=Y73q-697RdE
아구 TV,이오몽,이오몽과 삼국전기,2026-03-14,https://www.youtube.com/watch?v=M2X9hy6alKU
악어 유튜브,"너불, 핑맨, 중력유튜브, 만득유튜브, 수닝유튜브",마크에이지 리턴즈3 산적과 해적 14회차 4부(완결) | 악어 마인크래프트 M.C.Age Returns 3,2026-03-14,https://www.youtube.com/watch?v=tJayO9voXWI
이춘향,이초홍,불안해!! 불안해!! 티뭉아!!! 나야 ㅇㅊㅎ!!!,2026-03-14,https://www.youtube.com/watch?v=oqs2FSEbNqk
네네코 마시로 NENEKO MASHIRO,아오쿠모 린 AOKUMO RIN,메이드지상주의 [メイド☆至上主義]ㅣ네네코 마시로 x 아오쿠모 린 Cover,2026-03-14,https://www.youtube.com/watch?v=5uOxZswwBx4
연비니,"악동 김블루, 백곰파, 장마군",곰파님 고소 증거 영상 감사합니다...?!,2026-03-14,https://www.youtube.com/watch?v=0dQki-ZXXcY
태경 TV,쁘허,쁘허 성불의 날.. 태경에게 현실갱 뽀뽀를 받다…(로블록스),2026-03-14,https://www.youtube.com/watch?v=BDlzWm3j6Zo
치킨쿤,"빅헤드, 부쿠키",같이 에펙 해주는 예쁜 누나,2026-03-14,https://www.youtube.com/watch?v=mCJSUu2zThk
마레플로스,여까네 유튜브,여까님 당신 이거 처음 아니지?!,2026-03-14,https://www.youtube.com/watch?v=jOljBmkBXns
다주,"양띵 유튜브, 삼식, 서넹, 후추, 콩콩이다",우리의 새로운 파티원(이라쓰고 짐덩이)  픽크타2 8편,2026-03-14,https://www.youtube.com/watch?v=mrMMMIBs7S0
시라유키 히나 SHIRAYUKI HINA,"아라하시 타비 ARAHASHI TABI, 아카네 리제 AKANE LIZE, 네네코 마시로 NENEKO MASHIRO",시로야시로야시로야시로야... 그치만 괜찮아 시로니까,2026-03-14,https://www.youtube.com/watch?v=7igEOq6Cxhk
루태TV,"양띵 유튜브, 삼식, 서넹, 후추, 콩콩이다, 다주",마술 연필,2026-03-14,https://www.youtube.com/watch?v=BTMGhj1LbTQ
악동 김블루,코렛트YouTube,김블루를 보고 방송을 시작한 SOOP 인기버튜버 ( 코렛트님 질투하지 마세요ㅋㅋㅋ ),2026-03-14,https://www.youtube.com/watch?v=l6DyhbyPNpY
러끼,윤이샘,윤이샘이 '고추무새'가 되어버렸다🌶️,2026-03-14,https://www.youtube.com/watch?v=XrLyxqsChQw
양띵 유튜브,"삼식, 서넹, 후추, 콩콩이다, 다주, 루태TV",[멤버십 맛보기] 똑. 똑. 똑. 저기 서버 문 좀 열어주세요,2026-03-14,https://www.youtube.com/watch?v=9vqReQWJTDA
쫀득TV,원정상,일반인과 마술사의 손가락 마술 차이ㅋㅋㅋㅋ,2026-03-14,https://www.youtube.com/watch?v=Wsfjc433TgE
후추,양띵 유튜브,설날이고 뭐고 싹다 엎어벌라👿,2026-03-14,https://www.youtube.com/watch?v=yY_NpSg7_48
악어 유튜브,"너불, 핑맨, 중력유튜브, 만득유튜브, 수닝유튜브",얼른 낳아줘(?) #shorts,2026-03-15,https://www.youtube.com/watch?v=-WNyQYGG_Gk
따효니DDaHyoNi,채현찌,저는 꺼드럭을 못 참는 병이 있어요,2026-03-15,https://www.youtube.com/watch?v=osHH5pXK8PY
강지,"탬탬버린, 임나은, 레드",픽셀식 사형 선고,2026-03-15,https://www.youtube.com/watch?v=68do9FKsaxA
일루전 ILLUSION,러너,모두가 기피하는 힐러 1위?? 제가 당장 구출해드리겠습니다 | 오버워치 러너리그 시즌4 EP.07 [엘시],2026-03-15,https://www.youtube.com/watch?v=8PlG_TnJpr0
다주,"양띵 유튜브, 삼식, 서넹, 후추, 콩콩이다",마인크래프트에서 이정도의 레이드를? (픽크타2 9편),2026-03-15,https://www.youtube.com/watch?v=V27czI1hDaE
담유이 DamYui,러너,[러너리그4] 그런데 그때 담유이가 나타났다...,2026-03-15,https://www.youtube.com/watch?v=JIR1qjcbRuo
악어 유튜브,"너불, 핑맨, 중력유튜브, 만득유튜브, 수닝유튜브",신들의 전쟁 : 미사일 특집,2026-03-15,https://www.youtube.com/watch?v=TPAcLr1nXqQ
루태TV,"양띵 유튜브, 삼식, 서넹, 후추, 콩콩이다, 다주",리소스팩,2026-03-15,https://www.youtube.com/watch?v=rqk22dl_zZE
푸린,"악녀, 꽃핀, 왈도쿤, 유콘, 치킨쿤, 앵보",오타쿠를 3초만에 화나게 하는 방법,2026-03-15,https://www.youtube.com/watch?v=zgZnfX6VnTA
유콘,Hyang Ah Chi 향아치,고증악귀 '향아치'도 인정한 한복 신의상 평가!!🔥,2026-03-15,https://www.youtube.com/watch?v=31FkPHojCVY
아라하시 타비 ARAHASHI TABI,사키하네 후야 SAKIHANE HUYA,카드 게임인데 글 안 읽어서 화나시나용?ㅋㅋ [슬더스2],2026-03-15,https://www.youtube.com/watch?v=ABnt1KiDU2E
텐코 시부키 TENKO SHIBUKI,"강지, 악녀",사장님도 못말리는 유일한 친구,2026-03-15,https://www.youtube.com/watch?v=nhrcn6yK5F8
아카네 리제 AKANE LIZE,후추,기수제가 괜히 있는 거 같냐?,2026-03-15,https://www.youtube.com/watch?v=EENcX8pFpf8
플래그,파이브,“ㄱ”을 말하면 죽는 마인크래프트,2026-03-15,https://www.youtube.com/watch?v=j1l7G1DAjeA
양띵 유튜브,"삼식, 서넹, 후추, 콩콩이다, 다주, 루태TV",장희빈이 될 거야,2026-03-15,https://www.youtube.com/watch?v=mNdIt_AlDDw
서넹,양띵 유튜브,집 안에서 부적을 발견했다..😱,2026-03-15,https://www.youtube.com/watch?v=8vdvzF8xNzk
연비니,푸린,내가 못 하는게 아니라 게임이 어려운거야!!,2026-03-16,https://www.youtube.com/watch?v=4r6_9tpV2b0
두치와뿌꾸,감스트GAMST,감스트 VS 챗GPT ㅋㅋㅋㅋFSL 개웃김,2026-03-16,https://www.youtube.com/watch?v=Y_RSBzxiQ_M
채현찌,"YouTube지누, 김뚜띠, 너불",가ㅈ같은 회사 ❤️,2026-03-16,https://www.youtube.com/watch?v=Tlg38Wd03Qg
양띵 유튜브,"삼식, 서넹, 후추, 콩콩이다, 다주","[간식친구] 콩콩의 ""지영아~"" 모음집",2026-03-16,https://www.youtube.com/watch?v=CvoBaG-2UW8
멋사유튜브,장마군,우리... 이제 건강하지 말까?,2026-03-16,https://www.youtube.com/watch?v=3UIQILzGZXM
코렛트YouTube,YouTube지누,지누가 여자를 또 울리다니...,2026-03-16,https://www.youtube.com/watch?v=vf5oVsSLD7o
악어 유튜브,"너불, 핑맨, 중력유튜브, 만득유튜브, 수닝유튜브",너불이는 치요가 밉다｜품멜파티,2026-03-16,https://www.youtube.com/watch?v=sfCN9hdANx0
쫀득TV,원정상,언제 이동하는지도 모르는 마술,2026-03-16,https://www.youtube.com/watch?v=eTGeDpIiIns
탬탬버린,"삼식, 피닉스박",【 탬탬버린 】 - 이렇게라도 돈을 벌 수 있다면.....,2026-03-16,https://www.youtube.com/watch?v=ZzWYw0hQYdk
이초홍,"탬탬버린, 행돌, 뇨롱이_YouTube",산타 강도야! [픽크타2],2026-03-16,https://www.youtube.com/watch?v=NNQUw-GH6lQ
태경 TV,쁘허,소원 들어준다니까 진심모드 발동한 쁘허 VS 막으려는자 태경 ㅋㅋㅋㅋ (로블록스),2026-03-17,https://www.youtube.com/watch?v=qKy2aPmojow
아오쿠모 린 AOKUMO RIN,"탬탬버린, 텐코 시부키 TENKO SHIBUKI, 유즈하 리코 YUZUHA RIKO, 하나코 나나 HANAKO NANA",음악의 악마 강림 [핫클립],2026-03-17,https://www.youtube.com/watch?v=tBH5TM6Fplw
다주,"양띵 유튜브, 삼식, 서넹, 후추, 콩콩이다",레이드보다 구걸을 더 잘하는 사람들 (픽크타2 10편),2026-03-17,https://www.youtube.com/watch?v=rZ1BR0ExSBE
쫀득TV,새옴,새옴의 겨드랑이ㅋㅋㅋㅋㅋㅋㅋㅋㅋ,2026-03-17,https://www.youtube.com/watch?v=Yko_f2FR5UA
쫀득TV,원정상,양말로 이동하는 카드ㅋㅋㅋㅋㅋㅋㅋㅋㅋㅋㅋㅋㅋㅋㅋ,2026-03-17,https://www.youtube.com/watch?v=c0UKEanxHbM
시라유키 히나 SHIRAYUKI HINA,아카네 리제 AKANE LIZE,ray - 초(超) 카구야 공주! Ver. / BUMP OF CHICKEN | 시라유키 히나 x 아카네 리제 Cover,2026-03-17,https://www.youtube.com/watch?v=UcFBb927-kU
악어 유튜브,"너불, 핑맨, 중력유튜브, 만득유튜브, 수닝유튜브",대환장 파티｜5시간 방해 점프맵,2026-03-17,https://www.youtube.com/watch?v=X1I-Tez3yps
너불,금사향,별론데?,2026-03-17,https://www.youtube.com/watch?v=5VrfikVK_y0
유즈하 리코 YUZUHA RIKO,강지,스텔 10자매 강지네 막내딸,2026-03-17,https://www.youtube.com/watch?v=vth1Xz_EZ88
루태TV,"양띵 유튜브, 삼식, 서넹, 후추, 콩콩이다, 다주",피규어,2026-03-17,https://www.youtube.com/watch?v=qwDDmkGttrI
포피셜,세노,어비스 던전 지평의 성당 3단계 클리어 영상[아르세노스] (초심배마 시점) - 포셔의 로스트아크 레이드,2026-03-18,https://www.youtube.com/watch?v=4JMFLR3H0Io
연비니,푸린,푸린 스피드런에 박탈감 느끼기 ON,2026-03-18,https://www.youtube.com/watch?v=fiq5BPhAzNU
시라유키 히나 SHIRAYUKI HINA,"탬탬버린, 삼식, 피닉스박",1번 독수리 내려!!!!!!!!!!!!!!!!! #vtuber #shorts,2026-03-18,https://www.youtube.com/watch?v=kGRJHJXPn8I
1분마뫄,서넹,기습 서넹의 나락방어전 ㅋㅋㅋㅋㅋ,2026-03-18,https://www.youtube.com/watch?v=s696-aVh1Ts
노돌리,다주,다주 너 재능있어ㅣ픽크타2 #6,2026-03-18,https://www.youtube.com/watch?v=clm22zqhjm4
